pl_name,hostname,pl_rade,pl_masse,pl_orbper,pl_orbsmax,pl_eqt,pl_insol,st_teff,st_mass,st_rad,sy_snum,sy_pnum,discoverymethod,disc_year
"HD 2039 b","HD 2039",12.70000000,,1120.00000000000,2.2000000000,210.84,0.3229,5945.00,1.230000,1.190000,1,1,"Radial Velocity",2002
"HAT-P-8 b","HAT-P-8",15.69260000,4.06822400000000e+02,3.07634000000,0.0449600000,1713.00,1519.9645,6200.00,1.270000,1.570000,3,1,"Transit",2008
"K2-43 b","K2-43",4.51000000,,3.47114900000,0.0378400000,939.30,49.0000,3840.60,0.571000,0.542000,1,2,"Transit",2016
"Kepler-1753 b","Kepler-1753",2.22678077,,16.00460052000,0.1179000000,583.00,27.4100,5180.00,0.860000,0.769000,1,1,"Transit",2021
"Kepler-1176 b","Kepler-1176",2.45000000,,24.17385790000,0.1589000000,595.00,26.0870,5844.00,1.010000,1.020000,1,1,"Transit",2016
"K2-126 b","K2-126",1.97000000,,7.38565500000,0.0656000000,601.00,35.3000,4339.00,0.690000,0.650000,1,1,"Transit",2017
"Kepler-1263 b","Kepler-1263",1.14000000,,4.55139967000,0.0499000000,907.00,144.8130,5213.00,0.840000,0.800000,1,1,"Transit",2016
"Kepler-1416 b","Kepler-1416",0.88000000,,1.49514952000,0.0257000000,1870.00,2658.5500,6019.00,1.090000,1.150000,1,1,"Transit",2016
"Kepler-1542 c","Kepler-1542",0.65000000,,2.89223021000,0.0387000000,1287.00,786.0820,5564.00,0.940000,0.990000,1,4,"Transit",2016
"K2-85 b","K2-85",1.40000000,3.20000000000000e+00,0.68453862616,0.0130000000,1355.00,800.0000,4232.00,0.700000,0.710000,1,1,"Transit",2016
"Kepler-368 c","Kepler-368",3.88000000,,72.37933400000,0.3600000000,575.00,28.6810,5502.00,1.165000,2.019000,1,2,"Transit",2014
"K2-123 b","K2-123",2.76000000,,30.95152400000,0.1649000000,338.00,2.9000,4035.00,0.620000,0.590000,1,1,"Transit",2017
"Kepler-770 b","Kepler-770",2.30000000,,18.92540274000,0.1694000000,1171.00,27.7360,5598.00,0.940000,0.920000,1,3,"Transit",2016
"Kepler-1399 b","Kepler-1399",1.25000000,,1.63865305800,0.0276000000,1610.00,1707.2520,5735.00,0.970000,0.960000,1,1,"Transit",2016
"Kepler-723 b","Kepler-723",12.19000000,,4.08227506800,0.0479000000,1016.00,251.4800,5539.00,0.920000,0.890000,1,1,"Transit",2016
"K2-107 b","K2-107",15.98000000,2.66977200000000e+02,3.31395900000,0.0475000000,1649.00,1291.4267,6061.00,1.300000,1.810000,1,1,"Transit",2017
"K2-45 b","K2-45",6.71000000,,1.72926840000,0.0224000000,1073.56,100.0000,4103.00,0.503000,0.445000,1,1,"Transit",2016
"K2-365 b","K2-365",2.90600000,,23.44817200000,,,,5561.00,0.823000,1.051000,1,1,"Transit",2022
"K2-127 b","K2-127",8.37000000,,3.58816300000,0.0411000000,809.00,105.6000,4575.00,0.720000,0.660000,1,1,"Transit",2017
"K2-195 b","K2-195",3.13000000,,15.85297500000,0.1208000000,720.00,66.6667,5713.00,0.940000,0.990000,1,2,"Transit",2018
"K2-80 c","K2-80",1.47000000,,5.60500000000,0.0596000000,1002.42,166.0000,5441.00,0.900000,0.870000,1,3,"Transit",2016
"K2-229 c","K2-229",2.03000000,7.00000000000000e+00,8.32727000000,0.0769000000,750.00,66.0000,5315.00,0.870000,0.790000,1,2,"Transit",2018
"HAT-P-3 b","HAT-P-3",10.53646000,2.06589500000000e+02,2.89970000000,0.0386600000,1189.00,176.5870,5185.00,1.060000,0.870000,2,1,"Transit",2007
"WASP-32 b","WASP-32",10.76064000,8.35892900000000e+02,2.71866000000,0.0394000000,1388.00,616.3300,6140.00,0.720000,0.950000,1,1,"Transit",2010
"WASP-24 b","WASP-24",15.46842000,3.94109200000000e+02,2.34121000000,0.0365100000,1772.00,934.4650,6075.00,1.430000,1.420000,3,1,"Transit",2010
"Kepler-65 c","Kepler-65",2.58000000,5.40000000000000e+00,5.85994400000,0.0680000000,1246.00,609.9920,6211.00,1.250000,1.410000,1,4,"Transit",2012
"TrES-2 b","TrES-2",15.24424000,4.73566700000000e+02,2.47063000000,0.0356800000,1466.00,903.8640,5850.00,1.360000,1.120000,2,1,"Transit",2006
"Kepler-939 b","Kepler-939",1.75000000,,14.87829600000,0.1153000000,692.00,54.1900,5471.00,0.880000,0.850000,1,1,"Transit",2016
"Kepler-1028 b","Kepler-1028",1.33000000,,2.51462432000,0.0354000000,1217.00,519.6360,5522.00,0.900000,0.870000,1,1,"Transit",2016
"HAT-P-67 b","HAT-P-67",23.98721870,1.43022783150000e+02,4.81010690000,0.0650500000,1903.00,2029.1700,6640.00,1.730000,2.620000,2,1,"Transit",2017
"Kepler-1101 b","Kepler-1101",2.47000000,,81.31510590000,0.3483000000,393.00,3.5770,5614.00,0.940000,0.910000,1,1,"Transit",2016
"Kepler-1388 b","Kepler-1388",2.59000000,,12.28546030000,0.0882000000,434.00,17.6740,4098.00,0.630000,0.610000,1,4,"Transit",2016
"Kepler-768 b","Kepler-768",1.79000000,,11.39100250000,0.0920000000,618.00,40.5890,5108.00,0.820000,0.780000,1,1,"Transit",2016
"Kepler-796 b","Kepler-796",1.30000000,,6.40087618000,0.0731700000,1109.00,962.2640,5475.00,0.930000,1.090000,1,1,"Transit",2016
"Kepler-110 b","Kepler-110",1.83000000,,12.69111200000,0.1070000000,1008.00,153.8810,5960.00,0.989000,1.149000,1,2,"Transit",2014
"Kepler-1042 b","Kepler-1042",2.19000000,,10.13202575000,0.0756000000,574.00,25.6600,4815.00,0.750000,0.720000,1,1,"Transit",2016
"Kepler-334 c","Kepler-334",1.43000000,,12.75800500000,0.1070000000,822.00,97.2100,5828.00,1.022000,1.068000,1,3,"Transit",2014
"Kepler-937 b","Kepler-937",3.72000000,,67.66882700000,0.3214000000,495.00,20.6270,6095.00,1.150000,1.220000,1,2,"Transit",2016
"Kepler-1117 b","Kepler-1117",1.11000000,,4.79028459000,0.0548500000,938.00,194.9760,5612.00,0.950000,0.930000,1,1,"Transit",2016
"Kepler-1789 b","Kepler-1789",2.83137505,,80.23190308000,0.3543000000,380.00,4.9100,5436.00,0.920000,0.888000,1,1,"Transit",2021
"Kepler-1831 b","Kepler-1831",1.97019818,,5.78387022000,0.0655000000,1051.00,288.6900,6063.00,1.117000,1.012000,1,1,"Transit",2021
"Kepler-1245 b","Kepler-1245",1.44000000,,4.35409304000,0.0484000000,1043.00,194.3440,5306.00,0.860000,0.830000,1,2,"Transit",2016
"Kepler-114 b","Kepler-114",1.26000000,1.09000000000000e+00,5.18854900000,0.0530000000,586.00,92.5350,4605.00,0.770000,0.667000,1,3,"Transit",2014
"Kepler-1105 b","Kepler-1105",2.01000000,,4.42157218200,0.0471000000,729.00,47.1800,4299.00,0.710000,0.680000,1,1,"Transit",2016
"Kepler-187 b","Kepler-187",1.41000000,,4.93886400000,0.0590000000,1244.00,902.2390,6105.00,1.081000,1.287000,1,2,"Transit",2014
"Kepler-1379 b","Kepler-1379",1.30000000,,0.88184114600,0.0171000000,1564.00,1600.0490,5188.00,0.830000,0.790000,1,1,"Transit",2016
"Kepler-304 c","Kepler-304",2.17000000,,5.31594600000,0.0540000000,746.00,73.5980,4731.00,0.737000,0.687000,1,4,"Transit",2014
"Kepler-1291 b","Kepler-1291",1.66000000,,8.63043276000,0.0779000000,739.00,62.8230,5216.00,0.840000,0.800000,1,1,"Transit",2016
"Kepler-304 e","Kepler-304",1.20000000,,1.49914695300,0.0231700000,1137.00,397.2540,4817.00,0.800000,0.730000,1,4,"Transit",2016
"Kepler-461 b","Kepler-461",2.58000000,,8.31378305900,0.0789500000,886.00,254.9060,5634.00,0.980000,0.910000,1,1,"Transit",2016
"Kepler-1894 b","Kepler-1894",1.20117759,,2.76266002700,0.0385000000,1231.00,544.0500,5772.00,0.999000,0.901000,1,2,"Transit",2021
"Kepler-576 b","Kepler-576",3.27000000,,29.91136794000,0.1790000000,541.00,16.8170,5672.00,0.990000,0.970000,1,1,"Transit",2016
"Kepler-1893 b","Kepler-1893",1.70557445,,4.17936992600,0.0504000000,1194.00,478.9800,5633.00,0.973000,1.162000,1,1,"Transit",2021
"Kepler-1601 b","Kepler-1601",0.82000000,,2.20921951000,0.0328100000,1507.00,999.7520,5869.00,1.040000,1.070000,1,1,"Transit",2016
"Kepler-1922 b","Kepler-1922",2.29064904,,13.22259998000,0.1077000000,740.00,71.1100,5931.00,0.953000,0.863000,1,1,"Transit",2021
"HD 80653 b","HD 80653",1.62100000,5.61000000000000e+00,0.71957926000,0.0165700000,2438.00,6130.0000,5959.00,1.150000,1.199000,1,2,"Transit",2020
"Kepler-1542 d","Kepler-1542",0.87000000,,5.99273738000,0.0629000000,1010.00,297.8060,5564.00,0.940000,0.990000,1,4,"Transit",2016
"Kepler-666 b","Kepler-666",2.40000000,,4.49876092000,0.0542000000,1133.00,575.6440,5887.00,1.030000,1.050000,1,1,"Transit",2016
"Kepler-211 c","Kepler-211",1.29000000,1.83000000000000e+01,6.04045000000,0.0620000000,841.00,95.4360,5123.00,0.867000,0.816000,1,2,"Transit",2014
"Kepler-203 c","Kepler-203",2.47000000,7.49900000000000e+02,5.37064700000,0.0610000000,1096.00,329.7880,5821.00,1.060000,1.114000,1,3,"Transit",2014
"GJ 674 b","GJ 674",3.33000000,,4.69380000000,0.0390000000,530.80,10.5165,3600.00,0.350000,0.364630,1,1,"Radial Velocity",2007
"OGLE-TR-182 b","OGLE-TR-182",12.66600000,3.20995000000000e+02,3.97910000000,0.0510000000,1550.00,669.0373,5924.00,1.140000,1.140000,1,1,"Transit",2007
"HD 69830 c","HD 69830",3.46000000,,31.56000000000,0.1860000000,567.04,17.4170,5385.00,0.860000,0.886947,1,3,"Radial Velocity",2006
"GJ 3021 b","GJ 3021",13.10000000,,133.71000000000,0.4900000000,350.00,2.7517,5540.00,0.900000,0.900000,2,1,"Radial Velocity",2000
"HD 221287 b","HD 221287",13.10000000,,456.10000000000,1.2500000000,290.13,1.0624,6304.00,1.250000,1.138640,1,1,"Radial Velocity",2007
"HD 47536 b","HD 47536",12.60000000,,712.13000000000,1.9300000000,736.52,47.5699,4380.00,2.100000,23.470000,1,1,"Radial Velocity",2002
"HD 107148 b","HD 107148",9.60000000,,48.05600000000,0.2690000000,582.78,18.2517,5797.00,1.120000,1.169193,2,2,"Radial Velocity",2005
"HD 179949 b","HD 179949",13.90000000,,3.09251400000,0.0443000000,1590.53,1020.1193,6168.00,1.210000,1.266865,1,1,"Radial Velocity",2000
"HD 188015 b","HD 188015",13.60000000,,461.20000000000,1.2030000000,267.98,0.7914,5746.00,1.090000,1.125296,2,1,"Radial Velocity",2004
"HD 27442 b","HD 27442",13.50000000,,428.10000000000,1.2710000000,369.62,4.3915,4846.00,1.230000,3.180000,2,1,"Radial Velocity",2000
"HD 46375 b","HD 46375",10.00000000,,3.02357300000,0.0398000000,1221.40,359.0994,5285.00,0.920000,0.914196,2,1,"Radial Velocity",2000
"HAT-P-2 b","HAT-P-2",10.65975900,2.86681223114000e+03,5.63351580000,0.0681400000,1540.00,588.5180,6380.00,1.330000,1.390000,1,2,"Transit",2007
"HD 109749 b","HD 109749",11.10000000,,5.23989100000,0.0615000000,1250.83,409.4961,5824.00,1.130000,1.220000,2,1,"Radial Velocity",2005
"HD 149143 b","HD 149143",13.60000000,,4.07182000000,0.0530000000,1471.90,796.9815,5856.00,1.200000,1.440000,1,1,"Radial Velocity",2005
"HD 224693 b","HD 224693",14.00000000,,26.69040000000,0.1910000000,903.45,111.6692,5894.00,1.310000,1.930000,1,1,"Radial Velocity",2006
"HD 231701 b","HD 231701",13.70000000,,141.63000000000,0.5670000000,483.27,9.1798,6101.00,1.210000,1.530000,1,1,"Radial Velocity",2007
"HIP 14810 b","HIP 14810",13.00000000,,6.67389200000,0.0696000000,1048.20,201.7351,5544.00,1.010000,1.070000,1,3,"Radial Velocity",2005
"HIP 14810 d","HIP 14810",14.10000000,,981.80000000000,1.9400000000,198.54,0.2597,5544.00,1.010000,1.070000,1,3,"Radial Velocity",2009
"HD 207832 b","HD 207832",14.20000000,,160.07000000000,0.5860000000,340.28,2.2605,5726.00,1.050000,0.890000,3,2,"Radial Velocity",2012
"HD 37605 c","HD 37605",13.10000000,,2720.00000000000,3.7400000000,126.75,0.0431,5329.00,0.940000,0.910000,1,2,"Radial Velocity",2012
"HD 1605 c","HD 1605",13.00000000,,2149.00000000000,3.5840000000,233.88,0.5026,4915.00,1.330000,3.490000,1,2,"Radial Velocity",2015
"HD 55696 b","HD 55696",12.90000000,1.35712729789000e+03,1827.00000000000,3.1800000000,200.43,0.2662,6012.00,1.290000,1.520000,1,1,"Radial Velocity",2018
"HD 148164 c","HD 148164",12.80000000,,5062.00000000000,6.1500000000,135.77,0.0565,6032.00,1.210000,1.340000,1,2,"Radial Velocity",2018
"HD 211810 b","HD 211810",14.00000000,,1558.00000000000,2.6560000000,177.77,0.1665,5652.00,1.030000,1.130000,1,1,"Radial Velocity",2018
"HD 221416 b","HD 221416",9.17000000,6.05000000000000e+01,14.27670000000,0.1228000000,1314.67,495.9065,5080.00,1.212000,2.943000,1,1,"Transit",2019
"Kepler-595 c","Kepler-595",1.00900000,3.30000000000000e+00,12.38602000000,0.0983000000,679.00,50.2300,5138.50,0.930000,0.821000,1,2,"Transit",2020
"Kepler-595 b","Kepler-595",3.70800000,1.74000000000000e+01,25.30290920000,0.1582000000,535.00,17.3820,5138.50,0.930000,0.821000,1,2,"Transit",2016
"PSR B1257+12 b","PSR B1257+12",0.33800000,2.00000000000000e-02,25.26200000000,0.1900000000,,,,1.400000,,1,3,"Pulsar Timing",1994
"PSR B1257+12 c","PSR B1257+12",1.91000000,4.30000000000000e+00,66.54190000000,0.3600000000,,,,1.400000,,1,3,"Pulsar Timing",1992
"OGLE-TR-211 b","OGLE-TR-211",15.24400000,3.27351000000000e+02,3.67724000000,0.0510000000,1686.00,710.2804,6325.00,1.330000,1.640000,1,1,"Transit",2007
"Lupus-TR-3 b","Lupus-TR-3",9.97600000,2.57431000000000e+02,3.91405000000,0.0464000000,1013.56,15.9599,5000.00,0.870000,0.820000,1,1,"Transit",2007
"2MASS J04414489+2301513 b","2MASS J04414489+2301513",12.60000000,2.38360000000000e+03,,15.0000000000,17.60,0.0000,2936.00,0.019000,0.231916,1,1,"Imaging",2010
"WASP-21 b","WASP-21",11.99000000,9.53450000000000e+01,4.32248200000,0.0520000000,1333.00,705.0438,5800.00,1.010000,1.060000,1,1,"Transit",2010
"CoRoT-10 b","CoRoT-10",10.87000000,8.74000000000000e+02,13.24060000000,0.1055000000,600.00,16.1089,5075.00,0.890000,0.790000,1,1,"Transit",2010
"CoRoT-12 b","CoRoT-12",16.14000000,2.91438000000000e+02,2.82804200000,0.0401600000,1442.00,661.1334,5675.00,1.078000,1.116000,1,1,"Transit",2010
"CoRoT-13 b","CoRoT-13",9.92000000,4.15704000000000e+02,4.03519000000,0.0510000000,1700.00,546.5339,5945.00,1.090000,1.010000,1,1,"Transit",2010
"HD 285968 b","HD 285968",2.83000000,,8.78360000000,0.0660000000,450.00,5.0456,3703.49,0.500000,0.478214,1,1,"Radial Velocity",2008
"HD 205739 b","HD 205739",13.60000000,,279.80000000000,0.8960000000,362.84,2.8535,6176.00,1.220000,1.330000,1,1,"Radial Velocity",2008
"CoRoT-3 b","CoRoT-3",11.32000000,6.88391000000000e+03,4.25680000000,0.0578300000,1695.00,735.4472,6740.00,1.370000,1.560000,1,1,"Transit",2008
"HD 16417 b","HD 16417",5.00000000,,17.24000000000,0.1400000000,964.00,141.5514,5841.00,1.200000,1.639984,2,1,"Radial Velocity",2008
"AB Pic b","AB Pic",12.30000000,4.29050000000000e+03,,260.0000000000,15.80,0.0000,5285.00,0.900000,0.999394,1,1,"Imaging",2005
"CT Cha b","CT Cha",24.66000000,5.40300000000000e+03,,440.0000000000,2600.00,0.0000,4403.00,,1.679694,1,1,"Imaging",2007
"HD 9446 b","HD 9446",14.00000000,,30.05200000000,0.1890000000,642.55,30.7942,5793.00,1.000000,1.000000,1,2,"Radial Velocity",2009
"Kepler-4 b","Kepler-4",4.00200000,2.44720000000000e+01,3.21346000000,0.0456000000,1650.00,1245.4310,5857.00,1.223000,1.487000,1,1,"Transit",2009
"GJ 876 c","GJ 876",14.00000000,2.26984600000000e+02,30.08810000000,0.1295900000,241.66,0.7384,3293.74,0.320000,0.300000,1,4,"Radial Velocity",2000
"HIP 79431 b","HIP 79431",13.40000000,,111.70000000000,0.3600000000,177.42,0.2179,3191.00,0.490000,0.478625,1,1,"Radial Velocity",2009
"TOI-907.01","TOI-907",9.61588510,,4.58491290000,0.0552254810,1846.60,1729.6714,6272.00,1.069357,2.059789,1,1,"Transit",2024
"WASP-31 b","WASP-31",17.36300000,1.51916000000000e+02,3.40590960000,0.0465900000,1423.70,970.9417,6302.00,1.163000,1.252000,1,1,"Transit",2010
"24 Sex b","24 Sex",13.40000000,,452.80000000000,1.3330000000,471.32,8.2099,5098.00,1.540000,4.900000,1,2,"Radial Velocity",2010
"WASP-37 b","WASP-37",13.00200000,5.72070000000000e+02,3.57746900000,0.0446000000,1232.50,545.3338,5800.00,0.925000,1.003000,1,1,"Transit",2010
"Kepler-9 d","Kepler-9",1.64000000,,1.59285100000,0.0273000000,2026.00,1339.6580,5777.00,1.070000,1.020000,1,3,"Transit",2010
"KOI-217 b","KOI-217",12.44200000,,3.90512000000,0.0477000000,1046.00,272.0330,5545.00,0.950000,0.860000,1,1,"Transit",2010
"HD 90156 b","HD 90156",4.43000000,,49.77000000000,0.2500000000,518.01,11.5200,5599.00,0.840000,0.920286,1,1,"Radial Velocity",2011
"HD 177830 c","HD 177830",7.87000000,,110.90000000000,0.5137000000,538.95,18.3487,4949.00,1.470000,2.620000,2,2,"Radial Velocity",2010
"ups And b","ups And",14.00000000,,4.61703300000,0.0592216600,1523.73,955.9835,6156.77,1.300000,1.560000,2,3,"Radial Velocity",1996
"ups And d","ups And",12.50000000,3.25774117175000e+03,1276.46000000000,2.5132900000,233.90,0.5308,6156.77,1.300000,1.560000,2,3,"Radial Velocity",1999
"OGLE-2017-BLG-0373L b","OGLE-2017-BLG-0373L",14.00000000,1.27000000000000e+02,,2.4240000000,,,,0.248000,,1,1,"Microlensing",2018
"Kepler-1737 b","Kepler-1737",5.39500000,,64.61750031000,0.2970000000,383.00,5.0900,5043.00,0.834000,0.881000,1,1,"Transit",2021
"K2-269 b","K2-269",1.57000000,,4.14496500000,0.0531000000,1429.00,1041.5274,6209.00,1.160000,1.450000,1,1,"Transit",2018
"TOI-1249 b","TOI-1249",3.27103010,1.19000000000000e+01,13.07915100000,0.1090000000,726.89,48.6058,5497.00,1.006200,0.978500,1,1,"Transit",2024
"Kepler-106 d","Kepler-106",0.95000000,8.10000000000000e+00,23.98020000000,0.1606300000,649.00,45.3570,5858.00,1.000000,1.040000,1,4,"Transit",2014
"Kepler-1031 b","Kepler-1031",0.87000000,,1.22621732000,0.0218000000,2024.00,3973.8600,6011.00,1.090000,1.120000,1,1,"Transit",2016
"CD-35 2722 B b","CD-35 2722 B",13.90000000,,171.11000000000,0.2000000000,77.39,0.0060,1800.00,0.035000,0.159000,2,1,"Radial Velocity",2026
"Kepler-948 b","Kepler-948",1.85000000,,7.76846622000,0.0749000000,841.00,126.2030,5679.00,0.960000,0.940000,1,1,"Transit",2016
"OGLE-2014-BLG-0319L b","OGLE-2014-BLG-0319L",14.10000000,1.81162191990000e+02,,3.4900000000,,,,0.520000,,1,1,"Microlensing",2022
"OGLE-2018-BLG-1011L b","OGLE-2018-BLG-1011L",13.50000000,5.70000000000000e+02,,1.8000000000,,,,0.180000,,1,2,"Microlensing",2019
"WASP-61 b","WASP-61",15.80469000,8.51784400000000e+02,3.85590000000,0.0521000000,1624.40,1062.0298,6250.00,1.820000,1.550000,1,1,"Transit",2012
"KMT-2022-BLG-0303L b","KMT-2022-BLG-0303L",14.20000000,1.63045972791000e+02,,4.8100000000,,,,0.368000,,1,1,"Microlensing",2024
"OGLE-2019-BLG-0954L b","OGLE-2019-BLG-0954L",12.30000000,4.51316337940000e+03,,2.6500000000,,,,0.800000,,1,1,"Microlensing",2021
"WASP-123 b","WASP-123",15.13212395,2.85729170000000e+02,2.97764359000,0.0426300000,1500.00,758.3240,5740.00,1.166000,1.285000,2,1,"Transit",2016
"Kepler-1882 b","Kepler-1882",1.48674404,,13.78730011000,0.1163600000,894.00,122.1000,5691.00,1.068000,1.458000,1,1,"Transit",2021
"KOI-984 b","KOI-984",4.30000000,,4.28817850000,0.0504000000,1022.00,186.3100,5295.00,0.928000,0.818000,1,2,"Transit",2022
"Kepler-1573 b","Kepler-1573",1.20000000,,2.61575540000,0.0364000000,1379.00,1343.1140,5808.00,1.010000,1.000000,1,1,"Transit",2016
"Kepler-802 b","Kepler-802",3.54000000,,40.05874730000,0.2265000000,489.00,13.5080,5507.00,0.930000,0.900000,1,1,"Transit",2016
"KMT-2023-BLG-1454L b","KMT-2023-BLG-1454L",14.10000000,2.00231896410000e+02,,1.1800000000,,,,0.170000,,1,1,"Microlensing",2024
"Kepler-1440 b","Kepler-1440",1.26000000,,39.85948400000,0.2343100000,597.00,44.7280,5698.00,0.980000,0.960000,1,1,"Transit",2016
"WASP-130 b","WASP-130",9.97601000,3.90930900000000e+02,11.55098000000,0.1012000000,833.00,56.3550,5625.00,1.040000,0.960000,1,1,"Transit",2016
"OGLE-2017-BLG-1049L b","OGLE-2017-BLG-1049L",12.80000000,1.76000000000000e+03,,3.9200000000,,,,0.550000,,1,1,"Microlensing",2020
"Kepler-949 b","Kepler-949",2.91000000,,8.68930729600,0.0773900000,782.00,58.4420,5403.00,0.890000,0.860000,1,2,"Transit",2016
"Kepler-1964 b","Kepler-1964",1.78105870,,2.44082999200,0.0322000000,986.00,223.8000,4803.00,0.752000,0.698000,1,1,"Transit",2021
"KMT-2023-BLG-1592L b","KMT-2023-BLG-1592L",14.10000000,1.84340476060000e+02,,3.9000000000,,,,0.550000,,1,1,"Microlensing",2026
"OGLE-2019-BLG-0362L b","OGLE-2019-BLG-0362L",13.10000000,1.03612060682000e+03,,2.1800000000,,,,0.420000,,1,1,"Microlensing",2022
"KMT-2017-BLG-1057L b","KMT-2017-BLG-1057L",5.19000000,2.35000000000000e+01,,2.3600000000,,,,0.570000,,1,1,"Microlensing",2024
"KMT-2025-BLG-1616L b","KMT-2025-BLG-1616L",7.34000000,4.23200000000000e+01,,1.6000000000,,,,0.260000,,1,1,"Microlensing",2026
"Wolf 327 b","Wolf 327",1.24000000,2.53000000000000e+00,0.57347450000,0.0100000000,996.00,233.9000,3542.00,0.405000,0.406000,1,1,"Transit",2024
"Kepler-62 f","Kepler-62",1.41000000,3.50000000000000e+01,267.29100000000,0.7180000000,208.00,0.5000,4925.00,0.690000,0.640000,1,5,"Transit",2013
"WASP-53 c","WASP-53",,,2840.00000000000,3.7300000000,110.47,0.0247,4953.00,0.839000,0.798000,1,2,"Radial Velocity",2017
"KMT-2023-BLG-1743L b","KMT-2023-BLG-1743L",12.10000000,6.35656814000000e+03,,1.1600000000,,,,0.110000,,1,1,"Microlensing",2024
"TOI-5789 c","TOI-5789",2.86000000,5.00000000000000e+00,12.92774800000,0.1009000000,718.00,8.7194,5185.00,0.821000,0.833000,1,4,"Transit",2026
"MOA-2019-BLG-008L b","MOA-2019-BLG-008L",12.20000000,5.72091132600000e+03,,,,,,0.900000,,1,1,"Microlensing",2022
"OGLE-2016-BLG-1598L b","OGLE-2016-BLG-1598L",13.60000000,1.20774794660000e+02,,2.5000000000,,,,0.550000,,1,1,"Microlensing",2024
"OGLE-2017-BLG-1275L b","OGLE-2017-BLG-1275L",12.80000000,1.87518760130000e+03,,2.0900000000,,,,0.630000,,1,1,"Microlensing",2024
"HATS-44 b","HATS-44",11.96000300,1.77984800000000e+02,2.74390040000,0.0364900000,1161.00,306.4170,5080.00,0.860000,0.847000,1,1,"Transit",2018
"HD 160691 b","HD 160691",,1.36666215010000e+03,645.00000000000,1.5000000000,262.13,0.8439,5773.00,1.130000,1.330000,1,4,"Radial Velocity",2000
"Kepler-132 b","Kepler-132",1.21000000,,6.17819600000,0.0670000000,1082.00,284.8000,6003.00,0.929000,1.178000,2,4,"Transit",2014
"KMT-2021-BLG-0192L b","KMT-2021-BLG-0192L",6.56000000,3.49611247700000e+01,,1.6200000000,,,,0.270000,,1,1,"Microlensing",2022
"Kepler-49 b","Kepler-49",2.57900000,9.77000000000000e+00,7.20000000000,0.0592900000,509.00,21.4810,4095.60,0.607000,0.618000,1,4,"Transit",2012
"KMT-2016-BLG-2364L b","KMT-2016-BLG-2364L",13.00000000,1.25000000000000e+03,,2.6300000000,,,,0.500000,,1,1,"Microlensing",2020
"Kepler-218 c","Kepler-218",3.14000000,,44.69957600000,0.2480000000,500.00,16.1470,5502.00,1.019000,1.063000,1,3,"Transit",2014
"GJ 328 c","GJ 328",4.91000000,,241.80000000000,0.6570000000,184.01,0.1927,3897.00,0.650000,0.630000,1,2,"Radial Velocity",2023
"K2-212 b","K2-212",2.65000000,,9.79564700000,0.0785000000,542.00,21.9640,4349.00,0.622000,0.678000,1,1,"Transit",2018
"AU Mic e","AU Mic",4.87000000,2.11000000000000e+01,33.11000000000,,,,3665.00,0.600000,0.820000,1,4,"Radial Velocity",2025
"AU Mic d","AU Mic",1.02000000,1.05300000000000e+00,12.73596000000,,,,3678.00,0.510000,0.744000,1,4,"Transit Timing Variations",2023
"GJ 806 b","GJ 806",1.33100000,1.90000000000000e+00,0.92632370000,0.0140600000,940.00,130.0000,3600.00,0.413000,0.414400,1,2,"Transit",2023
"GJ 806 c","GJ 806",2.28000000,,6.64064000000,0.0523000000,490.00,9.5000,3600.00,0.413000,0.414400,1,2,"Radial Velocity",2023
"HD 110067 b","HD 110067",2.20000000,5.69000000000000e+00,9.11367800000,0.0793000000,800.00,69.0579,5266.00,0.798000,0.788000,3,6,"Transit",2023
"HD 110067 c","HD 110067",2.38800000,6.30000000000000e+00,13.67369400000,0.1039000000,699.00,40.2280,5266.00,0.798000,0.788000,3,6,"Transit",2023
"HD 110067 d","HD 110067",2.85200000,8.52000000000000e+00,20.51961700000,0.1362000000,602.00,23.4102,5266.00,0.798000,0.788000,3,6,"Transit",2023
"HD 110067 e","HD 110067",1.94000000,3.90000000000000e+00,30.79309100000,0.1785000000,533.00,13.6296,5266.00,0.798000,0.788000,3,6,"Transit",2023
"HD 110067 f","HD 110067",2.60100000,5.04000000000000e+00,41.05854000000,0.2163000000,489.00,9.2821,5266.00,0.798000,0.788000,3,6,"Transit",2023
"HD 110067 g","HD 110067",2.60700000,8.40000000000000e+00,54.76992000000,0.2621000000,440.00,6.3216,5266.00,0.798000,0.788000,3,6,"Transit",2023
"GJ 341 b","GJ 341",0.88000000,4.00000000000000e+00,7.57686000000,,629.00,13.8000,3770.00,0.480000,0.506600,1,1,"Transit",2025
"TOI-6894 b","TOI-6894",9.58367850,5.33951723760000e+01,3.37077196000,0.0260400000,417.90,5.5400,3007.00,0.207000,0.227600,1,1,"Transit",2025
"IRAS 04125+2902 b","IRAS 04125+2902",10.73820351,,8.83497800000,0.0770000000,854.00,41.4199,4080.00,0.700000,1.450000,2,1,"Transit",2024
"HIP 67522 c","HIP 67522",7.93595834,,14.33489200000,0.1228000000,917.00,116.0490,5675.00,1.220000,1.380000,1,2,"Transit",2024
"Kepler-51 e","Kepler-51",2.18000000,5.40000000000000e+00,264.28400000000,,,,5674.00,0.960000,0.870000,1,4,"Transit Timing Variations",2024
"BD+05 4868 A b","BD+05 4868 A",,6.20000000000000e+00,1.27186900000,0.0208000000,1820.00,443.7870,4596.00,0.700000,0.690000,2,1,"Transit",2025
"TOI-771 c","TOI-771",1.50000000,,7.61000000000,0.0460000000,365.00,3.0000,3370.00,0.220000,0.232000,1,2,"Radial Velocity",2025
"TOI-2076 e","TOI-2076",1.30100000,4.70000000000000e+00,3.02237530000,0.0386300000,1110.00,253.1032,5187.00,0.849000,0.758000,1,4,"Transit",2025
"L 98-59 f","L 98-59",1.48000000,,23.06400000000,0.1052000000,285.00,1.1000,3415.00,0.292300,0.315500,1,5,"Radial Velocity",2025
"HIP 41378 g","HIP 41378",2.50000000,6.81000000000000e+00,63.19000000000,,605.00,22.3000,6290.00,1.220000,1.300000,1,6,"Radial Velocity",2025
"55 Cnc B b","55 Cnc B",1.69000000,,6.79940000000,0.0440000000,395.41,4.0271,3286.00,0.260000,0.274000,2,7,"Radial Velocity",2025
"55 Cnc B c","55 Cnc B",2.16000000,,33.74700000000,0.1300000000,230.04,0.4613,3286.00,0.260000,0.274000,2,7,"Radial Velocity",2025
"GJ 3090 c","GJ 3090",3.14000000,,15.94070000000,0.0997000000,407.20,4.5800,3707.00,0.519000,0.516000,1,2,"Radial Velocity",2026
"TOI-4336 A c","TOI-4336 A",1.25100000,1.55000000000000e+00,7.58726600000,0.0509200000,399.50,4.2400,3307.00,0.306000,0.326000,3,2,"Transit",2026
"TOI-260 b","TOI-260",1.71000000,4.23000000000000e+00,13.47585300000,0.0943000000,493.00,10.1838,4026.00,0.616000,0.607000,1,1,"Transit",2024
"Kepler-12 b","Kepler-12",19.66058600,1.37302560000000e+02,4.43796290000,0.0553000000,1480.00,877.5390,5947.00,1.166000,1.483000,1,1,"Transit",2011
"KOI-94 b","KOI-94",1.71000000,1.05000000000000e+01,3.74320800000,0.0511900000,1486.00,1053.1810,6182.00,1.277000,1.520000,2,4,"Transit",2013
"Kepler-167 d","Kepler-167",1.23800000,,21.80379000000,0.1404000000,538.00,14.4890,4884.00,0.777000,0.749000,2,4,"Transit",2016
"Kepler-51 d","Kepler-51",9.70000000,7.60000000000000e+00,130.19400000000,0.5090000000,381.00,2.4660,6018.00,1.040000,0.940000,1,4,"Transit",2014
"Kepler-51 c","Kepler-51",9.00000000,4.00000000000000e+00,85.31200000000,0.3840000000,439.00,4.3310,6018.00,1.040000,0.940000,1,4,"Transit",2012
"KMT-2022-BLG-1818L c","KMT-2022-BLG-1818L",13.20000000,1.14418226520000e+02,,12.6000000000,,,,0.790000,,1,2,"Microlensing",2026
"Qatar-8 b","Qatar-8",14.40356500,1.17914930000000e+02,3.71495000000,0.0474000000,1457.00,698.1480,5738.00,1.029000,1.315000,1,1,"Transit",2019
"KMT-2018-BLG-0885L b","KMT-2018-BLG-0885L",11.90000000,9.21702380300000e+03,,1.0700000000,,,,0.290000,,1,1,"Microlensing",2023
"KMT-2016-BLG-2321L b","KMT-2016-BLG-2321L",13.80000000,3.01936986650000e+02,,3.5800000000,,,,0.730000,,1,1,"Microlensing",2024
"Kepler-74 b","Kepler-74",10.76000000,2.00220000000000e+02,7.34071100000,0.0781000000,1078.00,337.6820,6000.00,1.180000,1.120000,1,1,"Transit",2013
"OGLE-2017-BLG-0482L b","OGLE-2017-BLG-0482L",2.95000000,9.00000000000000e+00,,1.8000000000,,,,0.200000,,1,1,"Microlensing",2018
"PSR B0329+54 b","PSR B0329+54",1.22000000,,10140.00000000000,10.2600000000,,,,1.440000,,1,1,"Pulsar Timing",2017
"K2-140 b","K2-140",13.56286665,2.95580418510000e+02,6.56918800000,0.0680000000,962.00,204.0000,5585.00,0.960000,1.060000,1,1,"Transit",2017
"HD 184010 c","HD 184010",11.80000000,,484.30000000000,1.3340000000,457.53,7.3558,4971.00,1.350000,4.860000,1,3,"Radial Velocity",2022
"EPIC 201595106 b","EPIC 201595106",1.56500000,7.67000000000000e+00,0.87724000000,0.0177000000,2038.00,2852.0000,5679.00,0.958000,0.980000,1,2,"Transit",2021
"TOI-1203 e","TOI-1203",7.31000000,,204.59000000000,,,,5737.00,0.886000,1.179000,1,4,"Radial Velocity",2025
"Kepler-1503 b","Kepler-1503",2.27000000,,96.16987000000,0.3771000000,321.00,5.6360,5069.00,0.770000,0.740000,1,1,"Transit",2016
"Kepler-1781 b","Kepler-1781",2.38091029,,4.88752985000,0.0574000000,1003.00,239.1100,5568.00,1.053000,0.957000,1,1,"Transit",2021
"Kepler-57 c","Kepler-57",2.19600000,6.86000000000000e+00,11.60000000000,0.0958800000,671.00,48.5740,5187.90,0.859000,0.826000,1,2,"Transit",2012
"Kepler-1124 b","Kepler-1124",1.28000000,,2.85234897500,0.0305000000,621.00,50.7770,3658.00,0.350000,0.340000,1,1,"Transit",2016
"Kepler-1581 b","Kepler-1581",0.80000000,,6.28385491000,0.0686500000,1108.00,470.8620,6022.00,1.120000,1.230000,1,1,"Transit",2016
"K2-136 c","K2-136",3.00000000,1.81000000000000e+01,17.30723000000,0.1185000000,470.00,11.9100,4500.00,0.742000,0.677000,2,3,"Transit",2017
"HD 39091 b","HD 39091",12.30000000,4.48138053870000e+03,2088.80000000000,3.2800000000,172.74,0.1342,5998.00,1.070000,1.170000,1,3,"Radial Velocity",2001
"LHS 1815 b","LHS 1815",1.08800000,1.58000000000000e+00,3.81433400000,0.0404000000,617.00,62.1493,3643.00,0.502000,0.501000,1,1,"Transit",2020
"Kepler-464 b","Kepler-464",3.30000000,,7.25696522400,0.0793100000,1163.00,495.0050,5933.00,1.210000,1.590000,1,1,"Transit",2016
"Kepler-1580 b","Kepler-1580",2.11000000,,56.64492790000,0.3357100000,733.00,83.0880,6228.00,1.470000,2.150000,1,1,"Transit",2016
"Kepler-198 d","Kepler-198",1.53000000,,1.31184443000,0.0234200000,1562.00,1444.5160,5636.00,0.970000,0.930000,1,3,"Transit",2016
"55 Cnc b","55 Cnc",13.90000000,2.63978500000000e+02,14.65155200000,0.1180000000,700.00,45.6336,5198.00,1.015000,0.980000,2,7,"Radial Velocity",1996
"55 Cnc c","55 Cnc",8.51000000,5.44738000000000e+01,44.39360000000,0.2470000000,499.27,10.4149,5198.00,1.015000,0.980000,2,7,"Radial Velocity",2004
"55 Cnc d","55 Cnc",13.00000000,1.23249300000000e+03,4799.00000000000,5.6000000000,104.85,0.0203,5198.00,1.015000,0.980000,2,7,"Radial Velocity",2002
"GJ 436 b","GJ 436",4.17000000,2.21000000000000e+01,2.64388312000,0.0291000000,686.00,29.4322,3586.11,0.470000,0.455000,1,1,"Radial Velocity",2004
"HD 50554 b","HD 50554",12.80000000,1.85929618095000e+03,1240.00000000000,2.3390000000,192.65,0.2738,6050.00,1.100000,1.020000,1,3,"Radial Velocity",2002
"HAT-P-12 b","HAT-P-12",10.74900000,6.70590000000000e+01,3.21305980000,0.0384000000,963.00,118.0750,4650.00,0.733000,0.701000,1,1,"Transit",2009
"HAT-P-13 b","HAT-P-13",14.25800000,2.70462000000000e+02,2.91625000000,0.0438300000,1740.00,1978.5245,5653.00,1.320000,1.756000,1,2,"Transit",2009
"HAT-P-13 c","HAT-P-13",12.30000000,,446.27000000000,1.2580000000,340.00,1.4016,5653.00,1.320000,1.756000,1,2,"Radial Velocity",2009
"TOI-3053 b","TOI-3053",13.56286665,2.70154145950000e+02,2.99199870000,0.0390000000,1290.00,460.0000,5378.00,0.960000,0.970000,1,1,"Transit",2026
"HD 50554 c","HD 50554",1.31000000,5.30000000000000e+00,5.96936200000,0.0652000000,1090.83,334.6171,5968.00,1.040000,1.146000,1,3,"Transit",2026
"HD 50554 d","HD 50554",1.41000000,1.04000000000000e+01,28.06940000000,0.1831000000,651.11,42.4756,5968.00,1.040000,1.146000,1,3,"Transit",2026
"55 Cnc e","55 Cnc",1.87500000,7.99000000000000e+00,0.73654740000,0.0154400000,1958.00,2657.8322,5172.00,0.905000,0.943000,2,7,"Radial Velocity",2004
"55 Cnc f","55 Cnc",7.59000000,4.48120000000000e+01,260.58000000000,0.8020000000,277.07,0.9879,5198.00,1.015000,0.980000,2,7,"Radial Velocity",2007
"GJ 1214 b","GJ 1214",2.73300000,8.41000000000000e+00,1.58040453100,0.0150500000,567.00,17.2000,3101.00,0.182000,0.216200,1,1,"Transit",2009
"HAT-P-14 b","HAT-P-14",15.91678000,1.09333520000000e+03,4.62767000000,0.0596000000,1624.00,1038.7800,6600.00,2.650000,1.820000,2,1,"Transit",2010
"HAT-P-17 b","HAT-P-17",11.76945000,1.84341400000000e+02,10.33852000000,0.0892000000,800.00,110.5120,5246.00,0.990000,0.870000,1,2,"Transit",2012
"HAT-P-17 c","HAT-P-17",13.10000000,,5584.00000000000,5.6000000000,99.59,0.0164,5336.96,0.920000,0.838682,1,2,"Radial Velocity",2012
"HAT-P-18 b","HAT-P-18",10.70457657,5.55246227029000e+01,5.50802910000,0.0559000000,841.00,82.2407,4870.00,0.770000,0.717000,1,1,"Transit",2010
"HAT-P-1 b","HAT-P-1",14.78467100,1.66860750000000e+02,4.46529976000,0.0556100000,1322.00,259.6870,5980.00,1.151000,1.174000,2,1,"Transit",2006
"HAT-P-26 b","HAT-P-26",7.06167000,2.22481000000000e+01,4.23452000000,0.0474800000,1080.00,185.0743,5079.00,1.120000,0.870000,1,1,"Transit",2010
"HAT-P-30 b","HAT-P-30",16.14096000,2.63798900000000e+02,2.81060000000,0.0419000000,1630.00,1467.9573,6304.00,1.550000,1.310000,2,1,"Transit",2011
"HAT-P-32 b","HAT-P-32",22.19382000,2.16124400000000e+02,2.15000820000,0.0339700000,1835.70,1841.0000,6001.00,1.132000,1.367000,2,1,"Transit",2011
"HD 149026 b","HD 149026",8.29466000,1.20775400000000e+02,2.87589000000,0.0436400000,1626.00,1095.9100,6179.00,1.420000,1.410000,1,1,"Radial Velocity",2005
"HD 189733 b","HD 189733",12.66617000,3.59147900000000e+02,2.21857567000,0.0312600000,1209.00,356.0000,5052.00,0.790000,0.750000,2,1,"Radial Velocity",2005
"HD 209458 b","HD 209458",15.58051000,2.32015900000000e+02,3.52474859000,0.0470700000,1459.00,587.0980,6091.00,1.230000,1.190000,1,1,"Radial Velocity",1999
"HD 80606 b","HD 80606",11.56766808,1.32346926958870e+03,111.43676500000,0.4603000000,405.00,4.6941,5565.00,1.050000,1.050000,2,1,"Radial Velocity",2001
"HD 86226 b","HD 86226",14.30000000,1.43023500000000e+02,1628.00000000000,2.7300000000,176.00,0.1583,5863.00,1.019000,1.053000,1,2,"Radial Velocity",2009
"TrES-4 b","TrES-4",18.04649000,2.47907400000000e+02,3.55395000000,0.0508400000,1778.00,2276.2950,6200.00,1.080000,1.660000,2,1,"Transit",2007
"WASP-12 b","WASP-12",22.02564708,4.67210100000000e+02,1.09141890100,0.0234000000,2601.00,8220.5840,6265.00,1.325000,1.690000,3,1,"Transit",2008
"WASP-15 b","WASP-15",15.80469000,1.71628200000000e+02,3.75210000000,0.0516500000,1676.00,1237.7366,6300.00,1.180000,1.480000,1,1,"Transit",2009
"WASP-17 b","WASP-17",20.96083000,2.47907400000000e+02,3.73543000000,0.0515000000,1755.00,1292.1900,6550.00,2.280000,1.490000,1,1,"Transit",2009
"WASP-18 b","WASP-18",13.89913607,3.24184975140000e+03,0.94145223000,0.0202400000,2429.00,5805.0000,6432.00,1.294000,1.319000,2,1,"Transit",2009
"WASP-19 b","WASP-19",15.86070769,3.66773981678000e+02,0.78883852000,0.0165200000,2113.00,3320.0000,5616.00,0.965000,1.006000,1,1,"Transit",2009
"WASP-25 b","WASP-25",13.80946422,1.79255221548000e+02,3.76483370000,0.0473000000,1217.00,341.0000,5697.00,0.962000,0.884000,1,1,"Transit",2010
"WASP-39 b","WASP-39",14.33631100,8.93102300000000e+01,4.05529410000,0.0482800000,1166.00,316.2690,5485.00,0.913000,0.939000,1,1,"Transit",2011
"WASP-43 b","WASP-43",10.42400000,5.65714000000000e+02,0.81347500000,0.0142000000,1426.70,680.8953,4400.00,0.580000,0.600000,1,1,"Transit",2011
"WASP-6 b","WASP-6",12.54284940,1.48425866069000e+02,3.36100260000,0.0421700000,1167.00,288.0000,5438.00,0.854000,0.790000,1,1,"Transit",2009
"GJ 3470 b","GJ 3470",4.57000000,1.39000000000000e+01,3.33664960000,0.0355000000,593.50,29.6584,3600.00,0.539000,0.547000,1,1,"Radial Velocity",2012
"WASP-47 b","WASP-47",12.86000000,3.74000000000000e+02,4.15915100000,0.0520000000,1275.00,409.0000,5565.00,1.058000,1.156000,1,4,"Transit",2012
"WASP-63 b","WASP-63",15.80469000,1.17597100000000e+02,4.37808000000,0.0574000000,1469.91,1103.2708,5550.00,1.280000,1.860000,1,1,"Transit",2012
"WASP-52 b","WASP-52",14.24000000,1.46200000000000e+02,1.74977980000,0.0272000000,1315.00,605.7625,5000.00,0.870000,0.790000,1,1,"Transit",2012
"WASP-77 A b","WASP-77 A",13.56000000,5.29311429017800e+02,1.36002939500,0.0232336330,1674.00,1440.0000,5617.00,0.903000,0.910000,2,1,"Transit",2012
"WASP-80 b","WASP-80",11.19779100,1.70992540000000e+02,3.06785234000,0.0344000000,825.00,72.4420,4143.00,0.577000,0.586000,1,1,"Transit",2012
"WASP-103 b","WASP-103",17.12700000,4.73547000000000e+02,0.92554200000,0.0198500000,2508.00,6568.6932,6110.00,1.220000,1.436000,1,1,"Transit",2014
"WASP-96 b","WASP-96",13.45000000,1.52550000000000e+02,3.42526020000,0.0453000000,1285.00,517.0000,5540.00,1.060000,1.050000,1,1,"Transit",2014
"WASP-94 A b","WASP-94 A",17.71022000,1.58915000000000e+02,3.95019000000,0.0550000000,1604.00,1009.3800,6170.00,1.670000,1.480000,2,2,"Transit",2014
"WASP-94 B b","WASP-94 B",14.10000000,,2.00839000000,0.0335000000,1848.91,2000.0146,6040.00,1.240000,1.350000,2,2,"Radial Velocity",2014
"WASP-69 b","WASP-69",11.21000000,8.25800000000000e+01,3.86813881000,0.0453000000,971.00,180.5564,4792.00,0.830000,0.801000,1,1,"Transit",2014
"WASP-84 b","WASP-84",10.72000000,2.20000000000000e+02,8.52349648000,0.0778000000,732.00,34.6952,5280.00,0.853000,0.768000,1,2,"Transit",2014
"WASP-20 b","WASP-20",15.46839337,9.88410000000000e+01,4.89964477000,0.0599900000,1362.00,259.8640,5940.00,1.200000,1.242000,2,1,"Transit",2015
"HATS-6 b","HATS-6",11.18658200,1.01387770000000e+02,3.32527250000,0.0362300000,712.80,47.3315,3724.00,0.574000,0.570000,1,1,"Transit",2015
"KELT-7 b","KELT-7",17.93440000,4.41783700000000e+02,2.73477000000,0.0441500000,2048.00,1775.3900,6768.00,1.760000,1.810000,1,1,"Transit",2015
"K2-18 b","K2-18",2.37000000,8.92000000000000e+00,32.93962300000,0.1429000000,284.00,1.0050,3457.00,0.359000,0.411000,1,2,"Transit",2015
"KELT-8 b","KELT-8",18.15858000,2.09767800000000e+02,3.24406000000,0.0455000000,1675.00,983.3098,5754.00,0.810000,1.460000,1,1,"Transit",2015
"K2-22 b","K2-22",2.30000000,4.44962000000000e+02,0.38107300000,0.0090000000,2100.00,114.0000,3879.00,0.595292,0.580000,2,1,"Transit",2015
"WASP-47 c","WASP-47",,4.47000000000000e+02,589.57000000000,1.3930000000,247.00,0.5490,5565.00,1.058000,1.156000,1,4,"Radial Velocity",2015
"WASP-47 d","WASP-47",3.65000000,1.55000000000000e+01,9.03050100000,0.0850000000,885.00,145.0000,5565.00,1.058000,1.156000,1,4,"Transit",2015
"WASP-47 e","WASP-47",1.83000000,9.00000000000000e+00,0.78961000000,0.0167300000,1992.00,3740.0000,5565.00,1.058000,1.156000,1,4,"Transit",2015
"GJ 1132 b","GJ 1132",1.19151465,1.83704819246000e+00,1.62892911000,0.0157000000,583.80,19.3000,3229.00,0.194500,0.221100,1,2,"Transit",2015
"WASP-76 b","WASP-76",20.78145022,2.84138595858000e+02,1.80988198000,0.0330000000,2228.00,4104.0000,6329.00,1.458000,1.756000,2,1,"Transit",2016
"KELT-4 A b","KELT-4 A",19.04409100,2.86682660000000e+02,2.98959320000,0.0431700000,1823.00,1840.0000,6206.00,1.201000,1.603000,3,1,"Transit",2016
"TRAPPIST-1 b","TRAPPIST-1",1.11600000,1.37400000000000e+00,1.51082600000,0.0115400000,397.60,4.1530,2566.00,0.089800,0.119200,1,7,"Transit",2016
"TRAPPIST-1 c","TRAPPIST-1",1.09700000,1.30800000000000e+00,2.42193700000,0.0158000000,339.70,2.2140,2566.00,0.089800,0.119200,1,7,"Transit",2016
"TRAPPIST-1 d","TRAPPIST-1",0.78800000,3.88000000000000e-01,4.04921900000,0.0222700000,286.20,1.1150,2566.00,0.089800,0.119200,1,7,"Transit",2016
"K2-34 b","K2-34",13.75000000,5.39675340000000e+02,2.99563480000,0.0442000000,1687.00,963.5660,6168.00,1.160000,1.420000,1,1,"Transit",2016
"WASP-121 b","WASP-121",19.52604438,3.71859236190000e+02,1.27492504000,0.0257100000,2409.00,6216.4100,6628.00,1.330000,1.461000,1,1,"Transit",2016
"HIP 41378 b","HIP 41378",2.64000000,6.90000000000000e+00,15.57209000000,0.1303000000,959.00,140.0000,6290.00,1.220000,1.300000,1,6,"Transit",2016
"HIP 41378 c","HIP 41378",2.74000000,5.97000000000000e+00,31.70591000000,0.2093000000,757.00,54.0000,6290.00,1.220000,1.300000,1,6,"Transit",2016
"HIP 41378 d","HIP 41378",3.65000000,6.53000000000000e+00,278.36180000000,1.1700000000,367.00,3.0100,6290.00,1.220000,1.300000,1,6,"Transit",2016
"HIP 41378 e","HIP 41378",5.19000000,7.62000000000000e+00,393.00000000000,0.6800000000,335.00,2.1000,6290.00,1.220000,1.300000,1,6,"Transit",2016
"HIP 41378 f","HIP 41378",9.47000000,2.50000000000000e+01,542.07970000000,1.3940000000,294.00,1.2400,6290.00,1.220000,1.300000,1,6,"Transit",2016
"HD 3167 b","HD 3167",1.60100000,4.84400000000000e+00,0.95965451000,0.0181400000,1781.00,1650.0000,5338.00,0.864000,0.871000,1,4,"Transit",2016
"HD 3167 c","HD 3167",2.98300000,1.14100000000000e+01,29.84651100000,0.1794000000,567.00,16.9000,5338.00,0.864000,0.871000,1,4,"Transit",2016
"HAT-P-65 b","HAT-P-65",18.05766791,1.76076937478000e+02,2.60544751000,0.0404200000,1818.00,1821.0000,5872.00,1.297000,1.666000,1,1,"Transit",2016
"WASP-131 b","WASP-131",13.74221034,8.67671551110000e+01,5.32201250000,0.0608000000,1460.00,995.3724,5990.00,1.060000,1.561000,1,1,"Transit",2016
"WASP-139 b","WASP-139",8.96720000,3.71861100000000e+01,5.92426200000,0.0620000000,910.00,120.7076,5310.00,0.920000,0.800000,2,1,"Transit",2016
"WASP-127 b","WASP-127",14.69499900,5.23466010000000e+01,4.17806203000,0.0484000000,1400.00,703.9710,5620.00,0.950000,1.333000,2,1,"Transit",2016
"TRAPPIST-1 e","TRAPPIST-1",0.92000000,6.92000000000000e-01,6.10101300000,0.0292500000,249.70,0.6460,2566.00,0.089800,0.119200,1,7,"Transit",2017
"TRAPPIST-1 f","TRAPPIST-1",1.04500000,1.03900000000000e+00,9.20754000000,0.0384900000,217.70,0.3730,2566.00,0.089800,0.119200,1,7,"Transit",2017
"TRAPPIST-1 g","TRAPPIST-1",1.12900000,1.32100000000000e+00,12.35244600000,0.0468300000,197.30,0.2520,2566.00,0.089800,0.119200,1,7,"Transit",2017
"TRAPPIST-1 h","TRAPPIST-1",0.75500000,3.26000000000000e-01,18.77286600000,0.0618900000,171.70,0.1440,2566.00,0.089800,0.119200,1,7,"Transit",2017
"HD 106315 b","HD 106315",2.44000000,1.26000000000000e+01,9.55237000000,0.0907000000,1153.00,277.0000,6327.00,1.091000,1.296000,1,2,"Transit",2017
"HD 106315 c","HD 106315",4.35000000,1.52000000000000e+01,21.05704000000,0.1536000000,886.00,97.0000,6327.00,1.091000,1.296000,1,2,"Transit",2017
"LHS 1140 b","LHS 1140",1.73000000,5.60000000000000e+00,24.73723000000,0.0946000000,226.00,0.4300,3096.00,0.184400,0.215900,1,2,"Transit",2017
"KELT-11 b","KELT-11",15.13212395,6.51548234350000e+01,4.73620865000,0.0623000000,1712.00,1433.0000,5375.00,1.440000,2.690000,1,1,"Transit",2017
"KELT-9 b","KELT-9",21.70058664,9.15345812160000e+02,1.48112350000,0.0336800000,3921.00,44900.0000,9270.00,2.320000,2.418000,2,1,"Transit",2017
"HD 3167 d","HD 3167",2.61000000,7.30000000000000e+00,8.39670000000,0.0770000000,865.00,88.9000,5338.00,0.864000,0.871000,1,4,"Radial Velocity",2017
"WASP-107 b","WASP-107",10.48039695,3.30223714873000e+01,5.72148750000,0.0550000000,736.00,51.0000,4425.00,0.683000,0.657000,1,2,"Transit",2017
"GJ 9827 b","GJ 9827",1.44000000,4.28000000000000e+00,1.20897400000,0.0189000000,1035.01,318.0000,4236.00,0.620000,0.580000,1,3,"Transit",2017
"GJ 9827 c","GJ 9827",1.13000000,1.86000000000000e+00,3.64810300000,0.0395000000,715.94,73.0000,4236.00,0.620000,0.580000,1,3,"Transit",2017
"GJ 9827 d","GJ 9827",1.98000000,3.02000000000000e+00,6.20183000000,0.0530000000,675.00,34.9000,4236.00,0.620000,0.580000,1,3,"Transit",2017
"KELT-20 b","KELT-20",19.51486900,1.07490106000000e+03,3.47410850000,0.0542000000,2262.00,4362.5000,8720.00,1.760000,1.565000,1,1,"Transit",2017
"K2-18 c","K2-18",2.65000000,,8.96200000000,0.0600000000,363.00,7.0278,3457.00,0.359000,0.411000,1,2,"Radial Velocity",2017
"K2-141 b","K2-141",1.51000000,4.97000000000000e+00,0.28032440000,0.0074700000,2103.00,3260.0000,4570.00,0.708000,0.681000,1,2,"Transit",2018
"K2-141 c","K2-141",7.00000000,8.00000000000000e+00,7.74850000000,0.0683000000,695.00,39.1000,4570.00,0.708000,0.681000,1,2,"Transit",2018
"K2-232 b","K2-232",11.20900000,1.26496340000000e+02,11.16845400000,0.1035600000,1030.00,312.1550,6154.00,1.188000,1.161000,1,1,"Transit",2018
"GJ 1132 c","GJ 1132",1.52000000,,8.92900000000,0.0476000000,300.00,2.1053,3090.00,0.198000,0.226000,1,2,"Radial Velocity",2018
"HAT-P-11 c","HAT-P-11",13.20000000,8.51780130760000e+02,3361.00000000000,4.1000000000,91.58,0.0161,4653.00,0.811000,0.683000,1,2,"Radial Velocity",2018
"NGTS-2 b","NGTS-2",17.87835500,2.35194200000000e+02,4.51116400000,0.0630000000,1468.00,1085.3500,6478.00,1.640000,1.702000,1,1,"Transit",2018
"WASP-164 b","WASP-164",12.64375200,6.76977900000000e+02,1.77712550000,0.0281800000,1610.00,1043.2122,5806.00,0.946000,0.932000,1,1,"Transit",2018
"LHS 1140 c","LHS 1140",1.27200000,1.91000000000000e+00,3.77794000000,0.0270000000,422.00,5.3000,3096.00,0.184400,0.215900,1,2,"Transit",2018
"K2-287 b","K2-287",9.49402300,1.00116450000000e+02,14.89329100000,0.1206000000,804.00,53.5814,5695.00,1.056000,1.070000,1,1,"Transit",2018
"LHS 3844 b","LHS 3844",1.28600000,2.37000000000000e+00,0.46292970900,0.0062400000,816.00,73.6700,3080.00,0.151000,0.189000,1,1,"Transit",2019
"HD 15337 b","HD 15337",1.77000000,6.51900000000000e+00,4.75598040000,0.0524500000,1001.00,404.5595,5131.00,0.829000,0.855000,1,2,"Transit",2019
"HD 15337 c","HD 15337",2.52600000,6.79200000000000e+00,17.18054600000,0.1235000000,656.10,45.0685,5131.00,0.829000,0.855000,1,2,"Transit",2019
"L 98-59 b","L 98-59",0.83700000,4.60000000000000e-01,2.25311400000,0.0223000000,620.00,24.5000,3415.00,0.292300,0.315500,1,5,"Transit",2019
"L 98-59 c","L 98-59",1.32900000,2.00000000000000e+00,3.69067640000,0.0309000000,526.00,12.7000,3415.00,0.292300,0.315500,1,5,"Transit",2019
"L 98-59 d","L 98-59",1.62700000,1.64000000000000e+00,7.45072900000,0.0494000000,416.00,4.9700,3415.00,0.292300,0.315500,1,5,"Transit",2019
"V1298 Tau b","V1298 Tau",9.41000000,1.31000000000000e+01,24.14000600000,0.1685000000,666.00,33.2000,4970.00,1.100000,1.320000,3,4,"Transit",2019
"WASP-166 b","WASP-166",7.06167000,3.21008300000000e+01,5.44354000000,0.0641000000,1270.00,440.0000,6050.00,1.190000,1.220000,1,1,"Transit",2019
"TOI-270 b","TOI-270",1.28000000,1.48000000000000e+00,3.35992000000,0.0319700000,600.00,131.7935,3506.00,0.386000,0.380000,1,3,"Transit",2019
"TOI-270 c","TOI-270",2.33000000,6.20000000000000e+00,5.66051000000,0.0452600000,489.00,47.0639,3506.00,0.386000,0.380000,1,3,"Transit",2019
"TOI-270 d","TOI-270",2.00000000,4.20000000000000e+00,11.38194000000,0.0721000000,383.00,9.2135,3506.00,0.386000,0.380000,1,3,"Transit",2019
"GJ 357 b","GJ 357",1.20000000,1.83000000000000e+00,3.93060000000,0.0360000000,518.00,12.6000,3505.00,0.342000,0.337000,1,3,"Transit",2019
"GJ 357 c","GJ 357",1.66000000,,9.12470000000,0.0610000000,401.20,4.4500,3505.00,0.342000,0.337000,1,3,"Radial Velocity",2019
"GJ 357 d","GJ 357",2.34000000,,55.66100000000,0.2040000000,219.60,0.3800,3505.00,0.342000,0.337000,1,3,"Radial Velocity",2019
"LTT 1445 A b","LTT 1445 A",1.34000000,2.73000000000000e+00,5.35876350000,0.0381000000,431.00,5.7000,3562.00,0.257000,0.271000,3,2,"Transit",2019
"WASP-178 b","WASP-178",20.28829000,5.27597800000000e+02,3.34482850000,0.0558000000,2470.00,5550.0000,9360.00,2.070000,1.670000,1,1,"Transit",2019
"V1298 Tau c","V1298 Tau",5.08000000,4.70000000000000e+00,8.24916400000,0.0824000000,953.00,146.0000,4970.00,1.100000,1.320000,3,4,"Transit",2019
"V1298 Tau d","V1298 Tau",6.53000000,6.00000000000000e+00,12.40139400000,0.1081000000,831.00,85.0000,4970.00,1.100000,1.320000,3,4,"Transit",2019
"V1298 Tau e","V1298 Tau",10.17000000,1.53000000000000e+01,48.67771400000,0.2689000000,527.00,10.0000,4970.00,1.100000,1.320000,3,4,"Transit",2019
"LP 791-18 b","LP 791-18",1.21200000,,0.94799810000,0.0097800000,564.30,24.1400,2960.00,0.139000,0.182000,1,3,"Transit",2019
"LP 791-18 c","LP 791-18",2.48800000,7.16000000000000e+00,4.98991000000,0.0296100000,324.40,2.6370,2960.00,0.139000,0.182000,1,3,"Transit",2019
"TOI-125 b","TOI-125",2.72600000,9.50000000000000e+00,4.65382000000,0.0518600000,1037.00,185.0000,5320.00,0.859000,0.848000,1,3,"Transit",2019
"TOI-125 c","TOI-125",2.75900000,6.63000000000000e+00,9.15059000000,0.0814000000,827.80,77.5900,5320.00,0.859000,0.848000,1,3,"Transit",2019
"L 168-9 b","L 168-9",1.63000000,4.07000000000000e+00,1.40152604000,0.0208000000,998.00,149.3748,3842.00,0.614000,0.604000,1,1,"Transit",2020
"TOI-125 d","TOI-125",2.93000000,1.36000000000000e+01,19.98000000000,0.1370000000,638.10,26.7000,5320.00,0.859000,0.848000,1,3,"Transit",2020
"HATS-48 A b","HATS-48 A",8.96720000,7.72326900000000e+01,3.13166660000,0.0376900000,954.60,137.6000,4546.00,0.727900,0.715200,2,1,"Transit",2020
"HATS-72 b","HATS-72",8.09738160,3.98558820000000e+01,7.32794740000,0.0665170000,739.30,49.5800,4656.10,0.731100,0.721400,1,1,"Transit",2020
"NGTS-10 b","NGTS-10",13.89913607,6.87148460000000e+02,0.76689440000,0.0143000000,1508.00,3716.1785,4567.00,0.696000,0.700000,2,1,"Transit",2020
"TOI-1130 b","TOI-1130",3.66000000,1.98000000000000e+01,4.07455400000,0.0453000000,825.00,78.1000,4360.00,0.745000,0.697000,1,2,"Transit",2020
"TOI-1130 c","TOI-1130",13.00000000,3.36000000000000e+02,8.35018980000,0.0731000000,650.00,30.0000,4360.00,0.745000,0.697000,1,2,"Transit",2020
"TOI-677 b","TOI-677",13.11450742,3.92200254238000e+02,11.23659850000,0.1041000000,1252.00,37.6345,6295.00,1.181000,1.280000,1,1,"Transit",2020
"LTT 3780 b","LTT 3780",1.32500000,2.46000000000000e+00,0.76837931000,0.0119500000,903.00,111.0000,3358.00,0.381000,0.380000,2,2,"Transit",2020
"LTT 3780 c","LTT 3780",2.39000000,8.04000000000000e+00,12.25228400000,0.0757000000,359.00,2.7600,3358.00,0.381000,0.380000,2,2,"Transit",2020
"TOI-1338 b","TOI-1338 A",7.66100000,1.13000000000000e+01,95.40010000000,0.4607000000,254.65,0.9938,5723.20,1.093600,1.313000,2,2,"Transit",2020
"AU Mic b","AU Mic",4.79000000,8.99000000000000e+00,8.46344600000,0.0700000000,554.80,21.2000,3540.00,0.635000,0.862000,1,4,"Transit",2020
"WASP-148 b","WASP-148",8.47398941,9.12167528090000e+01,8.80380900000,0.0821500000,940.00,72.6990,5555.00,0.954000,0.912000,1,2,"Transit",2020
"WASP-148 c","WASP-148",13.90000000,1.24588735544000e+02,34.52400000000,0.2044000000,590.00,17.3770,5555.00,0.954000,0.912000,1,2,"Radial Velocity",2020
"NGTS-11 b","NGTS-11",9.15775300,1.09333520000000e+02,35.45533000000,0.2010000000,435.00,9.2420,5050.00,0.862000,0.832000,1,1,"Transit",2020
"TOI-849 b","TOI-849",3.64000000,4.18000000000000e+01,0.76554800000,0.0155000000,1932.00,2314.0600,5257.00,0.970000,0.970000,1,1,"Transit",2020
"TOI-700 b","TOI-700",0.91400000,,9.97721900000,0.0677000000,417.00,4.9800,3459.00,0.415000,0.421000,1,4,"Transit",2020
"TOI-700 c","TOI-700",2.60000000,,16.05113700000,0.0929000000,356.00,2.6400,3459.00,0.415000,0.421000,1,4,"Transit",2020
"TOI-700 d","TOI-700",1.07300000,,37.42396000000,0.1633000000,268.80,0.8500,3459.00,0.415000,0.421000,1,4,"Transit",2020
"HIP 67522 b","HIP 67522",9.98720180,,6.95947310000,0.0748000000,1175.00,341.0878,5675.00,1.220000,1.380000,1,2,"Transit",2020
"TOI-1899 b","TOI-1899",11.09689089,2.12945032690000e+02,29.09031200000,0.1525000000,378.00,3.4000,3926.00,0.632000,0.607000,1,1,"Transit",2020
"HD 86226 c","HD 86226",2.16000000,7.25000000000000e+00,3.98442000000,0.0490000000,1311.00,647.9010,5863.00,1.019000,1.053000,1,2,"Transit",2020
"WD 1856+534 b","WD 1856+534",10.40000000,4.38605400000000e+03,1.40794050000,0.0204000000,163.00,0.1810,4710.00,0.518000,0.013100,3,1,"Transit",2020
"LTT 9779 b","LTT 9779",4.72000000,2.93200000000000e+01,0.79205200000,0.0167900000,1978.00,1781.1556,5443.00,1.020000,0.949000,1,1,"Transit",2020
"TOI-824 b","TOI-824",2.92600000,1.84670000000000e+01,1.39297800000,0.0217700000,1253.00,412.0000,4600.00,0.710000,0.695000,1,1,"Transit",2020
"TOI-421 b","TOI-421",2.64000000,6.70000000000000e+00,5.19757600000,0.0554000000,922.00,154.5700,5291.00,0.833000,0.866000,2,2,"Transit",2020
"TOI-421 c","TOI-421",5.09000000,1.41000000000000e+01,16.06754100000,0.1170000000,635.00,34.3200,5291.00,0.833000,0.866000,2,2,"Transit",2020
"GJ 3473 b","GJ 3473",1.26400000,1.86000000000000e+00,1.19800350000,0.0158900000,773.00,59.4000,3347.00,0.360000,0.364000,2,2,"Transit",2020
"GJ 3473 c","GJ 3473",2.63000000,,15.50900000000,0.0876000000,329.10,1.9500,3347.00,0.360000,0.364000,2,2,"Radial Velocity",2020
"WASP-107 c","WASP-107",13.00000000,,1091.00000000000,,,,4425.00,0.683000,0.657000,1,2,"Radial Velocity",2020
"TOI-776 b","TOI-776",1.79800000,5.00000000000000e+00,8.24662000000,0.0653000000,520.00,11.5000,3725.00,0.542000,0.547000,1,2,"Transit",2020
"TOI-776 c","TOI-776",2.04700000,6.90000000000000e+00,15.66532300000,0.1001000000,420.00,4.9000,3725.00,0.542000,0.547000,1,2,"Transit",2020
"TOI-561 b","TOI-561",1.39700000,2.02000000000000e+00,0.44656970000,0.0106400000,2319.00,4709.0000,5342.00,0.806000,0.843000,1,4,"Transit",2020
"TOI-561 c","TOI-561",2.86500000,5.93000000000000e+00,10.77883800000,0.0889000000,802.00,67.5000,5342.00,0.806000,0.843000,1,4,"Transit",2020
"TOI-561 d","TOI-561",2.61500000,1.33300000000000e+01,25.71268000000,0.1587000000,600.00,21.2000,5342.00,0.806000,0.843000,1,4,"Transit",2020
"TOI-561 e","TOI-561",2.51700000,1.24000000000000e+01,77.14400000000,0.3300000000,416.00,4.8900,5342.00,0.806000,0.843000,1,4,"Transit",2020
"TOI-451 b","TOI-451",1.84000000,4.70000000000000e+00,1.85870330000,0.0274000000,1474.00,786.0000,5490.00,0.930000,0.850000,2,3,"Transit",2020
"TOI-451 c","TOI-451",2.93000000,3.70000000000000e+00,9.19246300000,0.0795000000,865.00,93.0000,5490.00,0.930000,0.850000,2,3,"Transit",2020
"TOI-451 d","TOI-451",3.93000000,1.02000000000000e+01,16.36496200000,0.1168000000,714.00,43.2000,5490.00,0.930000,0.850000,2,3,"Transit",2020
"TOI-178 b","TOI-178",1.20000000,9.60000000000000e-01,1.91456010000,0.0260700000,1040.00,200.1045,4316.00,0.647000,0.662000,1,6,"Transit",2021
"TOI-178 c","TOI-178",1.75400000,4.64000000000000e+00,3.23848600000,0.0370000000,873.00,97.6159,4316.00,0.647000,0.662000,1,6,"Transit",2021
"TOI-178 d","TOI-178",2.69500000,5.20000000000000e+00,6.55756900000,0.0592000000,690.00,24.9125,4316.00,0.647000,0.662000,1,6,"Transit",2021
"TOI-178 e","TOI-178",2.30100000,3.48000000000000e+00,9.96318000000,0.0783000000,600.00,21.8202,4316.00,0.647000,0.662000,1,6,"Transit",2021
"TOI-178 f","TOI-178",2.41700000,5.63000000000000e+00,15.23335000000,0.1039000000,521.00,0.6071,4316.00,0.647000,0.662000,1,6,"Transit",2021
"TOI-178 g","TOI-178",2.93900000,4.40000000000000e+00,20.71663000000,0.1275000000,470.00,19.4978,4316.00,0.647000,0.662000,1,6,"Transit",2021
"GJ 486 b","GJ 486",1.28900000,2.77000000000000e+00,1.46712127000,0.0171400000,696.30,39.2000,3317.00,0.312000,0.324300,1,1,"Radial Velocity",2021
"LHS 1478 b","LHS 1478",1.24200000,2.33000000000000e+00,1.94953780000,0.0184800000,595.00,23.3722,3381.00,0.236000,0.246000,1,1,"Transit",2021
"TOI-1231 b","TOI-1231",3.65000000,1.54000000000000e+01,24.24558600000,0.1288000000,329.60,1.9300,3553.00,0.485000,0.476000,1,1,"Transit",2021
"TOI-674 b","TOI-674",5.25000000,2.36000000000000e+01,1.97714300000,0.0250000000,635.00,38.4000,3514.00,0.420000,0.420000,1,1,"Transit",2021
"TOI-1685 b","TOI-1685",1.42100000,3.07000000000000e+00,0.66913923000,0.0116400000,1000.00,213.0000,3470.00,0.466000,0.462000,1,1,"Transit",2021
"TOI-1807 b","TOI-1807",1.49681583,2.44000000000000e+00,0.54937097000,0.0122000000,1694.10,1407.2200,4914.00,0.804800,0.746000,1,1,"Transit",2021
"TOI-2076 b","TOI-2076",2.59000000,6.70000000000000e+00,10.35504000000,0.0878100000,736.00,49.4000,5187.00,0.849000,0.758000,1,4,"Transit",2021
"TOI-2076 c","TOI-2076",3.54000000,7.20000000000000e+00,21.01447000000,0.1407000000,581.00,32.7000,5187.00,0.849000,0.758000,1,4,"Transit",2021
"TOI-2076 d","TOI-2076",3.27000000,7.30000000000000e+00,35.12803000000,0.1982000000,490.00,16.5000,5187.00,0.849000,0.758000,1,4,"Transit",2021
"AU Mic c","AU Mic",2.79000000,1.44600000000000e+01,18.85902300000,0.1190000000,424.70,7.3000,3540.00,0.635000,0.862000,1,4,"Transit",2021
"TOI-431 b","TOI-431",1.28000000,3.07000000000000e+00,0.49004700000,0.0113000000,1862.00,2120.4475,4850.00,0.780000,0.731000,1,3,"Transit",2021
"TOI-431 c","TOI-431",1.49000000,,4.84940000000,0.0520000000,867.00,100.6717,4850.00,0.780000,0.731000,1,3,"Radial Velocity",2021
"TOI-431 d","TOI-431",3.29000000,9.90000000000000e+00,12.46103000000,0.0980000000,633.00,28.3588,4850.00,0.780000,0.731000,1,3,"Transit",2021
"L 98-59 e","L 98-59",1.49000000,,12.82780000000,0.0712000000,347.00,2.4000,3415.00,0.292300,0.315500,1,5,"Radial Velocity",2021
"HD 63935 b","HD 63935",2.91575244,1.05000000000000e+01,9.05880700000,0.0830000000,825.22,115.6000,5513.00,0.940600,0.959800,1,2,"Transit",2021
"HD 63935 c","HD 63935",3.06451296,1.11000000000000e+01,21.40270000000,0.1480000000,619.59,36.7000,5513.00,0.940600,0.959800,1,2,"Radial Velocity",2021
"GJ 367 b","GJ 367",0.73600000,5.03000000000000e-01,0.32192260000,0.0071000000,1329.00,579.0000,3535.00,0.451000,0.457000,1,3,"Transit",2021
"TOI-2109 b","TOI-2109",15.09849700,1.59549860314000e+03,0.67247414000,0.0179100000,3646.00,14429.0000,6540.00,1.453000,1.698000,1,1,"Transit",2021
"HATS-75 b","HATS-75",9.90873894,1.56053747837000e+02,2.78865560000,0.0327420000,772.30,59.2600,3790.40,0.601700,0.584800,1,1,"Transit",2021
"LTT 1445 A c","LTT 1445 A",1.14700000,1.54000000000000e+00,3.12390350000,0.0266100000,508.00,10.9000,3340.00,0.257000,0.265000,3,2,"Transit",2022
"TOI-500 b","TOI-500",1.16600000,1.42000000000000e+00,0.54817700000,0.0118900000,1617.00,1138.0000,4440.00,0.740000,0.678000,1,4,"Transit",2022
"TOI-1075 b","TOI-1075",1.79100000,9.95000000000000e+00,0.60473280000,0.0115900000,1323.00,509.2000,3875.00,0.604000,0.581000,1,1,"Transit",2022
"TOI-1442 b","TOI-1442",1.17000000,,0.40906770000,0.0071000000,1072.00,207.0242,3330.00,0.290000,0.310000,1,1,"Transit",2022
"TOI-2260 b","TOI-2260",1.62000000,,0.35247280000,0.0097000000,2609.00,1844.9800,5534.00,0.990000,0.940000,1,1,"Transit",2022
"TOI-2445 b","TOI-2445",1.25000000,,0.37112810000,0.0064000000,1060.00,204.4874,3333.00,0.250000,0.270000,1,1,"Transit",2022
"GJ 3929 b","GJ 3929",1.09000000,1.75000000000000e+00,2.61623500000,0.0252000000,568.00,17.3000,3384.00,0.313000,0.320000,1,2,"Transit",2022
"WASP-189 b","WASP-189",18.14733975,6.32478529930000e+02,2.72403300000,0.0505300000,3353.00,8083.7169,8000.00,2.030000,2.360000,1,1,"Transit",2020
"TOI-1670 b","TOI-1670",2.06000000,4.13176929100000e+01,10.98462000000,0.1030000000,1062.00,196.6940,6170.00,1.210000,1.316000,1,2,"Transit",2022
"TOI-1670 c","TOI-1670",11.06326395,2.00231896410000e+02,40.74976000000,0.2490000000,684.00,14.5514,6170.00,1.210000,1.316000,1,2,"Transit",2022
"TOI-500 c","TOI-500",2.09000000,,6.63560000000,,,,4440.00,0.740000,0.678000,1,4,"Radial Velocity",2022
"TOI-500 d","TOI-500",6.35000000,,26.23300000000,,,,4440.00,0.740000,0.678000,1,4,"Radial Velocity",2022
"TOI-500 e","TOI-500",3.99000000,,61.30000000000,,,,4440.00,0.740000,0.678000,1,4,"Radial Velocity",2022
"HD 260655 b","HD 260655",1.24000000,2.14000000000000e+00,2.76953000000,0.0293300000,709.00,42.2000,3803.00,0.439000,0.439000,1,2,"Transit",2022
"HD 260655 c","HD 260655",1.53300000,3.09000000000000e+00,5.70588000000,0.0474900000,557.00,16.1000,3803.00,0.439000,0.439000,1,2,"Transit",2022
"TOI-3714 b","TOI-3714",11.32107051,2.22479884900000e+02,2.15484900000,0.0270000000,750.00,54.0000,3660.00,0.530000,0.510000,2,1,"Transit",2022
"GJ 3929 c","GJ 3929",2.26000000,,15.04000000000,0.0810000000,317.00,1.6800,3384.00,0.313000,0.320000,1,2,"Radial Velocity",2022
"GJ 3090 b","GJ 3090",2.18000000,4.52000000000000e+00,2.85310198000,0.0316000000,723.00,45.4000,3707.00,0.519000,0.516000,1,2,"Transit",2022
"TOI-181 b","TOI-181",6.95590000,4.61687000000000e+01,4.53200000000,0.0539000000,895.10,102.4300,4994.00,0.822000,0.745000,1,1,"Transit",2023
"TOI-199 b","TOI-199",9.07927437,5.40308291900000e+01,104.85400000000,0.4254000000,325.00,8.5419,5255.00,0.936000,0.820000,1,2,"Transit",2023
"TOI-700 e","TOI-700",0.95300000,,27.80978000000,0.1340000000,272.90,1.2700,3459.00,0.415000,0.421000,1,4,"Transit",2023
"TOI-771 b","TOI-771",1.36000000,2.47000000000000e+00,2.32601550000,0.0208000000,543.00,14.0000,3370.00,0.220000,0.232000,1,2,"Transit",2024
"TOI-836.01","TOI-836",2.58700000,9.60000000000000e+00,8.59545000000,0.0750000000,665.00,26.7070,4552.00,0.678000,0.665000,1,2,"Transit",2021
"TOI-836 b","TOI-836",1.70400000,4.53000000000000e+00,3.81673000000,0.0422000000,871.00,78.8380,4552.00,0.678000,0.665000,1,2,"Transit",2023
"LHS 475 b","LHS 475",0.99100000,,2.02908800000,0.0203700000,586.00,20.8000,3300.00,0.262000,0.278900,1,1,"Transit",2023
"TOI-1136 d","TOI-1136",4.62700000,8.35000000000000e+00,12.51990000000,0.1062000000,843.00,626.3620,5770.00,1.022000,0.968000,1,6,"Transit",2022
"TOI-1136 c","TOI-1136",2.87900000,6.32000000000000e+00,6.25740000000,0.0669000000,1062.00,232.3920,5770.00,1.022000,0.968000,1,6,"Transit",2022
"TOI-1136 f","TOI-1136",3.73591482,9.70000000000000e+00,26.32100000000,0.1740000000,658.00,26.4328,5770.00,1.022000,0.968000,1,6,"Transit",2022
"TOI-1136 e","TOI-1136",2.63900000,6.07000000000000e+00,18.80100000000,0.1400000000,737.00,48.4771,5770.00,1.022000,0.968000,1,6,"Transit",2022
"TOI-1173 b","TOI-1173",8.77663189,2.82867282230000e+01,7.06439710000,0.0710000000,868.00,132.0000,5350.00,0.911000,0.934000,2,1,"Transit",2024
"TOI-1416 b","TOI-1416",1.62000000,3.48000000000000e+00,1.06975680000,0.0190000000,1517.00,883.0000,4884.00,0.798000,0.793000,1,1,"Transit",2023
"TOI-1420 b","TOI-1420",11.89000000,2.51000000000000e+01,6.95610630000,0.0710000000,957.00,139.0000,5510.00,0.987000,0.923000,1,1,"Transit",2023
"TOI-1468 c","TOI-1468",2.12600000,4.10000000000000e+00,15.53247700000,0.0860800000,338.10,2.1300,3376.00,0.352700,0.371400,1,2,"Transit",2022
"TOI-1468 b","TOI-1468",1.40100000,3.04000000000000e+00,1.88052010000,0.0210700000,683.50,36.4000,3376.00,0.352700,0.371400,1,2,"Transit",2022
"HIP 9618 b","HIP 9618",3.82838127,8.30000000000000e+00,20.77285800000,0.1450000000,640.88,40.3000,5649.00,0.942000,0.959300,1,2,"Transit",2023
"HIP 9618 c","HIP 9618",3.42855926,7.00000000000000e+00,52.56363000000,0.2690000000,470.31,11.7000,5649.00,0.942000,0.959300,1,2,"Transit",2023
"TOI-1801 b","TOI-1801",2.07900000,5.73800000000000e+00,10.64387000000,0.0750000000,493.70,10.7276,3863.00,0.556000,0.547000,2,1,"Transit",2023
"TOI-1823 b","TOI-1823",7.54062410,6.74000000000000e+01,38.80000000000,0.2120000000,423.63,9.2972,4927.00,0.841400,0.804900,1,1,"Transit",2024
"TOI-2031 A b","TOI-2031 A",14.20177855,2.54262725600000e+02,5.71548654000,0.0660000000,1358.00,567.0000,6490.00,1.174000,1.241000,2,1,"Transit",2025
"TOI-2134 b","TOI-2134",2.73500000,9.37000000000000e+00,9.22919800000,0.0780300000,660.00,32.0000,4580.00,0.744000,0.709000,1,2,"Transit",2023
"TOI-2134 c","TOI-2134",7.35000000,5.83000000000000e+01,95.85284000000,0.3715000000,302.00,1.4000,4580.00,0.744000,0.709000,1,2,"Transit",2023
"TOI-2374 b","TOI-2374",7.48759911,6.16587109580000e+01,4.31361930000,0.0481800000,926.00,122.9000,5002.00,0.802000,0.711000,2,1,"Transit",2024
"TOI-2431 b","TOI-2431",1.53400000,6.20000000000000e+00,0.22419578000,0.0063000000,2063.00,2649.1500,4109.00,0.661000,0.651000,1,1,"Transit",2026
"TOI-3235 b","TOI-3235",11.39953337,2.11355890655000e+02,2.59261842000,0.0270900000,604.00,13.8883,3388.80,0.393900,0.369700,1,1,"Transit",2023
"TOI-3757 b","TOI-3757",12.00000000,8.53000000000000e+01,3.43875300000,0.0384500000,759.00,55.4000,3913.00,0.640000,0.620000,1,1,"Transit",2022
"TOI-3884 b","TOI-3884",6.43000000,3.25900000000000e+01,4.54458280000,0.0361000000,441.00,6.2900,3180.00,0.298000,0.302000,1,1,"Transit",2022
"TOI-3984 A b","TOI-3984 A",7.90000000,4.40000000000000e+01,4.35332600000,0.0410000000,563.00,16.7000,3476.00,0.490000,0.470000,2,1,"Transit",2023
"TOI-4010 c","TOI-4010",5.93000000,2.03100000000000e+01,5.41465400000,0.0580000000,907.00,112.0000,4960.00,0.880000,0.830000,1,4,"Transit",2023
"TOI-4010 d","TOI-4010",6.18000000,3.81500000000000e+01,14.70886000000,0.1130000000,650.00,30.0000,4960.00,0.880000,0.830000,1,4,"Transit",2023
"TOI-4010 b","TOI-4010",3.02000000,1.10000000000000e+01,1.34833500000,0.0229000000,1441.00,714.0000,4960.00,0.880000,0.830000,1,4,"Transit",2023
"LP 890-9 b","LP 890-9",1.32000000,1.32000000000000e+01,2.72990250000,0.0187500000,396.00,4.0900,2850.00,0.118000,0.155600,1,2,"Transit",2022
"TOI-4336 A b","TOI-4336 A",2.13700000,3.33000000000000e+00,16.33635100000,0.0849000000,309.40,1.5300,3307.00,0.306000,0.326000,3,2,"Transit",2024
"HD 20329 b","HD 20329",1.72000000,7.42000000000000e+00,0.92611800000,0.0180000000,2141.00,3474.0000,5596.00,0.900000,1.130000,1,1,"Transit",2022
"Kepler-167 e","Kepler-167",10.16000000,3.21006691070000e+02,1071.23205000000,1.8830000000,134.40,0.1000,4884.00,0.777000,0.749000,2,4,"Transit",2016
"TOI-5205 b","TOI-5205",11.60000000,3.43000000000000e+02,1.63075700000,0.0199000000,737.00,49.0000,3430.00,0.392000,0.394000,1,1,"Transit",2023
"Kepler-167 c","Kepler-167",1.67400000,,7.40610600000,0.0684000000,771.00,61.1750,4884.00,0.777000,0.749000,2,4,"Transit",2014
"TOI-5293 A b","TOI-5293 A",11.90000000,1.70400000000000e+02,2.93028900000,0.0340000000,675.00,34.6000,3586.00,0.540000,0.520000,2,1,"Transit",2023
"KOI-94 d","KOI-94",11.27000000,1.06000000000000e+02,22.34298900000,0.1684000000,806.00,97.1200,6182.00,1.277000,1.520000,2,4,"Transit",2013
"LP 890-9 c","LP 890-9",1.36700000,2.53000000000000e+01,8.45746300000,0.0398400000,272.00,0.9060,2850.00,0.118000,0.155600,1,2,"Transit",2022
"HD 3167 e","HD 3167",3.97000000,1.49000000000000e+01,91.90000000000,0.3797000000,389.00,3.8357,5338.00,0.864000,0.871000,1,4,"Radial Velocity",2022
"TOI-1136 b","TOI-1136",1.90000000,3.50000000000000e+00,4.17270000000,0.0510600000,1216.00,360.5506,5770.00,1.022000,0.968000,1,6,"Transit",2022
"TOI-1136 g","TOI-1136",2.53000000,5.60000000000000e+00,39.54500000000,0.2290000000,574.00,17.9249,5770.00,1.022000,0.968000,1,6,"Transit",2022
"TOI-1338 c","TOI-1338 A",10.30000000,7.54000000000000e+01,215.79000000000,0.7940000000,354.89,3.3833,5723.20,1.093600,1.313000,2,2,"Radial Velocity",2023
"WASP-84 c","WASP-84",1.95000000,1.52000000000000e+01,1.44688490000,0.0235900000,1329.00,1452.1800,5280.00,0.853000,0.768000,1,2,"Transit",2023
"TOI-6109 c","TOI-6109",4.83260000,,8.53887800000,0.0786000000,786.00,63.3913,5660.00,1.030000,1.021000,1,2,"Transit",2025
"TOI-6255 b","TOI-6255",1.07900000,1.44000000000000e+00,0.23818244000,,1256.46,588.9944,3421.00,0.353000,0.370000,1,1,"Transit",2024
"WASP-193 b","WASP-193",14.78464554,3.55967815840000e+01,6.24634750000,0.0668000000,1250.00,402.0000,6080.00,1.018000,1.213000,2,1,"Transit",2023
"LP 791-18 d","LP 791-18",1.03200000,9.10000000000000e-01,2.75485000000,0.0199200000,395.50,5.8300,2960.00,0.139000,0.182000,1,3,"Transit",2023
"TOI-6324 b","TOI-6324",1.05900000,1.17000000000000e+00,0.27922100000,,1216.00,284.2110,3247.00,0.269000,0.293000,1,1,"Transit",2025
"HD 207496 b","HD 207496",2.25000000,6.10000000000000e+00,6.44100800000,0.0629000000,743.00,72.9000,4819.00,0.800000,0.769000,1,1,"Transit",2023
"TOI-4010 e","TOI-4010",13.30000000,,762.00000000000,1.5700000000,174.00,0.1500,4960.00,0.880000,0.830000,1,4,"Radial Velocity",2023
"GJ 367 c","GJ 367",1.86000000,,11.53010000000,,,,3522.00,0.455000,0.458000,1,3,"Radial Velocity",2023
"GJ 367 d","GJ 367",2.33000000,,34.36900000000,,,,3522.00,0.455000,0.458000,1,3,"Radial Velocity",2023
"TOI-6109 b","TOI-6109",4.87040000,,5.69047600000,0.0599000000,700.00,39.9451,5660.00,1.030000,1.021000,1,2,"Transit",2025
"TOI-199 c","TOI-199",11.40000000,8.89919539600000e+01,273.69000000000,0.8070000000,255.43,0.7048,5255.00,0.936000,0.820000,1,2,"Transit Timing Variations",2023
"HD 73267 c","HD 73267",12.80000000,1.63077755631700e+03,17071.78045000000,12.6880000000,69.53,0.0049,5387.00,0.930000,0.909000,1,2,"Radial Velocity",2022
"Kepler-580 b","Kepler-580",2.57000000,,8.22241965600,0.0683000000,558.00,24.0630,4298.00,0.670000,0.640000,1,1,"Transit",2016
"KOI-12 b","KOI-12",13.78707000,3.49613000000000e+02,17.85518200000,0.1540000000,911.00,196.5070,6635.00,1.500000,1.400000,1,2,"Transit",2015
"Kepler-637 b","Kepler-637",4.75000000,,23.20584623000,0.1661900000,1002.00,63.8050,6096.00,1.640000,2.560000,1,1,"Transit",2016
"HD 29985 b","HD 29985",12.80000000,1.73947487151100e+03,20608.14049000000,13.3900000000,46.73,0.0008,4678.00,0.750000,0.574666,1,1,"Radial Velocity",2022
"HD 165155 b","HD 165155",13.20000000,,434.50000000000,1.1300000000,239.90,0.5482,5426.00,1.020000,0.950000,1,1,"Radial Velocity",2016
"HD 22946 d","HD 22946",2.60700000,2.65700000000000e+01,47.42489000000,0.2958000000,546.00,18.5610,6169.00,1.098000,1.117000,1,3,"Transit",2023
"Kepler-1697 b","Kepler-1697",1.25954761,,33.49690000000,0.2008000000,630.00,37.3000,4681.53,0.747000,0.772344,1,1,"Transit",2020
"Kepler-674 b","Kepler-674",1.69000000,,2.24338184700,0.0280000000,822.00,146.5110,4192.00,0.600000,0.570000,1,1,"Transit",2016
"Kepler-873 b","Kepler-873",3.75000000,,20.55338440000,0.1542000000,749.00,68.0150,6163.00,1.180000,1.270000,1,1,"Transit",2016
"Kepler-783 b","Kepler-783",0.78000000,,4.29264638000,0.0495800000,991.00,229.1040,5521.00,0.930000,0.890000,1,2,"Transit",2016
"HD 31527 c","HD 31527",3.85000000,,51.20530000000,0.2663000000,571.07,16.9215,5898.00,0.960000,1.073694,1,3,"Radial Velocity",2019
"Kepler-1955 b","Kepler-1955",1.16654878,,14.26519966000,0.1195900000,853.00,114.3000,5825.00,1.049000,1.291000,1,1,"Transit",2021
"Kepler-1684 b","Kepler-1684",2.87084792,,47.70550000000,0.2253000000,347.00,3.4200,4706.54,0.750000,0.666755,1,1,"Transit",2020
"Kepler-51 b","Kepler-51",7.10000000,2.10000000000000e+00,45.15400000000,0.2514000000,543.00,10.1190,6018.00,1.040000,0.940000,1,4,"Transit",2012
"Kepler-167 b","Kepler-167",1.71800000,,4.39315390000,0.0482500000,918.00,122.5020,4884.00,0.777000,0.749000,2,4,"Transit",2014
"KOI-94 c","KOI-94",4.32000000,1.56000000000000e+01,10.42364800000,0.1013000000,1012.00,268.2190,6182.00,1.277000,1.520000,2,4,"Transit",2013
"KOI-94 e","KOI-94",6.56000000,3.50000000000000e+01,54.32031000000,0.3046000000,584.00,29.7000,6182.00,1.277000,1.520000,2,4,"Transit",2013
"PH2 b","PH2",9.33708092,8.70849835180000e+01,282.52542000000,0.8330000000,295.10,1.2000,5734.00,0.966000,0.949000,1,1,"Transit",2013
"K2-33 b","K2-33",5.04000000,1.17597100000000e+03,5.42486500000,0.0409000000,850.00,89.6695,3540.00,0.560000,1.050000,1,1,"Transit",2016
"HAT-P-11 b","HAT-P-11",4.36000000,2.50000000000000e+01,4.88800000000,0.0525800000,838.00,100.7700,4653.00,0.811000,0.683000,1,2,"Transit",2010
"Kepler-322 c","Kepler-322",1.67000000,,4.33723400000,0.0510000000,996.00,203.4060,5388.00,0.908000,0.890000,1,2,"Transit",2014
"Qatar-5 b","Qatar-5",12.40836300,1.37302560000000e+03,2.87923190000,0.0412700000,1415.00,669.0000,5747.00,1.128000,1.076000,1,1,"Transit",2017
"Kepler-399 c","Kepler-399",1.43000000,,26.67569000000,0.1550000000,630.00,15.6900,5502.00,0.902000,0.680000,1,3,"Transit",2014
"DMPP-2 c","DMPP-2",8.26000000,,3.16800000000,0.0478900000,1910.88,553.7504,6500.00,1.410000,1.780000,1,3,"Radial Velocity",2026
"TOI-1062 b","TOI-1062",2.26500000,1.01500000000000e+01,4.11296000000,0.0520000000,1077.00,232.0000,5328.00,0.940000,0.840000,1,2,"Transit",2021
"Kepler-546 b","Kepler-546",7.00000000,,4.14702025800,0.0502000000,1258.00,690.1300,5967.00,1.110000,1.150000,1,1,"Transit",2016
"Kepler-682 b","Kepler-682",7.37000000,,12.61190667200,0.1058000000,753.00,306.1020,5559.00,0.920000,0.890000,1,1,"Transit",2016
"TOI-220 b","TOI-220",3.03000000,1.38000000000000e+01,10.69526400000,0.0891100000,805.00,137.7252,5298.00,0.825000,0.858000,1,1,"Transit",2021
"TOI-5624 f","TOI-5624",3.66000000,,45.37000000000,0.2366000000,478.50,8.6817,5327.00,0.858000,0.820000,1,5,"Transit Timing Variations",2026
"Kepler-242 b","Kepler-242",2.61000000,,8.20395000000,0.0750000000,742.00,43.7680,5020.00,0.748000,0.850000,1,2,"Transit",2014
"Kepler-258 b","Kepler-258",4.06000000,,13.19722000000,0.1030000000,642.00,27.7910,4942.00,0.820000,0.915000,1,2,"Transit",2014
"TOI-4898 b","TOI-4898",3.71979540,,2.76520470167,,667.00,33.0144,4201.57,0.619077,0.639344,1,1,"Transit",2026
"Kepler-1292 b","Kepler-1292",1.82000000,,3.27646405000,0.0443000000,1195.00,521.1010,5556.00,0.950000,0.930000,1,1,"Transit",2016
"HD 128717 b","HD 128717",12.10000000,6.29300245860000e+03,3420.00000000000,4.8500000000,151.90,0.0892,6210.00,1.212000,1.248000,1,1,"Astrometry",2025
"TOI-3278 b","TOI-3278",13.89913607,9.53485221000000e+01,3.24645600000,0.0430000000,1561.00,1030.0000,5720.00,1.040000,1.390000,1,1,"Transit",2026
"Kepler-103 b","Kepler-103",3.48570000,1.16700000000000e+01,15.96532870000,0.1330000000,973.00,150.5360,6047.00,1.212000,1.492000,1,2,"Transit",2014
"TOI-4492 b","TOI-4492",11.78063872,1.88154416944000e+03,4.43318240000,0.0535000000,1207.00,510.0000,5711.00,1.067000,1.222000,1,1,"Transit",2026
"pi Men d","HD 39091",3.72000000,,124.64000000000,0.5060000000,443.55,5.6398,5998.00,1.070000,1.190000,1,3,"Radial Velocity",2022
"Kepler-1058 b","Kepler-1058",2.72000000,,110.96546000000,0.3679000000,239.00,0.7700,4644.00,0.730000,0.690000,1,1,"Transit",2016
"Kepler-160 b","Kepler-160",1.71500000,,4.30939700000,0.0551100000,1134.00,396.6190,5471.00,1.003000,1.118000,1,3,"Transit",2014
"Kepler-1365 b","Kepler-1365",0.92000000,,7.69993485000,0.0783900000,969.00,456.2500,5770.00,1.000000,1.050000,1,2,"Transit",2016
"Kepler-346 c","Kepler-346",3.07000000,,23.85154900000,0.1680000000,654.00,23.8120,6033.00,0.943000,1.021000,1,2,"Transit",2014
"Kepler-1489 b","Kepler-1489",1.77000000,,82.29475100000,0.3679000000,400.00,11.8930,5655.00,0.930000,0.900000,1,2,"Transit",2016
"Kepler-1126 b","Kepler-1126",1.73000000,,108.59332900000,0.4125100000,374.00,4.5500,5798.00,0.920000,0.930000,1,2,"Transit",2016
"Kepler-1914 b","Kepler-1914",2.94298030,,30.82789993000,0.1954000000,585.00,27.6600,5982.00,1.047000,0.960000,1,1,"Transit",2021
"HATS-43 b","HATS-43",13.22662000,8.29536300000000e+01,4.38884970000,0.0494400000,1003.00,192.2328,5099.00,0.837000,0.812000,1,1,"Transit",2018
"Kepler-685 b","Kepler-685",10.58000000,,1.62552220000,0.0265000000,1579.00,1137.1240,5963.00,1.110000,1.160000,1,1,"Transit",2016
"Kepler-1303 b","Kepler-1303",1.42000000,,7.56127224000,0.0751000000,891.00,182.3750,5771.00,1.010000,1.000000,1,1,"Transit",2016
"Kepler-1016 b","Kepler-1016",2.18000000,,1.95452434200,0.0304400000,1540.00,1445.2040,5821.00,0.990000,1.000000,1,2,"Transit",2016
"HIP 54373 c","HIP 54373",3.57000000,,15.14400000000,0.0990000000,463.20,6.1142,4021.00,0.570000,0.564998,1,2,"Radial Velocity",2019
"L 363-38 b","L 363-38",2.00000000,,8.78100000000,0.0480000000,330.00,5.6424,3129.00,0.210000,0.274000,1,1,"Radial Velocity",2023
"K2-396 c","K2-396",3.12400000,,25.76051000000,,,,5236.00,0.954000,0.920000,1,2,"Transit",2022
"TOI-1107 b","TOI-1107",14.57167491,1.06472516345000e+03,4.07823870000,0.0561000000,1728.00,532.0000,6311.00,1.350000,1.810000,1,1,"Transit",2022
"KOI-319 c","KOI-319",11.90000000,8.80384687390000e+03,80.09900000000,,,,5880.00,1.325000,2.064000,1,2,"Transit Timing Variations",2014
"Kepler-1992 b","Kepler-1992",0.91000000,,15.61122380000,0.1169000000,637.00,38.9900,5383.00,0.874000,0.842000,1,1,"Transit",2023
"Kepler-134 b","Kepler-134",2.00000000,,5.31742900000,0.0600000000,1105.00,301.3670,5983.00,0.956000,1.176000,1,2,"Transit",2014
"TOI-912 b","TOI-912",1.93000000,5.10000000000000e+00,4.67806910000,0.0410000000,551.00,15.0000,3572.00,0.418000,0.419000,1,1,"Transit",2025
"TOI-913 b","TOI-913",2.45280000,,11.09864400000,,712.01,110.0592,4969.00,0.820000,0.732500,1,1,"Transit",2023
"TOI-1105 b","TOI-1105",3.05823658,,10.86818410933,,756.37,54.3341,4678.46,0.740000,0.755833,1,1,"Transit",2026
"Kepler-559 b","Kepler-559",3.61000000,,17.58752333000,0.1277000000,706.00,42.5430,5630.00,0.960000,0.950000,1,1,"Transit",2016
"WASP-34 b","WASP-34",11.20900000,1.77984800000000e+02,4.31768000000,0.0524000000,1250.00,229.9620,5700.00,0.960000,0.910000,1,1,"Transit",2010
"Kepler-1426 b","Kepler-1426",1.56000000,,14.25632270000,0.1187000000,797.00,95.2200,5831.00,1.020000,1.020000,1,1,"Transit",2016
"OGLE-2014-BLG-0676L b","OGLE-2014-BLG-0676L",13.10000000,9.88446345770000e+02,,2.0400000000,,,,0.600000,,1,1,"Microlensing",2016
"Kepler-156 b","Kepler-156",2.30000000,,4.97345600000,0.0540000000,867.00,135.0770,5094.00,0.864000,0.807000,1,2,"Transit",2014
"HATS-64 b","HATS-64",18.81991100,3.05116800000000e+02,4.90889700000,0.0656200000,1793.00,1711.0000,6554.00,1.564000,2.113000,1,1,"Transit",2018
"Kepler-610 b","Kepler-610",4.19000000,,6.99692655400,0.0719000000,888.00,139.0720,5943.00,1.100000,1.130000,1,2,"Transit",2016
"TOI-2322 c","TOI-2322",1.87400000,1.81000000000000e+01,20.22552800000,0.1362000000,496.80,10.1500,4664.00,0.703000,0.662000,1,2,"Transit",2025
"TOI-2322 b","TOI-2322",0.99400000,2.31000000000000e+00,11.30717000000,0.0924000000,603.10,22.0400,4664.00,0.703000,0.662000,1,2,"Transit",2025
"Kepler-524 c","Kepler-524",0.96000000,,1.88897906000,0.0304600000,1574.00,2959.3380,6014.00,1.090000,1.100000,1,2,"Transit",2016
"Kepler-398 c","Kepler-398",1.01000000,,11.41941200000,0.0870000000,536.00,20.5560,4493.00,0.649000,0.613000,1,3,"Transit",2014
"Kepler-1916 b","Kepler-1916",2.61757235,,31.25429916000,0.2053000000,635.00,38.5400,6246.00,1.180000,1.092000,1,1,"Transit",2021
"TIC 320419023 b","TIC 320419023",2.77280763,,5.26375651589,,,,5703.36,1.056000,0.952319,1,1,"Transit",2026
"HD 108236 f","HD 108236",2.01700000,,29.54115000000,0.1758000000,609.59,22.9084,5660.00,0.869000,0.877000,1,5,"Transit",2021
"Kepler-1617 b","Kepler-1617",1.20000000,,27.47855720000,0.1770700000,736.00,64.6890,6167.00,1.150000,1.220000,1,1,"Transit",2016
"HD 206893 c","HD 206893",16.36511182,3.52789531770000e+03,2290.00000000000,3.7400000000,1181.90,0.2043,6500.00,1.310000,1.311160,1,2,"Imaging",2022
"TOI-4527.01","TOI-4527",0.90866170,,0.39944450000,0.0083323530,1362.93,571.5072,3702.00,0.483901,0.485948,1,1,"Transit",2024
"K2-255 b","K2-255",2.90000000,,1.96417000000,0.0274000000,1034.00,215.9107,4676.00,0.710000,0.690000,1,1,"Transit",2018
"Kepler-1678 b","Kepler-1678",3.30422249,,147.97400000000,0.5302000000,329.00,2.7800,5754.00,1.030000,0.834976,1,1,"Transit",2020
"HD 224018 b","HD 224018",0.91000000,4.10000000000000e+00,10.64130000000,0.0952000000,968.00,146.7499,5784.00,1.013000,1.147000,1,3,"Radial Velocity",2025
"Kepler-1334 b","Kepler-1334",2.29000000,,15.64591713000,0.1229000000,710.00,78.3550,5614.00,0.940000,0.910000,1,1,"Transit",2016
"Kepler-480 b","Kepler-480",2.78000000,,4.91958379500,0.0602400000,1312.00,764.0780,6322.00,1.250000,1.340000,1,1,"Transit",2016
"Kepler-1382 b","Kepler-1382",1.88000000,,16.35830550000,0.1402300000,959.00,198.4710,6161.00,1.360000,1.720000,1,1,"Transit",2016
"TOI-2068 b","TOI-2068",1.82100000,,7.76891500000,0.0632000000,520.62,12.2300,3710.00,0.559000,0.535000,1,1,"Transit",2024
"Kepler-1030 b","Kepler-1030",2.48000000,,19.32952416000,0.1338000000,529.00,16.8810,4983.00,0.800000,0.760000,1,1,"Transit",2016
"HD 153950 b","HD 153950",13.20000000,,499.39999000000,1.2800000000,295.30,1.3550,6124.00,1.250000,1.280000,1,1,"Radial Velocity",2008
"CoRoT-11 b","CoRoT-11",16.03000000,7.40510000000000e+02,2.99433000000,0.0436000000,1657.00,1890.6490,6440.00,1.270000,1.370000,1,1,"Transit",2010
"HAT-P-46 b","HAT-P-46",14.39200000,1.56684000000000e+02,4.46312900000,0.0577000000,1458.00,1405.4798,6120.00,1.284000,1.396000,1,1,"Transit",2014
"Kepler-419 c","Kepler-419",12.60000000,2.32010000000000e+03,675.47000000000,1.6800000000,315.55,1.8888,6430.00,1.390000,1.740000,1,2,"Transit Timing Variations",2014
"TOI-2285 b","TOI-2285",1.77000000,1.95000000000000e+01,13.63510900000,0.1363000000,358.00,3.9100,3491.00,0.454000,0.464000,1,1,"Transit",2021
"TOI-1759 b","TOI-1759",3.14000000,1.08000000000000e+01,18.85019000000,0.1177000000,443.00,6.3900,4065.00,0.606000,0.597000,1,1,"Transit",2022
"TOI-2081 b","TOI-2081",2.04000000,,10.50534000000,0.0752000000,488.00,8.1000,3800.00,0.540000,0.534000,1,1,"Transit",2022
"TOI-1422 b","TOI-1422",3.83000000,9.50000000000000e+00,12.99894000000,0.1070000000,870.00,90.5151,5840.00,0.990300,1.019000,1,2,"Transit",2022
"TOI-286 b","TOI-286",1.42000000,4.53000000000000e+00,4.51172440000,0.0503000000,979.00,889.5827,5152.00,0.832000,0.780000,1,2,"Transit",2024
"TOI-286 c","TOI-286",1.88000000,3.72000000000000e+00,39.36182600000,0.2130000000,475.00,22.4437,5152.00,0.832000,0.780000,1,2,"Transit",2024
"TOI-1806.01","TOI-1806",3.40953670,,15.14546930000,0.0877350440,337.47,2.1473,3272.00,0.392935,0.401575,1,1,"Transit",2024
"TOI-1836 b","TOI-1836",8.00321222,3.84572372470000e+01,20.38079900000,0.1597000000,966.00,153.5185,6380.00,1.307000,1.577000,1,2,"Transit",2024
"TOI-1836 c","TOI-1836",2.59987579,8.00000000000000e+00,1.77274710000,0.0308900000,2007.60,3983.4169,6237.00,1.251800,1.645400,1,2,"Transit",2024
"TOI-2095 b","TOI-2095",1.25000000,4.10000000000000e+00,17.66484000000,0.1010000000,347.00,3.4300,3759.00,0.440000,0.440000,1,2,"Transit",2023
"TOI-2095 c","TOI-2095",1.33000000,7.40000000000000e+00,28.17232000000,0.1370000000,297.00,1.8400,3759.00,0.440000,0.440000,1,2,"Transit",2023
"TOI-2154 b","TOI-2154",16.28664896,2.92402134440000e+02,3.82408010000,0.0513000000,1580.00,1005.8950,6280.00,1.233000,1.396000,1,1,"Transit",2023
"Kepler-419 b","Kepler-419",10.80000000,7.94500000000000e+02,69.75460000000,0.3700000000,613.00,37.4160,6430.00,1.390000,1.740000,1,2,"Transit",2014
"TOI-4153 b","TOI-4153",16.11851425,3.65502668050000e+02,4.61741410000,0.0631100000,1669.00,1212.0072,6860.00,1.572000,1.605000,1,1,"Transit",2024
"TOI-4443.01","TOI-4443",1.71932650,,1.84985670000,0.0299626450,1638.82,1194.2104,5834.00,1.049133,1.017330,1,1,"Transit",2024
"TOI-1422 c","TOI-1422",2.61000000,1.40000000000000e+01,34.56330000000,0.2050000000,628.00,26.5556,5840.00,0.990300,1.019000,1,2,"Radial Velocity",2025
"Kepler-1515 b","Kepler-1515",9.55000000,,214.31141640000,0.7523500000,380.00,6.0170,6511.00,1.300000,1.410000,1,1,"Transit",2016
"K2-136 b","K2-136",1.01400000,4.30000000000000e+00,7.97525000000,0.0707000000,610.00,33.5000,4500.00,0.742000,0.677000,2,3,"Transit",2017
"HAT-P-52 b","HAT-P-52",11.30988100,2.59984940000000e+02,2.75359530000,0.0369400000,1218.00,227.7590,5131.00,0.887000,0.893000,1,1,"Transit",2015
"TOI-4747 b","TOI-4747",3.95803201,,5.21924158592,,1035.00,190.7950,5595.08,1.010000,0.988751,1,1,"Transit",2026
"Kepler-891 b","Kepler-891",6.41000000,,53.44945593000,0.2881000000,486.00,44.3260,5887.00,1.060000,1.070000,1,1,"Transit",2016
"Kepler-1159 b","Kepler-1159",2.37000000,,22.70816791000,0.1603000000,677.00,80.9840,6217.00,1.190000,1.280000,1,1,"Transit",2016
"HATS-18 b","HATS-18",14.89676100,6.29144485000000e+02,0.83784000000,0.0174000000,2069.48,2990.0000,5600.00,1.037000,1.020000,1,1,"Transit",2016
"GJ 676 A e","GJ 676 A",2.47000000,,35.47358000000,0.1810000000,351.55,2.7678,3734.00,0.626000,0.690000,2,4,"Radial Velocity",2012
"Kepler-48 c","Kepler-48",2.71000000,1.46100000000000e+01,9.67395000000,0.0863300000,736.00,67.5930,5194.00,0.880000,0.890000,1,5,"Transit",2012
"Kepler-889 b","Kepler-889",1.09000000,,3.74443900000,0.0497500000,1328.00,954.5880,5961.00,1.140000,1.250000,1,1,"Transit",2016
"HR 2562 b","HR 2562",12.44199000,6.99222495400000e+03,,22.2000000000,1255.00,0.0069,6597.00,1.300000,1.334000,1,1,"Imaging",2016
"Kepler-1804 b","Kepler-1804",1.59615726,,12.28849983000,0.1017000000,913.00,164.6100,5109.00,0.929000,1.671000,1,1,"Transit",2021
"Kepler-1188 b","Kepler-1188",2.08000000,,17.13695430000,0.1350000000,775.00,165.5730,5913.00,1.040000,1.060000,1,1,"Transit",2016
"HD 21411 b","HD 21411",9.52000000,,84.28800000000,0.3620000000,408.17,4.1365,5605.00,0.890000,0.825605,1,1,"Radial Velocity",2019
"Kepler-1281 b","Kepler-1281",1.64000000,,3.11602791000,0.0415000000,1123.00,375.5500,5353.00,0.870000,0.830000,1,1,"Transit",2016
"Kepler-128 b","Kepler-128",1.42100000,3.79000000000000e+00,15.00000000000,0.1254500000,968.00,227.3980,6072.00,1.184000,1.659000,1,2,"Transit",2013
"Kepler-1693 b","Kepler-1693",1.28938413,,12.09990000000,0.1011000000,807.00,100.3700,5432.34,0.950000,0.878295,1,2,"Transit",2020
"Kepler-104 b","Kepler-104",3.10000000,1.96000000000000e+01,11.42754800000,0.0940000000,852.00,119.9070,5711.00,0.818000,1.349000,2,3,"Transit",2014
"Kepler-1849 b","Kepler-1849",2.38685349,,57.29290009000,0.2597000000,355.00,3.7600,4806.00,0.709000,0.729000,1,1,"Transit",2021
"Kepler-1036 b","Kepler-1036",3.01000000,,122.88080580000,0.4772600000,326.00,2.8210,5533.00,0.950000,0.890000,1,1,"Transit",2016
"2MASS J22362452+4751425 b","2MASS J22362452+4751425",12.30000000,3.97287500000000e+03,,230.0000000000,10.30,0.0000,4045.00,0.600000,0.641152,1,1,"Imaging",2016
"Kepler-1191 b","Kepler-1191",1.51000000,,5.60014851000,0.0587000000,952.00,167.1840,5308.00,0.850000,0.810000,1,1,"Transit",2016
"Kepler-511 c","Kepler-511",4.20964327,,26.62949944000,0.1717700000,742.00,101.6000,5866.00,0.958000,1.417000,1,2,"Transit",2021
"XO-5 b","XO-5",12.78000000,3.78200000000000e+02,4.18775580000,0.0515000000,1230.00,397.4799,5430.00,1.040000,1.130000,1,1,"Transit",2008
"Kepler-1825 b","Kepler-1825",1.42200732,,1.02586996600,0.0187000000,1520.00,1264.7000,5123.00,0.828000,0.847000,1,1,"Transit",2021
"Kepler-1074 b","Kepler-1074",1.25000000,,5.94566534000,0.0536000000,568.00,27.5690,4002.00,0.600000,0.570000,1,1,"Transit",2016
"pi Men c","HD 39091",2.01890000,3.63000000000000e+00,6.26783990000,0.0683900000,1169.80,309.0000,5998.00,1.070000,1.170000,1,3,"Transit",2018
"TIC 183374187 b","TIC 183374187",14.03364384,1.77983907920000e+02,5.05907000000,,1379.00,,5768.00,0.853000,1.344000,1,1,"Transit",2026
"GJ 1061 d","GJ 1061",1.16000000,1.67000000000000e+00,13.06600000000,0.0540000000,242.03,0.6000,2953.00,0.120000,0.156000,1,3,"Radial Velocity",2020
"Kepler-1987 d","Kepler-1987",2.66000000,,5.64491415400,0.0571000000,744.00,72.3800,4769.00,0.799000,0.714000,1,4,"Transit",2023
"Kepler-245 b","Kepler-245",2.57000000,1.46780000000000e+02,7.49019000000,0.0710000000,753.00,77.7490,5100.00,0.856000,0.795000,1,4,"Transit",2014
"Kepler-131 c","Kepler-131",0.84000000,8.25000000000000e+00,25.51690000000,0.1739100000,615.00,35.7360,5685.00,1.020000,1.030000,1,2,"Transit",2014
"Kepler-144 c","Kepler-144",1.35000000,,10.10466500000,0.0940000000,1046.00,207.2470,6075.00,1.154000,1.235000,1,2,"Transit",2014
"HD 93385 c","HD 93385",2.56000000,,13.18000000000,0.1120000000,937.43,128.3482,5977.00,1.040000,1.184840,1,3,"Radial Velocity",2021
"Kepler-431 c","Kepler-431",0.66800000,,8.70300000000,0.0847000000,951.00,415.5450,6004.00,1.071000,1.092000,1,3,"Transit",2015
"HD 106270 b","HD 106270",12.40000000,3.62324383980000e+03,1888.00000000000,3.3400000000,237.07,0.5110,5509.00,1.390000,2.660000,1,1,"Radial Velocity",2011
"TOI-5720 b","TOI-5720",1.09000000,4.30000000000000e+00,1.43445550000,0.0182880000,708.00,41.7000,3325.00,0.383000,0.383000,1,1,"Transit",2024
"Kepler-203 d","Kepler-203",1.44000000,3.39000000000000e+01,11.32972000000,0.1000000000,855.00,121.8160,5821.00,1.060000,1.114000,1,3,"Transit",2014
"Kepler-230 c","Kepler-230",2.04000000,,91.77324200000,0.3800000000,359.00,2.9760,5588.00,0.784000,0.817000,1,2,"Transit",2014
"Kepler-1091 b","Kepler-1091",1.46000000,,1.43474156400,0.0252000000,1664.00,1740.8580,5851.00,1.010000,1.030000,1,1,"Transit",2016
"Kepler-1129 b","Kepler-1129",2.96000000,,24.33978040000,0.1648100000,737.00,32.2650,5831.00,1.000000,1.000000,1,2,"Transit",2016
"Kepler-472 b","Kepler-472",3.22000000,,4.17625551400,0.0482300000,876.00,139.2360,4996.00,0.850000,0.780000,1,1,"Transit",2016
"Kepler-1275 b","Kepler-1275",1.48000000,,3.65691115000,0.0488000000,1368.00,822.4840,6296.00,1.230000,1.360000,1,1,"Transit",2016
"Kepler-1690 b","Kepler-1690",2.81109223,,234.63600000000,0.7097000000,267.00,1.2000,5404.00,0.940000,0.862346,1,1,"Transit",2020
"HD 75898 c","HD 75898",12.60000000,2.69836317543000e+03,6717.00000000000,7.3900000000,135.20,0.0528,6122.00,1.295000,1.550000,1,2,"Radial Velocity",2024
"K2-386 b","K2-386",2.32000000,,7.47322300000,,,,5749.00,0.911000,0.970000,1,1,"Transit",2022
"TOI-7510 c","TOI-7510",10.81000000,1.31000000000000e+02,22.56874230000,0.1595000000,702.00,92.4087,5720.00,1.063000,1.035000,1,3,"Transit",2025
"Kepler-718 b","Kepler-718",16.56000000,,2.05234990500,0.0322000000,1497.00,1324.2000,6191.00,1.180000,1.300000,1,1,"Transit",2016
"Kepler-1342 b","Kepler-1342",1.66000000,,2.21571035800,0.0313000000,1283.00,559.2750,5527.00,0.930000,0.900000,1,1,"Transit",2016
"WASP-174 b","WASP-174",16.10730527,1.04883374310000e+02,4.23370050000,0.0550300000,1528.00,901.9000,6399.00,1.240000,1.347000,1,1,"Transit",2018
"Kepler-1713 b","Kepler-1713",1.71673535,,18.01160049000,0.1418500000,900.00,144.3000,6477.00,1.300000,1.459000,1,1,"Transit",2021
"Kepler-1121 b","Kepler-1121",1.91000000,,13.15141081000,0.1181800000,1008.00,205.2720,6231.00,1.290000,1.590000,1,1,"Transit",2016
"Kepler-197 c","Kepler-197",1.23000000,5.30000000000000e+00,10.34969500000,0.0900000000,930.00,189.9650,6004.00,0.857000,1.120000,2,4,"Transit",2014
"TOI-1294 b","TOI-1294",10.12369881,6.39000000000000e+01,3.91529200000,0.0510000000,1392.74,311.4980,5718.00,1.157800,1.556600,1,2,"Transit",2024
"Kepler-1195 b","Kepler-1195",2.08000000,,8.49642241000,0.0726000000,702.00,79.0300,4965.00,0.740000,0.710000,1,1,"Transit",2016
"GJ 328 b","GJ 328",13.30000000,,3771.00000000000,4.1100000000,73.57,0.0049,3897.00,0.650000,0.630000,1,2,"Radial Velocity",2013
"EPIC 212737443 c","EPIC 212737443",2.69000000,,65.55000000000,0.2800000000,316.00,2.2653,4684.00,0.690000,0.673000,1,2,"Transit",2019
"Kepler-1783 b","Kepler-1783",1.31946731,,8.27744007100,0.0759500000,1088.00,65.5000,5129.00,0.887000,1.781000,1,1,"Transit",2021
"HD 50499 c","HD 50499",13.20000000,,8619.90000000000,9.0200000000,116.69,0.0292,6099.00,1.310000,1.420000,1,2,"Radial Velocity",2019
"Kepler-874 b","Kepler-874",3.94000000,,40.06867270000,0.2234000000,560.00,31.6240,6020.00,1.090000,1.130000,1,1,"Transit",2016
"Kepler-235 b","Kepler-235",2.23000000,,3.34022200000,0.0370000000,731.00,44.0000,4255.00,0.581000,0.554000,1,4,"Transit",2014
"HD 98219 b","HD 98219",13.40000000,,433.80000000000,1.2600000000,453.77,7.0547,4925.00,1.410000,4.600000,1,1,"Radial Velocity",2011
"Kepler-625 b","Kepler-625",1.99000000,,7.75192492000,0.0813700000,852.00,407.8330,5789.00,1.040000,0.960000,1,2,"Transit",2016
"Kepler-1178 b","Kepler-1178",1.07000000,,31.80634000000,0.1596000000,378.00,23.2370,4990.00,0.800000,0.750000,1,1,"Transit",2016
"K2-407 b","K2-407",1.28300000,,4.94190700000,,,,5563.00,0.881000,0.927000,1,2,"Transit",2022
"KOI-351 b","KOI-351",1.31000000,,7.00815100000,0.0740000000,1062.00,316.4420,6080.00,1.200000,1.200000,1,8,"Transit",2013
"WASP-151 b","WASP-151",13.30506009,1.00433776612000e+02,4.53347750000,0.0550000000,1312.00,460.0000,5871.00,1.081000,1.181000,1,1,"Transit",2017
"K2-289 b","K2-289",9.10000000,,13.15696900000,0.1070000000,753.00,27.3178,5529.00,0.953000,1.025000,1,1,"Transit",2019
"GJ 1002 b","GJ 1002",1.03000000,,10.34650000000,0.0457000000,230.90,0.6700,3024.00,0.120000,0.137000,1,2,"Radial Velocity",2022
"Kepler-1143 c","Kepler-1143",3.60000000,,210.63059100000,0.6477000000,234.00,0.5680,5053.00,0.810000,0.770000,1,2,"Transit",2016
"TOI-261.02","TOI-261",3.34822227,,13.03935862135,,1007.53,243.5261,5890.30,1.069000,1.313830,1,2,"Transit",2021
"TOI-2587 A b","TOI-2587 A",12.07207221,6.92865927260000e+01,5.45664000000,0.0635000000,1445.00,728.0000,5760.00,1.150000,1.726000,2,1,"Transit",2023
"Kepler-1154 b","Kepler-1154",2.34000000,,5.18561420000,0.0631000000,1314.00,652.9660,6327.00,1.260000,1.430000,1,2,"Transit",2016
"Kepler-60 b","Kepler-60",1.71000000,4.19000000000000e+00,7.13340000000,0.0725500000,1102.00,318.0000,5905.00,1.041000,1.257000,1,3,"Transit",2012
"Kepler-85 c","Kepler-85",1.97800000,2.15000000000000e+00,12.51000000000,0.1036300000,706.00,61.9290,5505.20,0.928000,0.875000,1,4,"Transit",2012
"Kepler-1780 b","Kepler-1780",3.60600667,,109.44499970000,0.4276000000,340.00,3.1400,5403.00,0.868000,0.868000,1,1,"Transit",2021
"Kepler-1818 b","Kepler-1818",1.71360684,,4.64490985900,0.0550000000,1209.00,504.2300,6047.00,1.021000,1.129000,1,1,"Transit",2021
"TOI-871 b","TOI-871",1.66400000,,14.36256500000,0.1054000000,621.00,24.7800,4929.00,0.758000,0.719000,1,1,"Transit",2024
"GJ 251 c","GJ 251",1.80000000,,53.64700000000,0.1960000000,216.00,0.4040,3342.00,0.350000,0.360000,1,2,"Radial Velocity",2025
"Kepler-1518 c","Kepler-1518",2.90000000,,9.63102580000,0.0905000000,1094.00,338.3300,6432.00,1.060000,1.345000,1,2,"Transit",2023
"Kepler-1718 b","Kepler-1718",2.56852070,,135.18800350000,0.4841800000,345.00,3.7000,5731.00,0.846000,0.906000,1,1,"Transit",2021
"TOI-4914 b","TOI-4914",12.87000000,2.27000000000000e+02,10.60057000000,0.0980000000,894.00,18.1082,5805.00,1.030000,1.000000,1,1,"Transit",2024
"USco1556 b","USco1556 A",12.30000000,4.76745000000000e+03,,3500.0000000000,2240.00,0.0000,3410.00,0.330000,0.668108,1,1,"Imaging",2019
"Kepler-109 c","Kepler-109",2.65000000,8.20000000000000e+00,21.22265000000,0.1546000000,859.00,91.0000,5950.00,1.094000,1.387000,1,2,"Transit",2014
"Kepler-101 c","Kepler-101",1.25000000,3.78000000000000e+00,6.02976000000,0.0684000000,1413.00,596.0690,5667.00,1.170000,1.560000,1,2,"Transit",2014
"Kepler-1200 b","Kepler-1200",1.06000000,,1.11854971700,0.0188000000,1174.00,544.5340,4612.00,0.740000,0.700000,1,1,"Transit",2016
"NY Vir b","NY Vir",13.30000000,7.30978000000000e+02,3160.00000000000,3.3000000000,338.12,2.1780,32780.00,0.459000,0.151000,2,2,"Eclipse Timing Variations",2011
"TOI-4137 b","TOI-4137",13.57407563,4.57672906080000e+02,3.80161220000,0.0522200000,1570.00,1013.0000,6202.00,1.313000,1.438000,1,1,"Transit",2022
"Kepler-1630 b","Kepler-1630",2.19000000,,509.99740200000,1.1218000000,182.00,0.2600,4736.00,0.660000,0.630000,1,1,"Transit",2016
"Kepler-475 b","Kepler-475",2.49000000,,3.10550818900,0.0398900000,980.00,215.4620,5009.00,0.860000,0.790000,1,1,"Transit",2016
"Kepler-1978 b","Kepler-1978",2.67000000,,10.84969477000,0.0914000000,676.00,49.3000,5251.00,0.869000,0.778000,1,1,"Transit",2023
"Kepler-1836 b","Kepler-1836",2.55303229,,5.25416994100,0.0602000000,1093.00,338.1500,6123.00,1.053000,0.987000,1,1,"Transit",2021
"Kepler-887 c","Kepler-887",1.13000000,,7.63846023000,0.0801000000,1089.00,407.9770,6194.00,1.190000,1.290000,1,2,"Transit",2016
"Kepler-350 c","Kepler-350",3.10000000,6.10000000000000e+00,17.84900000000,0.1385000000,888.00,138.4150,6492.30,1.000000,1.250000,1,3,"Transit",2013
"Kepler-816 b","Kepler-816",10.24000000,,10.50682564600,0.0895000000,668.00,50.5630,5286.00,0.900000,0.850000,1,1,"Transit",2016
"HD 51608 b","HD 51608",3.62000000,,14.07260000000,0.1059000000,759.92,50.8256,5358.00,0.800000,0.916136,1,2,"Radial Velocity",2019
"HD 125390 b","HD 125390",11.90000000,8.64620398402800e+03,1757.39151000000,3.4960000000,320.26,1.0874,4882.00,1.820000,6.470000,1,1,"Radial Velocity",2019
"Kepler-1947 b","Kepler-1947",1.01016660,,6.96363019900,0.0737500000,1298.00,229.4000,6040.00,0.984000,1.686000,1,1,"Transit",2021
"Kepler-81 d","Kepler-81",1.21000000,,20.83784600000,0.1280000000,418.00,7.5070,4500.00,0.648000,0.595000,1,3,"Transit",2014
"Kepler-1827 b","Kepler-1827",1.85644292,,3.70061993600,0.0464700000,1329.00,1113.4000,5423.00,0.915000,1.404000,1,1,"Transit",2021
"TOI-1768.01","TOI-1768",3.45300000,,7.33770364900,0.0763810000,1566.00,240.8700,5994.00,1.100000,1.100000,1,1,"Transit",2024
"HIP 10090 c","HIP 10090",13.90000000,2.70154145950000e+02,321.82000000000,0.9000000000,338.35,1.9857,5661.00,0.940000,1.382680,1,2,"Radial Velocity",2026
"Kepler-855 b","Kepler-855",8.35000000,,7.88663110400,0.0762000000,996.00,405.1830,5835.00,1.030000,1.030000,1,1,"Transit",2016
"TOI-205 b","TOI-205",2.50121142,,4.25300773815,,1799.55,1740.9224,6302.74,1.200000,1.453820,1,1,"Transit",2026
"Kepler-1886 b","Kepler-1886",2.58158428,,24.27580070000,0.1600000000,580.00,26.6800,5745.00,0.928000,0.837000,1,1,"Transit",2021
"Kepler-279 c","Kepler-279",4.30000000,4.94000000000000e+01,35.73600000000,0.2236000000,774.00,60.1570,6689.45,1.100000,1.070000,1,4,"Transit",2013
"K2-401 b","K2-401",2.26200000,,6.29309900000,,,,4213.00,0.870000,0.675000,1,1,"Transit",2022
"TOI-3807 b","TOI-3807",18.49481816,3.30541543280000e+02,2.89897270000,0.0421000000,1646.00,1230.0000,5772.00,1.181000,1.468000,1,1,"Transit",2023
"Kepler-931 b","Kepler-931",1.33000000,,8.03755877000,0.0719000000,744.00,72.4400,5241.00,0.860000,0.810000,1,1,"Transit",2016
"Kepler-106 e","Kepler-106",2.56000000,1.11700000000000e+01,43.84450000000,0.2400600000,531.00,20.2940,5858.00,1.000000,1.040000,1,4,"Transit",2014
"GSC 06214-00210 b","GSC 06214-00210",20.17620000,5.00000000000000e+03,,320.0000000000,2300.00,0.0000,4200.00,0.900000,0.904840,1,1,"Imaging",2010
"HD 89839 b","HD 89839",12.80000000,1.74805623850000e+03,3391.20000000000,4.7130000000,159.03,0.1067,6314.00,1.210000,1.285880,1,1,"Radial Velocity",2023
"Kepler-520 b","Kepler-520",1.66000000,,19.67416124000,0.1462800000,711.00,59.7700,6112.00,1.100000,1.090000,1,2,"Transit",2016
"Kepler-19 b","Kepler-19",2.20900000,6.10000000000000e+00,9.28699000000,0.0846000000,851.00,87.6000,5541.00,0.936000,0.859000,1,3,"Transit",2011
"Kepler-1102 b","Kepler-1102",2.66000000,,51.32856230000,0.2731000000,546.00,22.9810,5724.00,0.960000,0.940000,1,1,"Transit",2016
"Kepler-371 c","Kepler-371",1.78000000,,67.96801500000,0.3130000000,443.00,17.0630,5666.00,0.876000,0.992000,1,2,"Transit",2014
"K2-338 b","K2-338",1.03000000,,3.85061400000,,783.00,,4558.00,0.660000,0.630000,1,1,"Transit",2021
"KELT-16 b","KELT-16",15.86073500,8.74032500000000e+02,0.96899510000,0.0204400000,2453.00,6992.0328,6236.00,1.211000,1.360000,2,1,"Transit",2017
"Kepler-1681 b","Kepler-1681",2.55321772,,69.89560000000,0.3200000000,442.00,5.3300,5756.40,0.893000,0.759000,1,1,"Transit",2020
"TOI-544 c","TOI-544",4.92000000,,50.08900000000,,,,4169.00,0.631000,0.623000,1,2,"Radial Velocity",2023
"Kepler-251 d","Kepler-251",2.77000000,,30.13300100000,0.1820000000,536.00,17.4770,5526.00,0.891000,0.890000,1,4,"Transit",2014
"HD 180902 b","HD 180902",13.50000000,,510.90000000000,1.4000000000,412.37,4.7959,4961.00,1.410000,4.160000,2,1,"Radial Velocity",2009
"TOI-5624 e","TOI-5624",3.24700000,8.90000000000000e+00,21.48993600000,0.1439000000,613.80,21.9904,5327.00,0.858000,0.820000,1,5,"Transit",2026
"KOINTREAU-1 b","XEST 17-036",12.40000000,3.36898111420000e+03,,690.0000000000,,,3551.00,0.260000,,1,1,"Imaging",2026
"K2-414 c","K2-414",1.92870000,,6.66900000000,0.0552000000,762.62,56.1300,4343.00,0.814000,0.732000,1,2,"Transit",2022
"Kepler-1154 c","Kepler-1154",2.36000000,,8.45808312000,0.0875000000,1117.00,339.5730,6327.00,1.260000,1.430000,1,2,"Transit",2016
"Kepler-863 b","Kepler-863",2.90000000,,15.59461874000,0.1220000000,718.00,117.8280,5678.00,0.960000,0.950000,1,1,"Transit",2016
"Kepler-278 c","Kepler-278",3.26800000,3.49000000000000e+01,51.11100000000,0.2870000000,492.00,54.3000,4965.00,1.227000,2.861000,1,2,"Transit",2014
"GJ 180 d","GJ 180",2.66000000,,106.30000000000,0.3090000000,187.94,0.1362,3371.00,0.430000,0.413049,1,3,"Radial Velocity",2020
"K2-86 b","K2-86",1.96000000,,8.77683000000,0.0770000000,830.49,78.0000,5482.00,0.790000,0.760000,1,1,"Transit",2016
"HD 196050 b","HD 196050",12.90000000,1.49379351290000e+03,1392.00000000000,2.6500000000,207.52,0.2591,5879.00,1.270000,1.420000,3,1,"Radial Velocity",2002
"Kepler-564 b","Kepler-564",4.63000000,,3.75083228500,0.0484000000,1129.00,389.4040,5626.00,0.950000,0.920000,1,1,"Transit",2016
"Kepler-878 b","Kepler-878",1.93000000,,25.94220330000,0.1650000000,501.00,27.0090,5044.00,0.810000,0.770000,1,1,"Transit",2016
"HD 120084 b","HD 120084",12.70000000,2.03410180480000e+03,2142.00000000000,4.2100000000,369.24,3.0851,4879.00,2.160000,10.370000,1,1,"Radial Velocity",2013
"Kepler-247 d","Kepler-247",4.50000000,5.00000000000000e+01,20.47370000000,0.1408100000,530.00,15.9000,5094.00,0.884000,0.791000,1,4,"Transit",2014
"Kepler-46 c","Kepler-46",13.50000000,1.19499000000000e+02,57.01100000000,0.2799000000,455.00,7.0957,5155.00,0.902000,0.938000,1,3,"Transit Timing Variations",2012
"KOI-142 c","KOI-142",14.00000000,2.14100000000000e+02,22.26492000000,0.1541210030,635.87,28.7874,5466.00,0.990000,0.897000,1,3,"Transit Timing Variations",2013
"WASP-126 b","WASP-126",10.51358773,9.03000000000000e+01,3.28883000000,0.0449000000,1480.00,759.3374,5800.00,1.120000,1.270000,1,1,"Transit",2016
"Kepler-411 e","Kepler-411",3.28000000,1.08000000000000e+01,31.50972800000,0.1860000000,503.00,7.6205,4974.00,0.870000,0.820000,2,4,"Transit Timing Variations",2018
"Kepler-82 f","Kepler-82",4.84000000,2.09000000000000e+01,75.73200000000,0.3395000000,423.57,5.6657,5401.00,0.910000,0.898000,1,5,"Transit Timing Variations",2019
"eps Ind A b","eps Ind A",12.70000000,2.06588464550000e+03,25450.00000000000,15.7600000000,275.00,0.0010,4700.00,0.800000,0.713000,3,1,"Radial Velocity",2019
"Kepler-88 d","KOI-142",13.10000000,,1403.00000000000,2.4663298660,158.95,0.1124,5466.00,0.990000,0.897000,1,3,"Radial Velocity",2020
"TOI-1272 b","TOI-1272",4.26000000,2.41000000000000e+01,3.31597650000,0.0410000000,1051.00,120.5950,4985.00,0.828000,0.800000,1,1,"Transit",2022
"Kepler-415 c","Kepler-415",2.01000000,,8.70800000000,0.0695000000,543.00,26.2370,4362.00,0.670000,0.643000,1,2,"Transit",2014
"TOI-1694 b","TOI-1694",5.27000000,2.82400000000000e+01,3.77013890000,0.0445000000,1037.00,195.2882,5005.00,0.828000,0.812000,1,2,"Transit",2023
"TOI-1883 b","TOI-1883",5.65000000,1.37000000000000e+01,4.50800000000,0.0423000000,544.00,14.7000,3554.00,0.495000,0.506000,1,1,"Transit",2024
"TOI-2384 b","TOI-2384",11.48920522,6.24850648162000e+02,2.13570304000,0.0279300000,889.70,104.3000,3943.00,0.635000,0.611300,2,1,"Transit",2024
"TOI-4409 b","TOI-4409",7.44000000,1.49379351290000e+01,92.49178900000,,305.05,2.0466,4928.00,0.763000,0.720000,1,1,"Transit",2026
"TOI-4562 b","TOI-4562",12.53000000,7.32000000000000e+02,225.10640000000,0.7680000000,318.00,3.2011,6096.00,1.192000,1.152000,1,2,"Transit",2023
"Kepler-82 d","Kepler-82",1.77000000,8.85098000000000e+02,2.38296100000,0.0340000000,1253.00,484.3510,5428.00,0.946000,0.945000,1,5,"Transit",2014
"TOI-5292 A b","TOI-5292 A",12.64373023,4.12859100693000e+02,2.02191000000,0.0279000000,809.00,102.0000,3919.00,0.596000,0.611000,2,1,"Transit",2026
"Kepler-82 e","Kepler-82",2.47000000,2.54020000000000e+02,5.90220600000,0.0630000000,926.00,144.3370,5428.00,0.946000,0.945000,1,5,"Transit",2014
"Kepler-247 b","Kepler-247",1.64000000,,3.33616000000,0.0420000000,970.00,216.1110,5100.00,0.887000,0.768000,1,4,"Transit",2014
"TOI-5628 A b","TOI-5628 A",8.29464572,2.86045566300000e+01,4.34166120000,0.0368000000,492.00,45.5107,3310.00,0.360000,0.350000,2,1,"Transit",2026
"Kepler-138 e","Kepler-138",0.79700000,4.30000000000000e-01,38.23000000000,0.1803000000,292.00,1.7300,3841.00,0.535000,0.535000,1,4,"Transit Timing Variations",2022
"TOI-1694 c","TOI-1694",13.80000000,,386.25000000000,0.9740000000,222.00,0.4016,5005.00,0.828000,0.812000,1,2,"Radial Velocity",2023
"HD 114082 b","HD 114082",11.72459381,5.08525451200000e+02,225.55040000000,0.7910000000,949.67,192.2293,6610.00,1.280000,1.482000,1,1,"Transit",2022
"Kepler-416 b","Kepler-416",2.48000000,5.82000000000000e+01,6.31900000000,0.0674000000,986.00,224.0890,5718.00,1.000000,1.075000,1,3,"Transit",2014
"TIC 46432937 b","TIC 46432937",13.31626907,1.01705090240000e+03,1.44044527000,0.0206500000,872.00,115.1312,3572.00,0.563000,0.529900,2,1,"Transit",2024
"TOI-4562 c","TOI-4562",12.80000000,1.83386990839000e+03,3990.00000000000,5.2190000000,138.11,0.0657,6096.00,1.192000,1.152000,1,2,"Transit Timing Variations",2024
"Kepler-338 b","Kepler-338",2.44000000,3.06000000000000e+01,13.72697600000,0.1170000000,1005.00,256.6060,5923.00,1.105000,1.735000,1,4,"Transit",2014
"Kepler-725 c","Kepler-725",3.08000000,9.70000000000000e+00,207.54100000000,0.6744000000,268.00,1.4000,5395.00,0.950000,0.880000,1,2,"Transit Timing Variations",2025
"KOI-134 c","KOI-134",9.86000000,6.99222495400000e+01,33.95000000000,0.2305000000,798.82,79.0510,6160.00,1.407000,1.667000,1,2,"Transit Timing Variations",2025
"DMPP-7 b","DMPP-7",9.78000000,,4.92666000000,0.0607000000,1456.00,749.4682,6096.00,1.230000,1.490000,1,1,"Radial Velocity",2026
"HD 125136 b","HD 125136",13.30000000,,849.77000000000,,,,4959.00,1.550000,5.390000,1,1,"Radial Velocity",2026
"HD 127195 b","HD 127195",14.00000000,,534.50000000000,,,,4981.00,1.340000,4.160000,1,2,"Radial Velocity",2026
"HD 127195 c","HD 127195",14.10000000,,836.99000000000,,,,4981.00,1.340000,4.160000,1,2,"Radial Velocity",2026
"Gaia23braL b","Gaia23braL",13.50000000,5.18060303410000e+02,,4.8470000000,129.20,0.0464,5055.00,0.774000,1.361810,1,1,"Microlensing",2026
"KOI-884 e","Kepler-247",9.54000000,6.60540500000000e+01,31.10165900000,,,,5060.00,0.887000,0.788000,1,4,"Transit Timing Variations",2014
"KMT-2025-BLG-0975L b","KMT-2025-BLG-0975L",5.97000000,2.98000000000000e+01,,0.8100000000,,,,0.100000,,1,1,"Microlensing",2026
"KMT-2025-BLG-1160L b","KMT-2025-BLG-1160L",5.43000000,2.53600000000000e+01,,2.5600000000,,,,0.580000,,1,1,"Microlensing",2026
"Kepler-37 d","Kepler-37",2.03000000,2.00000000000000e+00,39.79226220000,0.2109000000,499.00,10.3900,5357.00,0.790000,0.789000,1,4,"Transit",2013
"Kepler-411 c","Kepler-411",4.42100000,2.64000000000000e+01,7.83443500000,0.0739000000,838.00,56.0000,4974.00,0.870000,0.820000,2,4,"Transit",2016
"Kepler-122 b","Kepler-122",2.34000000,,5.76619300000,0.0640000000,1159.00,448.1020,6050.00,0.982000,1.216000,1,5,"Transit",2014
"Kepler-417 c","Kepler-417",2.69000000,,15.94300000000,0.1194000000,616.00,30.9680,5177.00,0.900000,0.806000,1,2,"Transit",2014
"Kepler-37 c","Kepler-37",0.75500000,1.30000000000000e+00,21.30184800000,0.1390000000,615.00,23.9000,5357.00,0.790000,0.789000,1,4,"Transit",2013
"Kepler-37 b","Kepler-37",0.30980000,7.90000000000000e-01,13.36702000000,0.1019000000,718.00,44.5000,5357.00,0.790000,0.789000,1,4,"Transit",2013
"Kepler-37 e","Kepler-37",0.37000000,,51.19600000000,0.2500000000,401.00,7.6252,5288.00,0.800000,0.772000,1,4,"Transit",2014
"Kepler-138 b","Kepler-138",0.64000000,7.00000000000000e-02,10.31340000000,0.0753000000,452.00,9.9000,3841.00,0.535000,0.535000,1,4,"Transit",2014
"Kepler-122 d","Kepler-122",2.20000000,,21.58747500000,0.1550000000,747.00,77.1400,6050.00,0.982000,1.216000,1,5,"Transit",2014
"KOI-134 b","KOI-134",12.03844527,3.46432963630000e+02,67.12770000000,0.3630000000,659.00,45.0000,6160.00,1.407000,1.667000,1,2,"Transit",2025
"Kepler-122 e","Kepler-122",2.60000000,2.77000000000000e+01,37.99327300000,0.2270000000,618.00,36.2990,6050.00,0.982000,1.216000,1,5,"Transit",2014
"Kepler-138 c","Kepler-138",1.51000000,2.30000000000000e+00,13.78150000000,0.0913000000,410.00,6.8000,3841.00,0.535000,0.535000,1,4,"Transit",2014
"Kepler-122 f","Kepler-122",1.75000000,3.60000000000000e+01,56.26800000000,0.2857500000,543.00,21.5240,5917.00,1.030000,0.949000,1,5,"Transit",2014
"Kepler-414 c","Kepler-414",3.01000000,2.99000000000000e+01,7.17100000000,0.0719500000,890.00,137.0860,5536.00,0.890000,0.946000,1,2,"Transit",2014
"Kepler-46 d","Kepler-46",1.64000000,,6.76658900000,0.0670000000,845.00,92.3460,5309.00,0.883000,0.790000,1,3,"Transit",2014
"Kepler-417 b","Kepler-417",2.31000000,1.10000000000000e+01,12.33100000000,0.1006000000,671.00,43.6240,5177.00,0.900000,0.806000,1,2,"Transit",2014
"Kepler-415 b","Kepler-415",1.21000000,1.19900000000000e+02,4.17600000000,0.0426000000,694.00,69.8340,4362.00,0.670000,0.643000,1,2,"Transit",2014
"Kepler-414 b","Kepler-414",1.71000000,3.50000000000000e+00,4.70000000000,0.0543000000,1024.00,241.1710,5536.00,0.890000,0.946000,1,2,"Transit",2014
"Kepler-411 b","Kepler-411",2.40100000,2.56000000000000e+01,3.00515600000,0.0375000000,1138.00,201.3000,4974.00,0.870000,0.820000,2,4,"Transit",2013
"Kepler-416 c","Kepler-416",2.35200000,,12.20900000000,0.1045400000,791.00,93.0720,5718.00,1.000000,1.075000,1,3,"Transit",2014
"Kepler-416 d","Kepler-416",1.61000000,,3.07644709000,0.0407000000,1253.00,583.2500,5670.00,0.949000,1.022000,1,3,"Transit",2023
"Kepler-138 d","Kepler-138",1.51000000,2.10000000000000e+00,23.09230000000,0.1288000000,345.00,3.4000,3841.00,0.535000,0.535000,1,4,"Transit",2014
"Kepler-338 c","Kepler-338",2.34000000,,24.31085600000,0.1720000000,831.00,119.6480,5923.00,1.105000,1.735000,1,4,"Transit",2014
"Kepler-338 d","Kepler-338",3.00000000,,44.43101400000,0.2570000000,680.00,53.5560,5923.00,1.105000,1.735000,1,4,"Transit",2014
"Kepler-338 e","Kepler-338",1.56000000,8.50000000000000e+00,9.34100000000,0.0897900000,1143.00,428.5240,5999.00,1.140000,1.735000,1,4,"Transit",2014
"Kepler-411 d","Kepler-411",3.31900000,1.52000000000000e+01,58.02035000000,0.2790000000,410.00,3.9000,4974.00,0.870000,0.820000,2,4,"Transit",2018
"Kepler-46 b","Kepler-46",9.05700000,1.90700000000000e+03,33.60134000000,0.1968000000,543.00,10.9000,5155.00,0.902000,0.938000,1,3,"Transit",2012
"Kepler-82 b","Kepler-82",4.07000000,1.21500000000000e+01,26.44000000000,0.1683000000,562.00,19.5580,5401.00,0.910000,0.898000,1,5,"Transit",2012
"Kepler-247 c","Kepler-247",4.09000000,,9.43945200000,0.0840000000,686.00,53.8990,5100.00,0.887000,0.768000,1,4,"Transit",2014
"Kepler-122 c","Kepler-122",5.87000000,,12.46598800000,0.1080000000,897.00,160.4990,6050.00,0.982000,1.216000,1,5,"Transit",2014
"Kepler-725 b","Kepler-725",10.80000000,5.21762440000000e+02,39.64372000000,0.2238000000,514.00,12.1000,5395.00,0.950000,0.880000,1,2,"Transit",2016
"KOI-142 b","KOI-142",3.43800000,9.50000000000000e+00,10.91647000000,0.0958600000,758.00,68.5630,5466.00,0.990000,0.897000,1,3,"Transit",2013
"Kepler-1976 b","Kepler-1976",12.21000000,,4.95931924400,0.0565000000,1103.00,349.4000,5712.00,0.976000,1.082000,1,1,"Transit",2023
"Kepler-82 c","Kepler-82",5.34000000,1.39000000000000e+01,51.54000000000,0.2626000000,450.00,8.0350,5401.00,0.910000,0.898000,1,5,"Transit",2012
"K2-87 b","K2-87",7.60000000,,9.72661800000,0.0940000000,979.00,85.0000,5747.00,1.164000,1.401000,1,1,"Transit",2016
"Kepler-983 b","Kepler-983",2.36000000,,60.08550820000,0.3148000000,485.00,30.9970,6052.00,1.130000,1.080000,1,1,"Transit",2016
"Kepler-1948 b","Kepler-1948",1.03283226,,15.57129955000,0.1022000000,399.00,5.9800,3872.00,0.585000,0.557000,1,1,"Transit",2021
"Kepler-444 c","Kepler-444",0.49700000,,4.54588410000,0.0488100000,868.00,165.7300,5046.00,0.758000,0.752000,3,5,"Transit",2015
"Kepler-1173 b","Kepler-1173",0.89000000,,0.76985360000,0.0156000000,1650.00,1462.0980,5252.00,0.860000,0.820000,1,1,"Transit",2016
"HD 219077 b","HD 219077",12.50000000,3.05750927534000e+03,5478.68861000000,5.9350000000,146.68,0.0755,5362.00,0.920000,1.910000,1,1,"Radial Velocity",2012
"Kepler-458 c","KIC 9663113",4.20000000,,20.74028413000,0.1701200000,798.00,279.7870,6117.21,1.150000,2.215620,1,2,"Transit",2016
"Kepler-1608 b","Kepler-1608",1.73000000,,16.47356860000,0.1126000000,612.00,33.2200,4992.00,0.750000,0.720000,1,1,"Transit",2016
"TOI-2093 b","TOI-2093",3.25000000,,12.83600000000,0.0970000000,535.00,19.5345,4426.00,0.745000,0.729000,1,2,"Radial Velocity",2025
"EPIC 212499991 b","EPIC 212499991",1.60000000,,34.88500000000,,,,4982.79,0.912000,0.757541,1,1,"Transit",2019
"Kepler-759 b","Kepler-759",2.27000000,,41.80598500000,0.2329000000,533.00,19.0200,5860.00,1.040000,1.040000,1,1,"Transit",2016
"Kepler-563 b","Kepler-563",3.09000000,,22.18432708000,0.1418000000,546.00,18.7380,5066.00,0.800000,0.770000,1,1,"Transit",2016
"Kepler-296 f","Kepler-296",1.80000000,,63.33627000000,0.2550000000,274.00,0.6200,3740.00,0.498000,0.480000,2,5,"Transit",2014
"Kepler-534 b","Kepler-534",2.24000000,,15.95994513000,0.1272000000,721.00,63.9500,5884.00,1.050000,0.980000,1,2,"Transit",2016
"TOI-512 b","TOI-512",1.54000000,3.57000000000000e+00,7.18886000000,,1009.00,127.0000,5277.00,0.740000,0.890000,1,1,"Transit",2025
"HD 75784 b","HD 75784",13.80000000,,341.20000000000,1.0320000000,425.98,5.3535,4867.00,1.260000,3.400000,1,2,"Radial Velocity",2014
"Kepler-172 c","Kepler-172",2.86000000,,6.38899600000,0.0680000000,970.00,227.2250,5526.00,1.081000,1.085000,1,4,"Transit",2014
"Kepler-1340 b","Kepler-1340",1.55000000,,0.66502691600,0.0152300000,2174.00,4793.0010,6331.00,1.270000,1.420000,1,1,"Transit",2016
"Kepler-1115 b","Kepler-1115",1.70000000,,23.55407250000,0.2134000000,1381.00,516.1010,8480.00,1.600000,1.730000,1,1,"Transit",2016
"KIC 5437945 b","KIC 5437945",6.40000000,,440.78130000000,1.1967100000,308.00,2.9000,6340.00,1.070000,1.240000,1,2,"Transit",2015
"Kepler-1859 c","Kepler-1859",1.66000000,,3.59645081000,0.0473000000,1327.00,732.8200,5887.00,1.090000,1.235000,1,2,"Transit",2023
"Kepler-1201 b","Kepler-1201",2.29000000,,15.18725932000,0.1183000000,789.00,89.4310,6177.00,1.150000,1.240000,1,1,"Transit",2016
"Kepler-232 c","Kepler-232",3.83000000,,11.37934900000,0.1010000000,806.00,116.5240,5847.00,0.970000,0.968000,1,2,"Transit",2014
"tau Cet g","tau Cet",1.18000000,,20.00000000000,0.1330000000,639.65,27.9835,5310.00,0.783000,0.830000,1,3,"Radial Velocity",2017
"Kepler-151 b","Kepler-151",3.06000000,,15.22895800000,0.1160000000,639.00,40.7280,5460.00,0.870000,0.830000,1,2,"Transit",2014
"TOI-201 b","TOI-201",11.40000000,1.64000000000000e+02,52.97860000000,0.3030000000,759.00,68.4513,6423.00,1.320000,1.310000,1,3,"Transit",2021
"Kepler-207 d","Kepler-207",3.31000000,,5.86807500000,0.0680000000,1254.00,732.6040,5920.00,1.313000,1.588000,1,3,"Transit",2014
"GJ 887 e","GJ 887",1.12000000,,4.42490000000,0.0417000000,544.00,20.9000,3688.00,0.495000,0.468000,1,4,"Radial Velocity",2026
"WASP-108 b","WASP-108",15.13212395,2.83502939044000e+02,2.67555212374,,1589.00,1360.1641,6783.00,1.167000,1.344150,1,1,"Transit",2020
"Kepler-1521 b","Kepler-1521",2.50000000,,47.14840805000,0.2347600000,391.00,5.1220,5042.00,0.810000,0.760000,1,1,"Transit",2016
"Kepler-238 c","Kepler-238",2.39000000,1.52522000000000e+02,6.15555700000,0.0690000000,1146.00,592.2980,5751.00,1.229000,1.430000,1,5,"Transit",2014
"GJ 676 A d","GJ 676 A",1.78000000,,3.60076000000,0.0390000000,757.36,59.6154,3734.00,0.626000,0.690000,2,4,"Radial Velocity",2012
"Kepler-620 b","Kepler-620",3.32000000,,12.91375431000,0.1053000000,849.00,219.0510,6155.00,1.150000,1.220000,1,1,"Transit",2016
"TOI-2989 b","TOI-2989",12.55405838,9.53485221000000e+02,3.12283200000,0.0384000000,1001.00,124.0000,4672.00,0.770000,0.760000,1,1,"Transit",2025
"Kepler-349 c","Kepler-349",1.96000000,,12.24762900000,0.1050000000,763.00,94.4910,5956.00,1.083000,0.927000,1,2,"Transit",2014
"Kepler-1231 b","Kepler-1231",1.42000000,,10.41725184000,0.0914000000,870.00,117.5150,5778.00,1.010000,1.000000,1,1,"Transit",2016
"Kepler-274 b","Kepler-274",1.54000000,,11.63478800000,0.1010000000,961.00,147.8120,6023.00,0.883000,1.007000,1,2,"Transit",2014
"Kepler-832 b","Kepler-832",2.06000000,,7.13969410000,0.0750000000,965.00,256.8280,5596.00,0.920000,0.900000,1,1,"Transit",2016
"Kepler-1889 b","Kepler-1889",2.94360686,,37.30369949000,0.2082000000,493.00,14.0000,5646.00,0.864000,0.817000,1,1,"Transit",2021
"Kepler-988 b","Kepler-988",2.07000000,,17.76080053000,0.1085000000,368.00,6.5600,4005.00,0.550000,0.530000,1,1,"Transit",2016
"TOI-880 c","TOI-880",4.95000000,,6.38727030000,0.0635000000,805.00,73.9967,5050.00,0.870000,0.830000,1,2,"Transit",2025
"HD 12235 b","HD 12235",3.23000000,,4.36305000000,0.0540000000,1667.37,1287.9273,5986.00,1.100000,1.801850,1,2,"Radial Velocity",2022
"Kepler-444 f","Kepler-444",0.74100000,,9.74048600000,0.0811000000,673.00,59.9150,5046.00,0.758000,0.752000,3,5,"Transit",2015
"GJ 887 c","GJ 887",2.43000000,,21.78400000000,0.1210000000,320.00,2.5000,3688.00,0.495000,0.468000,1,4,"Radial Velocity",2020
"Kepler-524 b","Kepler-524",1.91000000,,7.97419807000,0.0795500000,974.00,434.2370,6014.00,1.090000,1.100000,1,2,"Transit",2016
"Kepler-1075 b","Kepler-1075",1.42000000,,1.52372816000,0.0208000000,818.00,143.9680,3959.00,0.560000,0.540000,1,1,"Transit",2016
"Kepler-368 b","Kepler-368",3.26000000,,26.84768000000,0.1860000000,800.00,107.5800,5502.00,1.165000,2.019000,1,2,"Transit",2014
"Kepler-115 b","Kepler-115",1.09000000,,2.40367900000,0.0360000000,1489.00,1215.7570,5979.00,1.042000,1.205000,1,2,"Transit",2014
"Kepler-1735 b","Kepler-1735",1.19429134,,7.71792984000,0.0621000000,502.00,15.0100,3975.00,0.535000,0.509000,1,1,"Transit",2021
"TOI-1898 b","TOI-1898",9.39553231,1.29000000000000e+02,45.52234000000,0.2690000000,674.54,51.0074,6241.00,1.248400,1.613100,1,1,"Transit",2024
"Kepler-1130 c","Kepler-1130",0.79239584,,3.26663994800,0.0423800000,1072.00,316.9000,5450.00,0.944000,0.842000,2,3,"Transit",2021
"HD 20782 b","HD 20782",13.60000000,,597.06430000000,1.3649000000,253.34,0.6863,5782.13,1.040000,1.126810,2,5,"Radial Velocity",2006
"Kepler-1376 b","Kepler-1376",1.05000000,,5.30880656000,0.0598000000,1042.00,278.9020,5659.00,0.980000,0.970000,1,1,"Transit",2016
"Kepler-1190 b","Kepler-1190",1.33000000,,10.45843441000,0.0845000000,609.00,24.2110,4730.00,0.760000,0.720000,1,1,"Transit",2016
"Kepler-450 b","Kepler-450",6.14000000,1.94000000000000e+01,28.45485100000,0.2009200000,769.00,94.3250,6197.21,1.190000,1.641620,1,3,"Transit",2015
"Kepler-758 d","Kepler-758",2.12000000,,20.49661970000,0.1527000000,843.00,173.1710,6228.00,1.160000,1.420000,1,4,"Transit",2016
"HAT-P-47 b","HAT-P-47",14.71739166,6.54726518420000e+01,4.73217441000,,1605.00,379.5670,6703.00,1.387000,1.515000,1,1,"Transit",2026
"HD 135625 b","HD 135625",13.30000000,7.31005336100000e+02,4055.00000000000,5.4000000000,146.04,0.0758,6040.64,1.280000,1.357430,1,1,"Radial Velocity",2023
"TOI-2211.01","TOI-2211",1.56100000,,3.09268675700,0.0401100000,1056.92,296.1300,5253.00,0.900000,0.834000,1,1,"Transit",2024
"Kepler-124 b","Kepler-124",0.73000000,,3.41049300000,0.0390000000,892.00,198.8430,4984.00,0.706000,0.636000,1,3,"Transit",2014
"Kepler-1259 b","Kepler-1259",1.43000000,,0.66308525800,0.0141000000,1681.00,2460.5820,5053.00,0.800000,0.770000,1,1,"Transit",2016
"TOI-1859 b","TOI-1859",9.75181321,,63.48347000000,0.3370000000,615.00,23.7860,6341.00,1.287000,1.360000,1,1,"Transit",2023
"Kepler-616 b","Kepler-616",2.43000000,,9.99761851000,0.0927000000,860.00,129.1800,5753.00,0.980000,0.970000,1,3,"Transit",2016
"HD 141399 e","HD 141399",14.10000000,,5000.00000000000,5.0000000000,142.24,0.0636,5600.00,1.070000,1.387236,1,4,"Radial Velocity",2014
"Kepler-1008 b","Kepler-1008",1.28000000,,12.43931193000,0.0975500000,627.00,35.4080,5066.00,0.810000,0.780000,2,1,"Transit",2016
"TOI-2133 b","TOI-2133",2.37000000,,3.82664720000,0.0410000000,798.00,81.1072,4250.00,0.644000,0.620000,1,1,"Transit",2026
"Kepler-1979 b","Kepler-1979",29.33000000,,18.50845260000,0.1383000000,683.00,51.3200,5942.00,1.028000,0.938000,1,1,"Transit",2023
"TOI-2406 b","TOI-2406",2.86000000,1.56000000000000e+01,3.07668910000,0.0226700000,449.00,6.6900,3100.00,0.166000,0.204000,1,1,"Transit",2021
"WASP-157 b","WASP-157",11.19000000,1.82434420000000e+02,3.95162300000,0.0499000000,1193.00,482.1005,5772.00,1.060000,1.100000,1,1,"Transit",2016
"Kepler-1183 b","Kepler-1183",2.82000000,,28.50571890000,0.1793000000,555.00,61.6630,5765.00,1.000000,0.990000,1,1,"Transit",2016
"Kepler-331 d","Kepler-331",1.64000000,,32.13432800000,0.1590000000,346.00,6.0650,4347.00,0.653000,0.492000,1,3,"Transit",2014
"TOI-5322 b","TOI-5322",16.61170940,1.84022647653000e+02,5.42332070000,0.0604000000,1350.00,554.0000,5692.00,0.998000,1.462000,1,1,"Transit",2025
"HD 457 b","HD 457",11.90000000,8.44533643080400e+03,20324.58153000000,15.3690000000,85.15,0.0088,6114.04,1.150000,1.281940,1,1,"Radial Velocity",2022
"HD 112640 b","HD 112640",12.90000000,,613.20000000000,1.7000000000,959.65,98.0969,4155.00,1.800000,39.000000,1,1,"Radial Velocity",2020
"Kepler-1647 b","Kepler-1647",11.87390000,4.83000000000000e+02,1107.59230000000,2.7205000000,242.92,0.5956,6210.00,1.220700,1.790300,2,1,"Transit",2016
"Kepler-1197 b","Kepler-1197",1.25000000,,2.03231845000,0.0286900000,1011.00,267.1420,4708.00,0.780000,0.720000,1,1,"Transit",2016
"HD 153557 b","HD 153557",4.77000000,,7.29903000000,0.0680000000,772.12,59.2234,4837.00,0.790000,0.745171,1,3,"Radial Velocity",2022
"Kepler-1939 b","Kepler-1939",1.16480773,,2.79065990400,0.0334000000,816.00,104.7400,4353.00,0.648000,0.603000,1,1,"Transit",2021
"TIC 117642575 b","TIC 117642575",2.82716337,,4.94459060181,,,,5719.98,1.060000,1.081020,1,1,"Transit",2026
"Kepler-621 b","Kepler-621",2.30000000,,2.62811374600,0.0310000000,737.00,69.5600,4521.00,0.720000,0.680000,1,1,"Transit",2016
"Kepler-1113 b","Kepler-1113",2.81000000,,42.30049540000,0.2415000000,558.00,22.8490,5931.00,1.120000,1.170000,1,1,"Transit",2016
"Kepler-142 b","Kepler-142",1.99000000,,2.02415200000,0.0320000000,1597.00,1247.9080,5790.00,0.978000,1.269000,1,3,"Transit",2014
"Kepler-662 b","Kepler-662",2.18000000,,21.67697486000,0.1408000000,530.00,23.8240,4897.00,0.790000,0.740000,1,1,"Transit",2016
"Kepler-1336 c","Kepler-1336",1.71000000,,5.77721211000,0.0627200000,1260.00,662.7130,5512.00,0.940000,1.300000,1,2,"Transit",2016
"TOI-216.02","TOI-216",8.00000000,1.87518760130000e+01,17.16073000000,0.1293000000,628.00,25.9000,5026.00,0.770000,0.748000,1,2,"Transit",2019
"Kepler-236 c","Kepler-236",2.00000000,,23.96812700000,0.1320000000,329.00,3.8020,3750.00,0.596005,0.510000,1,2,"Transit",2014
"HD 196067 b","HD 196067",12.40000000,3.62324383980000e+03,3413.70000000000,4.7100000000,176.42,0.1596,6072.00,1.160000,1.710000,2,2,"Radial Velocity",2012
"Kepler-1210 b","Kepler-1210",1.70000000,,8.07124073000,0.0753000000,856.00,152.0470,5568.00,0.940000,0.920000,1,1,"Transit",2016
"Kepler-91 b","Kepler-91",15.32270300,2.57442300000000e+02,6.24658000000,0.0731000000,2040.00,3273.3240,4550.00,1.310000,6.300000,1,1,"Transit",2013
"K2-290 b","K2-290",3.06000000,1.09000000000000e+01,9.21165000000,0.0923000000,1230.00,308.9946,6302.00,1.194000,1.511000,3,2,"Transit",2019
"Kepler-1766 b","Kepler-1766",2.27904508,,105.01499940000,0.4161000000,406.00,7.8000,5868.00,0.915000,1.042000,1,1,"Transit",2021
"HD 176986 c","HD 176986",,2.09798531460700e+03,16.81240000000,0.1187300000,558.00,22.9000,4931.00,0.789000,0.782000,1,3,"Radial Velocity",2017
"K2-170 c","K2-170",1.80176470,,12.40004700000,,,,5748.00,0.963657,0.981614,1,2,"Transit",2018
"HD 72490 b","HD 72490",13.50000000,,858.00000000000,1.8800000000,386.45,3.4894,4934.00,1.210000,4.960000,1,1,"Radial Velocity",2018
"HD 12661 c","HD 12661",13.20000000,8.99454391810000e+02,1708.00000000000,2.8145000000,174.06,0.1459,5748.00,1.020000,1.110000,1,2,"Radial Velocity",2002
"Kepler-1061 b","Kepler-1061",1.98000000,,2.75798266600,0.0388000000,1332.00,788.5010,6067.00,1.090000,1.070000,1,1,"Transit",2016
"Kepler-1904 b","Kepler-1904",1.39049940,,4.57702016800,0.0436000000,567.00,24.3800,3805.00,0.526000,0.497000,1,1,"Transit",2021
"Kepler-473 b","Kepler-473",4.08000000,,14.55731705000,0.1204800000,879.00,243.3760,5816.00,1.060000,1.340000,1,1,"Transit",2016
"HD 14787 b","HD 14787",13.70000000,,676.60000000000,1.7000000000,409.43,4.5099,4946.00,1.430000,5.010000,1,1,"Radial Velocity",2018
"WASP-106 b","WASP-106",12.10569916,6.13408825510000e+02,9.28969000000,0.0901000000,1140.00,327.8307,6002.00,1.175000,1.470000,1,1,"Transit",2014
"TOI-6158 b","TOI-6158",10.40000000,1.35000000000000e+02,3.04468990000,0.0327500000,636.00,27.3000,3467.00,0.503000,0.476000,1,1,"Transit",2026
"Kepler-1840 b","Kepler-1840",2.77771129,,131.19000240000,0.4620600000,284.00,1.3000,4898.00,0.774000,0.803000,1,1,"Transit",2021
"kap And b","kap And",15.91675259,5.49843144110000e+03,,55.0000000000,1791.00,0.0207,11327.00,2.768000,2.109000,1,1,"Imaging",2012
"Kepler-1751 b","Kepler-1751",1.82417378,,7.01731014300,0.0712000000,984.00,221.4600,6052.00,0.974000,0.967000,1,1,"Transit",2021
"Kepler-1067 b","Kepler-1067",0.80000000,,0.76212926100,0.0164000000,1872.00,2761.7570,5592.00,0.950000,0.930000,1,2,"Transit",2016
"TOI-2578 b","TOI-2578",19.66055215,1.67177742082000e+02,3.45796670000,0.0495000000,1778.00,1667.0000,6333.00,1.270000,1.640000,1,1,"Transit",2026
"Kepler-624 b","Kepler-624",2.31000000,,14.58649607000,0.1163800000,852.00,130.7570,6117.00,1.100000,1.180000,1,1,"Transit",2016
"TOI-5349 b","TOI-5349",10.20000000,1.27400000000000e+02,3.31792100000,0.0369000000,719.00,44.5000,3751.00,0.610000,0.580000,1,1,"Transit",2026
"TOI-1294 c","TOI-1294",14.30000000,,159.90000000000,0.6100000000,440.45,6.2779,5718.00,1.157800,1.556600,1,2,"Radial Velocity",2024
"Kepler-1039 b","Kepler-1039",1.46000000,,0.93488424200,0.0171400000,2080.00,668.1280,4870.00,0.790000,0.740000,1,1,"Transit",2016
"HAT-P-60 b","HAT-P-60",18.28184752,1.82433505618000e+02,4.79478130000,0.0627700000,1772.00,1634.0000,6212.00,1.435000,2.197000,1,1,"Transit",2021
"HD 88986 b","HD 88986",2.49000000,1.72000000000000e+01,146.05000000000,0.5800000000,460.00,7.3543,5861.00,1.250000,1.543000,1,1,"Radial Velocity",2023
"HD 215152 e","HD 215152",,9.75415381083000e+02,25.19670000000,0.1541700000,517.82,12.6318,4935.00,0.770000,0.730000,1,4,"Radial Velocity",2018
"Kepler-704 b","Kepler-704",2.61000000,,3.76182115000,0.0470000000,1121.00,514.1240,5616.00,0.970000,0.960000,1,1,"Transit",2016
"K2-385 b","K2-385",1.53900000,,2.38086700000,,,,4844.00,0.927000,0.761000,1,1,"Transit",2022
"Kepler-1432 b","Kepler-1432",2.22000000,,23.91090110000,0.1696000000,709.00,119.2370,6031.00,1.090000,1.130000,1,1,"Transit",2016
"Kepler-135 c","Kepler-135",1.16000000,,11.44870800000,0.1030000000,975.00,209.9670,6090.00,1.047000,1.275000,1,2,"Transit",2014
"Kepler-950 b","Kepler-950",8.98000000,,98.71804060000,0.3982000000,360.00,3.9700,5857.00,1.020000,1.020000,1,1,"Transit",2016
"HD 73526 b","HD 73526",13.10000000,,188.30000000000,0.6500000000,414.37,5.1529,5601.00,1.140000,1.530000,1,2,"Radial Velocity",2002
"HD 207897 b","HD 207897",2.34302132,1.48000000000000e+01,16.20166000000,0.1170000000,581.75,26.5000,5106.00,0.820800,0.782700,1,1,"Transit",2021
"Kepler-1459 b","Kepler-1459",1.36000000,,62.86916110000,0.2829000000,349.00,3.5110,4828.00,0.780000,0.740000,1,1,"Transit",2016
"Kepler-1358 b","Kepler-1358",1.12000000,,7.06317341000,0.0656000000,827.00,98.8340,5181.00,0.820000,0.790000,1,1,"Transit",2016
"HD 360 b","HD 360",14.00000000,,273.10000000000,0.9800000000,765.69,57.4344,4770.00,1.690000,10.860000,1,1,"Radial Velocity",2021
"TOI-4030 b","TOI-4030",5.84625590,,2.50900199461,,1384.00,609.9610,5640.37,0.980000,0.991737,1,1,"Transit",2026
"Kepler-741 b","Kepler-741",2.97000000,,7.03902374000,0.0744000000,1051.00,461.9930,6129.00,1.160000,1.240000,1,1,"Transit",2016
"Kepler-1299 b","Kepler-1299",2.98000000,,19.94008740000,0.1357000000,588.00,45.1460,5609.00,0.940000,0.910000,1,1,"Transit",2016
"Kepler-1806 b","Kepler-1806",2.35560189,,9.03332042700,0.0813000000,729.00,66.8900,5311.00,0.884000,0.788000,1,1,"Transit",2021
"TOI-375 c","TOI-375",13.40000000,,115.50000000000,0.5240000000,596.00,21.0700,5259.90,1.441000,2.900000,1,3,"Radial Velocity",2026
"Kepler-1048 b","Kepler-1048",1.61000000,,6.92101021000,0.0590000000,619.00,96.9760,4651.00,0.750000,0.700000,1,1,"Transit",2016
"Kepler-749 b","Kepler-749",3.10000000,,17.31716585000,0.1054000000,454.00,24.6310,5009.00,0.790000,0.750000,1,1,"Transit",2016
"HD 102329 b","HD 102329",12.60000000,,778.09998000000,1.8100000000,532.95,5.9827,4745.00,3.210000,9.820000,1,2,"Radial Velocity",2011
"TOI-1194 b","TOI-1194",8.71664516,1.20000000000000e+02,2.31064460000,0.0340000000,1264.29,203.6850,5394.00,0.983500,0.960800,1,1,"Transit",2023
"Barnard d","Barnard's star",0.69400000,,2.34020000000,0.0188000000,483.00,10.0441,3195.00,0.162000,0.185000,1,4,"Radial Velocity",2025
"Kepler-1951 b","Kepler-1951",2.32107188,,20.65780067000,0.1435000000,728.00,66.2700,5468.00,0.923000,1.306000,1,1,"Transit",2021
"HIP 114933 b","HIP 114933",13.40000000,,1481.60000000000,2.8400000000,316.81,1.7110,4823.00,1.390000,5.270000,1,1,"Radial Velocity",2021
"Kepler-1305 b","Kepler-1305",1.88000000,,13.56309720000,0.1109000000,733.00,103.5100,5701.00,0.970000,0.960000,1,1,"Transit",2016
"Kepler-598 b","Kepler-598",1.50000000,,3.70175428000,0.0448700000,1050.00,265.4070,5307.00,0.870000,0.860000,1,2,"Transit",2016
"HD 185283 b","HD 185283",13.60000000,4.13176929100000e+02,4060.00000000000,4.6000000000,93.97,0.0130,4848.00,0.800000,0.743303,1,1,"Radial Velocity",2023
"Kepler-1920 b","Kepler-1920",2.95415848,,30.25410080000,0.2043000000,660.00,44.8700,6277.00,1.239000,1.161000,1,1,"Transit",2021
"HD 65216 b","HD 65216",13.60000000,,577.60000000000,1.3010000000,222.56,0.4185,5612.00,0.874000,0.880000,3,2,"Radial Velocity",2003
"Kepler-954 b","Kepler-954",2.32000000,,16.78176602000,0.1202000000,545.00,21.5310,4990.00,0.820000,0.760000,1,1,"Transit",2016
"EPIC 206042996 c","EPIC 206042996",1.20000000,,0.35488400000,,,,4114.00,0.565000,0.500000,1,2,"Transit",2021
"HATS-38 b","HATS-38",6.88232600,2.35194200000000e+01,4.37502100000,0.0503600000,1294.00,464.7000,5732.00,0.890000,1.105000,1,1,"Transit",2020
"Kepler-1388 c","Kepler-1388",2.26000000,,5.53608151000,0.0519000000,566.00,51.0440,4098.00,0.630000,0.610000,1,4,"Transit",2016
"TIC 178172313 b","TIC 178172313",2.80405322,,4.37318161360,,,,5405.59,0.910000,0.843450,1,1,"Transit",2026
"Gliese 12 b","Gliese 12",0.93000000,9.50000000000000e-01,12.76141800000,0.0670000000,314.60,1.6200,3328.00,0.255000,0.265000,1,1,"Transit",2024
"Kepler-266 c","Kepler-266",3.89000000,,107.72360100000,0.4570000000,421.00,5.5920,5885.00,0.947000,1.028000,1,2,"Transit",2014
"NGTS-30 b","NGTS-30",10.40193409,3.05115270720000e+02,98.29838000000,0.4080000000,500.00,172.8570,5455.00,0.940000,0.913000,1,1,"Transit",2024
"Kepler-1388 e","Kepler-1388",2.46000000,,37.63270840000,0.1861000000,299.00,3.9700,4098.00,0.630000,0.610000,1,4,"Transit",2016
"Kepler-1311 b","Kepler-1311",1.24000000,,11.17269940000,0.1008200000,1019.00,296.9200,5748.00,1.050000,1.400000,1,3,"Transit",2016
"Kepler-1991 c","Kepler-1991",2.57000000,,22.79020351000,0.1528000000,634.00,38.2700,5478.00,0.914000,1.053000,1,2,"Transit",2023
"Kepler-126 d","Kepler-126",2.50000000,,100.28313400000,0.4480000000,475.00,14.7140,6239.00,1.108000,1.358000,1,3,"Transit",2014
"TOI-4029 b","TOI-4029",6.73756618,,5.88498234631,,1142.00,282.5090,5662.53,1.018000,1.178340,1,1,"Transit",2026
"Kepler-2001 b","Kepler-2001",1.04000000,,1.09001100300,0.0197000000,1402.00,911.2800,5081.00,0.864000,0.770000,1,2,"Transit",2023
"Kepler-1247 b","Kepler-1247",2.33000000,,13.71220213000,0.1091000000,676.00,41.4720,5303.00,0.860000,0.820000,1,1,"Transit",2016
"Kepler-68 e","Kepler-68",11.20000000,,3455.00000000000,4.6000000000,147.35,0.0805,5847.00,1.057000,1.256400,2,4,"Radial Velocity",2023
"Kepler-1406 b","Kepler-1406",1.10000000,,11.62905828000,0.0987000000,854.00,125.8900,5892.00,1.050000,1.120000,1,1,"Transit",2016
"Kepler-1682 b","Kepler-1682",2.88940836,,14.83340000000,0.1134000000,694.00,54.7400,5619.12,0.990000,0.842301,1,1,"Transit",2020
"Kepler-174 d","Kepler-174",2.19000000,,247.35373000000,0.6770000000,212.00,0.5300,4880.00,0.602000,0.622000,1,3,"Transit",2014
"Kepler-326 b","Kepler-326",1.52000000,4.46000000000000e+01,2.24832900000,0.0320000000,1127.00,783.4490,5105.00,0.910000,0.801000,1,3,"Transit",2014
"GJ 3998 d","GJ 3998",2.34000000,,41.78000000000,0.1890000000,292.23,1.2000,3726.00,0.520000,0.500000,1,3,"Radial Velocity",2025
"HD 205158 b","HD 205158",13.90000000,,25.33798000000,0.1770000000,963.25,143.4540,6133.55,1.160000,1.877410,1,1,"Radial Velocity",2022
"HD 219134 h","HD 219134",12.70000000,,2247.00000000000,3.1100000000,117.88,0.0321,4913.00,0.794000,0.770000,1,6,"Radial Velocity",2015
"K2-183 c","K2-183",2.30000000,,10.78799200000,0.0932000000,787.00,84.9927,5482.00,0.942219,0.870000,1,3,"Transit",2018
"NGTS-21 b","NGTS-21",14.90794433,7.50075040520000e+02,1.54338970000,0.0236000000,1357.00,514.2853,4660.00,0.720000,0.860000,1,1,"Transit",2022
"Kepler-1519 b","Kepler-1519",7.06000000,,240.79893970000,0.7655000000,342.00,3.9440,5644.00,0.940000,0.910000,1,1,"Transit",2016
"TCP J05074264+2447555 b","TCP J05074264+2447555",4.72000000,2.00000000000000e+01,,0.9400000000,344.63,2.3507,5805.00,0.586000,1.424870,1,1,"Microlensing",2018
"TOI-2459 b","TOI-2459",2.95310000,,19.10471800000,,445.01,8.5187,4195.00,0.660000,0.675100,1,1,"Transit",2023
"Kepler-784 b","Kepler-784",1.58000000,,31.59226460000,0.2211100000,688.00,194.3850,5674.00,1.000000,1.320000,1,2,"Transit",2016
"TOI-2641 b","TOI-2641",18.10250383,1.22681765102000e+02,4.88097400000,0.0607000000,1387.00,602.0000,6100.00,1.160000,1.336000,1,1,"Transit",2023
"Kepler-255 c","Kepler-255",2.99000000,,9.94604700000,0.0920000000,807.00,83.2640,5573.00,0.867000,0.933000,1,3,"Transit",2014
"HD 51608 c","HD 51608",3.87000000,,95.94460000000,0.3809000000,400.69,3.9287,5358.00,0.800000,0.916136,1,2,"Radial Velocity",2019
"TIC 434398831 c","TIC 434398831",5.63000000,,6.21029100000,0.0657200000,1050.00,166.3776,5638.00,0.992000,0.909000,1,2,"Transit",2025
"TOI-3082 b","TOI-3082",3.66210000,,1.92690700000,,1032.78,131.6480,4263.00,0.664000,0.684700,1,1,"Transit",2023
"Kepler-1037 b","Kepler-1037",1.28000000,,1.06378867300,0.0198000000,1650.00,1015.4340,5105.00,0.820000,0.780000,1,1,"Transit",2016
"TOI-2141 d","TOI-2141",3.97000000,,60.45000000000,0.2906000000,491.40,9.8000,5635.00,0.896000,0.950000,1,3,"Radial Velocity",2025
"HD 88133 b","HD 88133",13.80000000,3.24186600000000e+02,3.41488400000,0.0479000000,1762.08,1368.0872,5392.00,1.260000,2.200000,1,1,"Radial Velocity",2004
"TOI-1448 b","TOI-1448",2.74900000,1.95000000000000e+01,8.11224500000,0.0567000000,426.00,5.4500,3412.00,0.372000,0.380000,1,1,"Transit",2024
"TIC 294329732 b","TIC 294329732",2.07692266,,9.75658761810,,,,5201.93,0.890000,0.920172,1,1,"Transit",2026
"WISPIT 2 c","WISPIT 2",17.93436912,3.17828407000000e+03,,14.0000000000,2050.00,0.0034,4530.00,1.080000,1.300000,1,2,"Imaging",2026
"K2-272 b","K2-272",3.13000000,,14.45367560000,0.1007000000,747.00,49.1810,5397.00,0.860000,0.830000,1,1,"Transit",2018
"TOI-3474 b","TOI-3474",14.67255574,1.93875328270000e+02,3.87951050000,0.0502000000,1451.00,740.0000,6020.00,1.121000,1.256000,1,1,"Transit",2025
"Kepler-825 c","Kepler-825",1.84000000,,8.18182460000,0.0759000000,981.00,261.6280,5976.00,1.030000,1.080000,1,2,"Transit",2016
"Kepler-382 b","Kepler-382",1.32000000,,5.26215500000,0.0550000000,1166.00,381.4650,5600.00,1.002000,0.945000,1,2,"Transit",2014
"Kepler-266 b","Kepler-266",2.48000000,,6.61833000000,0.0710000000,1066.00,230.4030,5885.00,0.947000,1.028000,1,2,"Transit",2014
"Kepler-1962 b","Kepler-1962",1.21463929,,7.99145984600,0.0783000000,901.00,155.9500,5700.00,1.003000,1.006000,1,1,"Transit",2021
"TOI-1266 d","TOI-1266",1.74000000,3.68000000000000e+00,32.50900000000,0.1513000000,288.00,1.3000,3563.00,0.437000,0.423200,1,3,"Transit Timing Variations",2025
"Kepler-691 b","Kepler-691",2.09000000,,8.11437900000,0.0649000000,460.00,12.9950,3715.00,0.530000,0.500000,1,1,"Transit",2016
"HD 142415 b","HD 142415",13.50000000,,386.29999000000,1.0600000000,283.72,1.0219,5940.00,1.070000,1.040000,1,1,"Radial Velocity",2003
"WASP-167 b","WASP-167",17.71022000,2.54264000000000e+03,2.02195960000,0.0365000000,2329.00,3208.4100,7000.00,1.590000,1.790000,1,1,"Transit",2017
"K2-412 b","K2-412",2.11600000,,5.93820000000,0.0586000000,1100.64,243.5180,5590.00,0.893000,0.977000,1,1,"Transit",2022
"Kepler-1441 b","Kepler-1441",1.31000000,,39.44198390000,0.2346000000,682.00,33.0460,5802.00,1.000000,1.000000,1,1,"Transit",2016
"CoRoT-28 b","CoRoT-28",10.70459500,1.53829720000000e+02,5.20851000000,0.0603000000,1349.25,672.7522,5150.00,1.010000,1.780000,1,1,"Transit",2015
"Kepler-1755 b","Kepler-1755",5.91688317,,24.81209946000,0.1668000000,631.00,37.4300,6086.00,1.003000,0.921000,1,1,"Transit",2021
"Teegarden's Star c","Teegarden's Star",1.02000000,,11.41600000000,0.0455000000,209.00,0.3500,3034.00,0.097000,0.120000,1,3,"Radial Velocity",2019
"HD 219828 b","HD 219828",4.59000000,,3.83483000000,0.0490000000,1602.83,1095.4885,5891.00,1.040000,1.560000,1,2,"Radial Velocity",2007
"Kepler-835 b","Kepler-835",2.79000000,,11.41909375000,0.1070000000,921.00,170.3300,5954.00,1.080000,1.110000,1,1,"Transit",2016
"Kepler-1666 c","Kepler-1666",3.23564749,,40.71570000000,0.2383000000,578.00,26.3400,6293.00,1.230000,1.145860,1,2,"Transit",2020
"Kepler-1143 b","Kepler-1143",1.67000000,,2.88890484900,0.0371000000,976.00,173.0560,5053.00,0.810000,0.770000,1,2,"Transit",2016
"KOI-4777.01","KOI-4777",0.51000000,9.92000000000000e+01,0.41200000000,0.0080000000,1180.00,320.0000,3515.00,0.410000,0.400000,1,1,"Transit",2022
"Kepler-79 d","Kepler-79",7.15000000,5.30000000000000e+00,52.08970000000,0.2937000000,592.00,33.8740,6389.00,1.244000,1.316000,1,4,"Transit",2014
"Kepler-190 b","Kepler-190",1.56000000,,2.01999900000,0.0300000000,1166.00,417.2380,5106.00,0.834000,0.795000,1,2,"Transit",2014
"NGTS-17 b","NGTS-17",13.89913607,2.42820902948000e+02,3.24253000000,0.0391000000,1457.00,1160.0000,5650.00,1.025000,1.337000,1,1,"Transit",2021
"Kepler-354 c","Kepler-354",1.31000000,,16.93440200000,0.1150000000,508.00,14.4040,4648.00,0.652000,0.674000,1,3,"Transit",2014
"TIC 198190129 b","TIC 198190129",2.92284949,,7.94804910667,,,,4377.53,0.638000,0.640675,1,1,"Transit",2026
"Kepler-1933 b","Kepler-1933",1.17984089,,4.94329023400,0.0560500000,1058.00,250.5000,5661.00,0.964000,1.008000,1,1,"Transit",2021
"TOI-5811 B b","TOI-5811 B",21.96960217,2.57441009670000e+02,6.25663000000,0.0731000000,1530.00,1320.0000,4840.00,1.080000,3.730000,3,1,"Transit",2026
"Kepler-1041 b","Kepler-1041",2.94000000,,24.75764210000,0.1688000000,644.00,117.9560,5957.00,1.060000,1.080000,1,1,"Transit",2016
"KIC 10525077 b","KIC 10525077",5.50000000,,854.08300000000,,,,6091.00,1.010000,1.010000,1,1,"Transit",2015
"K2-70 b","K2-70",2.89000000,,13.97896000000,0.1112000000,783.99,62.0000,5622.00,0.940000,0.930000,1,1,"Transit",2016
"TOI-5704 b","TOI-5704",3.22740000,,3.77111600000,,949.07,125.0643,4590.00,0.730000,0.757500,1,1,"Transit",2023
"HATS-4 b","HATS-4",11.43300000,4.20471000000000e+02,2.51672900000,0.0362000000,1315.00,558.8280,5403.00,1.001000,0.925000,1,1,"Transit",2014
"Kepler-121 b","Kepler-121",2.34000000,,3.17742200000,0.0390000000,997.00,220.4890,5311.00,0.859000,0.701000,1,2,"Transit",2014
"HD 163607 b","HD 163607",13.90000000,,75.22030000000,0.3620000000,587.13,20.0716,5522.00,1.120000,1.760000,1,2,"Radial Velocity",2012
"TOI-1453 b","TOI-1453",1.17300000,2.32000000000000e+00,4.31352250000,,944.20,132.6000,4975.00,0.715000,0.720000,2,2,"Transit",2025
"Kepler-395 c","Kepler-395",1.32000000,,34.98926200000,0.1770000000,341.00,2.1100,4262.00,0.622827,0.556000,1,2,"Transit",2014
"TOI-7393 b","TOI-7393",11.30000000,1.94780000000000e+02,3.33708000000,0.0366400000,747.00,51.8000,3927.00,0.600000,0.582000,1,1,"Transit",2026
"HIP 81991 b","HIP 81991",12.50000000,3.01936986650000e+03,5860.00000000000,6.4000000000,163.28,0.1185,5100.00,1.090000,2.821110,2,1,"Radial Velocity",2026
"Kepler-1965 b","Kepler-1965",1.35415138,,41.86869812000,0.2297100000,492.00,13.8000,5852.00,0.928000,0.837000,1,1,"Transit",2021
"DMPP-8 b","DMPP-8",10.80000000,,62.91500000000,0.3098000000,579.70,17.7838,6009.00,0.990000,1.240000,1,1,"Radial Velocity",2026
"Kepler-501 b","Kepler-501",4.30000000,,5.64067757200,0.0627000000,1125.00,324.8560,5904.00,1.030000,1.040000,1,2,"Transit",2016
"TOI-892 b","TOI-892",11.99363000,3.01938500000000e+02,10.62656000000,0.0920000000,1397.00,571.0070,6261.00,1.280000,1.390000,1,1,"Transit",2020
"Kepler-1898 b","Kepler-1898",0.93353523,,4.76562023200,0.0506300000,1167.00,204.6000,5702.00,0.837000,1.125000,1,1,"Transit",2021
"Kepler-1274 b","Kepler-1274",1.42000000,,6.98152703000,0.0816100000,1384.00,975.8100,6179.00,1.450000,2.170000,1,1,"Transit",2016
"G 9-40 b","G 9-40",1.90000000,4.00000000000000e+00,5.74599820000,0.0418000000,440.60,6.2700,3395.00,0.295200,0.302600,1,1,"Transit",2019
"K2-46 b","K2-46",2.05000000,,19.15410000000,0.1382100000,889.00,119.0000,6256.00,0.960000,1.290000,1,1,"Transit",2016
"K2-199 c","K2-199",2.85000000,1.24000000000000e+01,7.37448970000,0.0662000000,694.00,38.6000,4491.00,0.711000,0.682000,1,2,"Transit",2018
"TOI-2005 b","TOI-2005",11.99360935,2.03410180480000e+03,17.30590400000,0.1600000000,1221.39,525.9409,7130.00,1.590000,2.020000,1,1,"Transit",2025
"Kepler-1065 b","Kepler-1065",3.73000000,,3.60930890700,0.0455000000,1092.00,419.9100,5635.00,0.940000,0.930000,1,2,"Transit",2016
"TOI-7394 B b","TOI-7394 B",11.50000000,6.68740000000000e+02,1.25299500000,0.0191300000,986.00,156.7000,3717.00,0.624000,0.609000,2,1,"Transit",2026
"HD 112300 b","HD 112300",12.20000000,,466.63000000000,1.3300000000,1240.35,284.1257,3657.00,1.400000,65.800000,1,1,"Radial Velocity",2023
"TOI-5614 b","TOI-5614",3.21759316,,4.17221328949,,817.00,74.1594,4553.00,0.674000,0.734919,1,1,"Transit",2026
"Kepler-793 b","Kepler-793",1.37000000,,4.24153639000,0.0491000000,1177.00,617.4070,5745.00,0.980000,0.970000,1,1,"Transit",2016
"Kepler-307 c","Kepler-307",2.20000000,3.64000000000000e+00,13.07290000000,0.1089600000,739.00,44.0000,5367.00,0.907000,0.814000,1,2,"Transit",2013
"Kepler-613 b","Kepler-613",2.29000000,,15.77979614000,0.1232000000,713.00,66.2690,5723.00,0.980000,0.960000,1,1,"Transit",2016
"K2-138 g","K2-138",3.01300000,4.32000000000000e+00,41.96797000000,0.2310900000,445.00,9.2900,5356.30,0.935000,0.863000,1,6,"Transit",2021
"HD 128311 b","HD 128311",13.50000000,,453.01900000000,1.0840000000,200.47,0.2620,4965.00,0.828000,0.760000,1,2,"Radial Velocity",2002
"Kepler-20 b","Kepler-20",1.77300000,9.70000000000000e+00,3.69610490000,0.0456500000,1187.00,331.0000,5495.00,0.929000,0.916400,2,6,"Transit",2011
"Kepler-1634 b","Kepler-1634",3.19000000,,374.87623900000,1.0525000000,282.00,0.5440,5474.00,0.920000,0.890000,1,1,"Transit",2016
"MOA-2020-BLG-108L b","MOA-2020-BLG-108L",12.40000000,3.39122910269000e+03,,3.6900000000,,,,0.580000,,1,1,"Microlensing",2026
"Kepler-445 d","Kepler-445",1.25000000,,8.15275000000,0.0439000000,305.00,4.3140,3157.00,0.180000,0.210000,1,3,"Transit",2015
"Kepler-1701 b","Kepler-1701",2.22186207,,169.13400000000,0.5738000000,273.00,1.3000,5146.00,0.870000,0.840217,1,1,"Transit",2020
"Kepler-1835 b","Kepler-1835",3.53387773,,11.96409988000,0.0997000000,808.00,100.9600,5903.00,0.922000,0.961000,1,1,"Transit",2021
"Kepler-1024 b","Kepler-1024",3.91000000,,66.41621330000,0.3033000000,376.00,5.4460,5143.00,0.810000,0.780000,1,1,"Transit",2016
"Kepler-1545 b","Kepler-1545",2.70000000,,163.69234900000,0.5442000000,274.00,1.4080,5201.00,0.840000,0.800000,1,1,"Transit",2016
"Kepler-1774 b","Kepler-1774",3.18179549,,59.77080154000,0.2949600000,522.00,16.4000,6214.00,1.101000,1.122000,1,1,"Transit",2021
"KOBE-1 b","KOBE-1",2.91000000,,8.53990000000,0.0700600000,594.40,20.5600,4135.00,0.629000,0.619000,1,2,"Radial Velocity",2025
"Kepler-1852 b","Kepler-1852",1.88610592,,7.97094011300,0.0762000000,760.00,79.1000,5237.00,0.927000,0.826000,1,1,"Transit",2021
"Kepler-1196 b","Kepler-1196",2.23000000,,66.18490310000,0.3179000000,436.00,8.3020,5756.00,0.980000,0.970000,1,1,"Transit",2016
"TOI-1221 b","TOI-1221",2.91000000,1.11239942450000e+03,91.68278000000,0.3870000000,440.00,6.0600,5592.00,0.930000,1.031000,1,1,"Transit",2023
"Kepler-324 c","Kepler-324",3.15000000,6.20000000000000e+00,51.80561200000,0.2600000000,410.00,7.2330,5194.00,0.901000,0.840000,1,4,"Transit",2014
"Kepler-1122 b","Kepler-1122",2.04000000,,42.19173570000,0.2315000000,526.00,23.2630,5544.00,0.920000,0.890000,1,1,"Transit",2016
"Kepler-1826 b","Kepler-1826",1.47519116,,1.61536002200,0.0213000000,806.00,99.3200,3821.00,0.490000,0.486000,1,1,"Transit",2021
"HD 134606 c","HD 134606",3.37000000,,58.88300000000,0.3007000000,527.65,12.8400,5576.00,1.046000,1.158000,1,5,"Radial Velocity",2024
"TIC 150070085 b","TIC 150070085",3.62000000,,10.47423000000,,945.06,,5999.00,1.160000,1.086000,1,1,"Transit",2026
"HIP 75092 b","HIP 75092",13.50000000,,926.40000000000,2.0200000000,353.19,2.5659,4891.00,1.280000,4.530000,1,1,"Radial Velocity",2021
"Kepler-828 b","Kepler-828",1.51000000,,0.56785713600,0.0122800000,1848.00,1835.1590,5039.00,0.810000,0.770000,1,1,"Transit",2016
"HD 5278 b","HD 5278",2.45000000,7.80000000000000e+00,14.33915600000,0.1202000000,943.00,132.0000,6203.00,1.126000,1.194000,1,2,"Transit",2021
"Kepler-1157 b","Kepler-1157",1.09000000,,4.45743164000,0.0448000000,732.00,95.4430,4679.00,0.760000,0.710000,1,1,"Transit",2016
"Kepler-1610 b","Kepler-1610",1.61000000,,8.70181574000,0.0777000000,750.00,56.2120,5383.00,0.910000,0.870000,1,2,"Transit",2016
"Kepler-1245 c","Kepler-1245",1.44000000,,2.93658468100,0.0372000000,1190.00,328.9840,5306.00,0.860000,0.830000,1,2,"Transit",2016
"Kepler-297 d","Kepler-297",32.60000000,,150.01895110000,0.5230000000,325.00,2.6200,5618.00,0.846000,0.897000,1,3,"Transit",2023
"Kepler-431 b","Kepler-431",0.76400000,,6.80300000000,0.0719000000,1032.00,577.5450,6004.00,1.071000,1.092000,1,3,"Transit",2015
"DMPP-4 b","DMPP-4",3.53000000,,3.49820000000,0.0485300000,1645.69,1222.8464,6400.00,1.250000,1.380000,1,1,"Radial Velocity",2023
"Kepler-184 d","Kepler-184",2.49000000,,29.02235800000,0.1790000000,559.00,18.5570,5788.00,0.872000,0.873000,1,3,"Transit",2014
"Kepler-1140 b","Kepler-1140",2.77000000,,24.08627070000,0.1478000000,500.00,13.0510,4850.00,0.760000,0.730000,1,1,"Transit",2016
"TOI-1799 b","TOI-1799",1.64200000,4.00000000000000e+00,7.09457086500,0.0725020000,922.72,164.2600,5690.00,1.010000,0.957000,1,1,"Transit",2024
"Kepler-1696 b","Kepler-1696",2.80982017,,65.94090000000,0.3244000000,454.00,10.0400,5712.00,1.020000,1.198110,1,1,"Transit",2020
"Kepler-928 b","Kepler-928",1.59000000,,3.93246130200,0.0444000000,894.00,111.1100,4700.00,0.730000,0.700000,1,1,"Transit",2016
"Kepler-153 c","Kepler-153",2.53000000,,46.90232000000,0.2370000000,458.00,6.4220,5404.00,0.756000,0.892000,1,2,"Transit",2014
"HD 73256 c","HD 73256",12.20000000,5.08525451200000e+03,2690.00000000000,3.8000000000,133.92,0.0511,5570.00,1.000000,0.944723,1,1,"Radial Velocity",2023
"HD 175541 b","HD 175541",14.10000000,,298.43000000000,0.9750000000,501.11,9.0363,5013.00,1.390000,4.190000,1,1,"Radial Velocity",2007
"HD 219134 g","HD 219134",3.28000000,,94.20000000000,0.3753000000,339.34,2.2009,4913.00,0.794000,0.770000,1,6,"Radial Velocity",2015
"Kepler-708 b","Kepler-708",2.93000000,,3.16789193800,0.0426000000,1221.00,684.7650,5692.00,0.970000,0.960000,1,1,"Transit",2016
"WASP-54 b","WASP-54",17.71022000,1.87519700000000e+02,3.69364000000,0.0498800000,1759.00,1639.1072,6100.00,1.080000,1.760000,2,1,"Transit",2012
"K2-250 b","K2-250",2.71257333,,4.01392000000,0.0460600000,1003.00,169.2180,5003.00,0.809000,0.797000,1,1,"Transit",2018
"Kepler-1325 b","Kepler-1325",2.86000000,,33.87868380000,0.2004000000,564.00,18.1530,5550.00,0.930000,0.910000,1,1,"Transit",2016
"Kepler-703 b","Kepler-703",8.20000000,,4.58352175600,0.0535000000,1038.00,373.1080,6185.00,1.180000,1.270000,1,1,"Transit",2016
"TOI-1533 c","TOI-1533",7.50000000,3.66000000000000e+01,8.06379260000,0.0760000000,628.00,25.9007,5146.00,0.880000,0.849000,1,2,"Transit",2026
"Kepler-957 b","Kepler-957",5.50000000,,5.90741353700,0.0559000000,769.00,124.9110,4963.00,0.810000,0.750000,1,1,"Transit",2016
"TOI-3856 b","TOI-3856",13.59649359,1.71627339780000e+02,2.04360352000,0.0325000000,1544.00,949.0000,5622.00,1.096000,1.055000,1,1,"Transit",2025
"Kepler-1740 b","Kepler-1740",3.32321414,,8.17240047500,0.0779000000,858.00,127.9500,5705.00,0.943000,0.905000,1,1,"Transit",2021
"Kepler-176 d","Kepler-176",2.51000000,1.72000000000000e+00,25.75197400000,0.1630000000,501.00,15.5360,5232.00,0.860000,0.891000,1,4,"Transit",2014
"K2-150 b","K2-150",2.00000000,,10.59357000000,0.0727000000,413.19,4.9000,3499.00,0.457000,0.436000,1,1,"Transit",2018
"Kepler-307 b","Kepler-307",2.43000000,7.44000000000000e+00,10.42080000000,0.0935900000,797.00,59.7000,5367.00,0.907000,0.814000,1,2,"Transit",2013
"Kepler-755 c","Kepler-755",1.26000000,,2.85313364400,0.0370000000,1016.00,302.5740,5043.00,0.820000,0.770000,2,2,"Transit",2016
"Kepler-607 c","Kepler-607",2.76001201,,39.67679977000,0.2150700000,473.00,8.8000,5244.00,0.808000,0.888000,1,2,"Transit",2021
"TOI-540 b","TOI-540",0.90300000,,1.23914910000,0.0122300000,611.00,23.4000,3216.00,0.159000,0.189500,1,1,"Transit",2020
"K2-320 b","K2-320",2.62000000,,1.99500000000,0.0142000000,698.00,37.1662,3157.00,0.117000,0.300000,1,1,"Transit",2020
"Kepler-1523 b","Kepler-1523",1.58000000,,0.93875077000,0.0186700000,1676.00,2218.1450,5708.00,0.970000,0.960000,1,1,"Transit",2016
"GJ 463 b","GJ 463",13.10000000,1.08061658380000e+03,3459.00000000000,3.5300000000,63.55,0.0024,3563.00,0.486000,0.483000,1,1,"Radial Velocity",2022
"Kepler-62 c","Kepler-62",0.54000000,4.00000000000000e+00,12.44170000000,0.0929000000,578.00,28.4890,4925.00,0.690000,0.640000,1,5,"Transit",2013
"HD 222582 b","HD 222582",12.60000000,,572.38000000000,1.3400000000,256.39,0.7253,5790.00,1.120000,1.130000,2,1,"Radial Velocity",1999
"Kepler-210 c","Kepler-210",3.62000000,,7.97251300000,0.0700000000,497.00,25.4400,4559.00,0.770000,0.650000,1,2,"Transit",2014
"Kepler-1551 b","Kepler-1551",2.66000000,,24.49736980000,0.1772000000,722.00,60.4210,6136.00,1.140000,1.220000,1,1,"Transit",2016
"TIC 188624430 b","TIC 188624430",3.64811843,,6.21860433132,,,,5369.46,0.929000,0.786574,1,1,"Transit",2026
"Kepler-1174 b","Kepler-1174",1.59000000,,6.89225223000,0.0732000000,1156.00,641.8140,5936.00,1.040000,1.040000,1,1,"Transit",2016
"Kepler-269 c","Kepler-269",1.69000000,,8.12789900000,0.0810000000,875.00,342.6000,5847.00,0.920000,0.959000,1,2,"Transit",2014
"Kepler-607 b","Kepler-607",0.87000000,,0.63816320400,0.0137000000,1874.00,2302.6130,5196.00,0.840000,0.800000,1,2,"Transit",2016
"Kepler-1981 b","Kepler-1981",9.23000000,,453.54212000000,1.3292000000,390.00,5.4500,5874.00,1.519000,3.006000,1,1,"Transit",2023
"TOI-6041 c","TOI-6041",10.50000000,,88.00000000000,0.3721000000,403.50,4.4200,5445.00,0.885000,0.879000,1,2,"Radial Velocity",2025
"HD 109833 c","HD 109833",2.59000000,,13.90014800000,,756.70,77.4842,5881.00,1.080000,1.000000,1,2,"Transit",2022
"Kepler-1082 b","Kepler-1082",1.12000000,,1.54320660400,0.0257100000,1827.00,2949.5570,5923.00,1.030000,1.140000,1,1,"Transit",2016
"Kepler-431 d","Kepler-431",1.11000000,,11.92200000000,0.1045000000,856.00,272.8380,6004.00,1.071000,1.092000,1,3,"Transit",2015
"WASP-170 b","WASP-170",12.28506400,5.08528000000000e+02,2.34478022000,0.0337000000,1422.00,680.0000,5600.00,0.930000,0.938000,1,1,"Transit",2018
"K2-74 b","K2-74",2.31000000,,19.56660000000,0.1402000000,772.58,59.1000,6060.00,0.960000,0.980000,1,1,"Transit",2016
"TOI-1246 d","TOI-1246",3.43139739,5.40000000000000e+00,18.65487400000,0.1320000000,587.77,28.0000,5213.00,0.888900,0.864900,1,4,"Transit",2022
"Kepler-372 d","Kepler-372",1.69000000,,30.09256800000,0.2010000000,660.00,53.4710,6509.00,1.202000,1.137000,1,3,"Transit",2014
"HD 25723 b","HD 25723",13.30000000,,457.01000000000,1.4900000000,698.40,39.6333,4766.00,2.120000,13.760000,1,1,"Radial Velocity",2020
"TOI-7155 b","TOI-7155",2.40821473,,3.89489711981,,914.00,116.2530,4673.03,0.755000,0.670748,1,1,"Transit",2026
"Kepler-84 b","Kepler-84",2.23000000,4.00000000000000e+01,8.72600000000,0.0827000000,985.00,222.1900,6039.00,1.000000,1.430000,1,5,"Transit",2012
"TOI-3353.01","TOI-3353",2.66675550,,4.66579650000,0.0601182180,1264.36,313.0426,6365.00,1.332089,1.020700,1,1,"Transit",2024
"Kepler-1555 b","Kepler-1555",1.61000000,,8.10501635000,0.0805000000,959.00,483.2620,5866.00,1.040000,1.060000,1,1,"Transit",2016
"Kepler-1725 b","Kepler-1725",2.81251770,,16.71990013000,0.1326300000,767.00,84.1000,6020.00,1.049000,1.085000,1,1,"Transit",2021
"TOI-2104 b","TOI-2104",1.52898127,,5.90437045700,,846.00,85.3357,4856.13,0.800000,0.723757,1,1,"Transit",2026
"Kepler-120 b","Kepler-120",2.15000000,8.50000000000000e+00,6.31250100000,0.0550000000,575.00,42.6920,4096.00,0.654000,0.534000,1,2,"Transit",2014
"Kepler-627 b","Kepler-627",3.73000000,,40.69944430000,0.2266100000,685.00,39.3030,6424.00,1.300000,1.490000,1,1,"Transit",2016
"Kepler-1326 b","Kepler-1326",4.18000000,,42.35142670000,0.2743000000,938.00,47.8400,6725.00,1.450000,1.740000,1,1,"Transit",2016
"TOI-1184 b","TOI-1184",2.39000000,6.80000000000000e+00,5.74843380300,0.0560270000,715.47,57.5400,4534.00,0.710000,0.690000,1,1,"Transit",2024
"G 192-15 b","G 192-15",1.02000000,,2.27476000000,0.0172300000,453.60,7.0600,2999.00,0.132000,0.170718,1,2,"Radial Velocity",2025
"HATS-61 b","HATS-61",13.39475500,1.08062200000000e+03,7.81795300000,0.0790800000,1226.10,374.2000,5542.00,1.076000,1.664000,1,1,"Transit",2018
"Kepler-684 b","Kepler-684",3.36000000,,6.77030200800,0.0640000000,812.00,102.8700,5493.00,0.890000,0.860000,1,1,"Transit",2016
"WASP-159 b","WASP-159",15.46842000,1.74806500000000e+02,3.84040100000,0.0538000000,1850.00,1599.9200,6120.00,1.410000,2.110000,1,1,"Transit",2018
"K2-26 b","K2-26",2.67000000,,14.56650000000,0.0962000000,430.00,5.8000,3785.00,0.560000,0.520000,1,1,"Transit",2016
"TIC 9344899 b","TIC 9344899",9.16000000,6.17000000000000e+03,8.58215660000,0.0815000000,923.00,149.8610,5800.00,0.980000,1.060000,1,1,"Transit",2026
"WASP-194 b","WASP-194",15.47960235,3.73130549818000e+02,3.18338700000,0.0470000000,1693.00,1365.0000,6405.00,1.290000,1.409000,1,1,"Transit",2025
"Kepler-1956 b","Kepler-1956",1.08940238,,5.94371986400,0.0563000000,674.00,48.8200,4391.00,0.671000,0.682000,1,1,"Transit",2021
"K2-335 b","K2-335",2.21000000,,12.28321100000,,949.00,,6222.00,1.230000,1.330000,1,1,"Transit",2021
"Kepler-352 c","Kepler-352",1.24000000,,16.33299500000,0.1180000000,591.00,26.3730,5212.00,0.798000,0.781000,1,3,"Transit",2014
"Kepler-1175 b","Kepler-1175",2.99000000,,37.94563000000,0.2181000000,515.00,12.9380,5453.00,0.900000,0.860000,1,1,"Transit",2016
"TOI-2453 b","TOI-2453",3.24380341,,4.44143463188,,550.78,21.7490,3720.23,0.500519,0.502498,1,1,"Transit",2026
"TOI-3523 A b","TOI-3523 A",15.97279750,4.35424917590000e+02,2.30458952000,0.0355900000,1984.00,2590.0000,6450.00,1.131000,1.448000,3,1,"Transit",2025
"Kepler-1586 b","Kepler-1586",1.52000000,,15.60492120000,0.1220800000,1013.00,105.7710,6681.00,1.450000,1.750000,1,1,"Transit",2016
"TOI-1062 c","TOI-1062",3.10000000,,7.97200000000,0.0800000000,859.00,95.0000,5328.00,0.940000,0.840000,1,2,"Radial Velocity",2021
"Kepler-30 b","Kepler-30",3.90000000,1.13000000000000e+01,29.33434000000,0.1800000000,524.00,16.3790,5498.00,0.990000,0.950000,1,3,"Transit",2012
"Kepler-1285 b","Kepler-1285",0.97000000,,14.79674580000,0.1275800000,874.00,181.5910,6170.00,1.200000,1.280000,1,1,"Transit",2016
"TOI-1230.01","TOI-1230",2.38627705,,25.05734661842,,1046.51,199.1147,5696.00,1.140000,1.152810,1,1,"Transit",2021
"Kepler-103 c","Kepler-103",5.45390000,5.84700000000000e+01,179.60978000000,0.6679000000,434.00,5.9700,6047.00,1.212000,1.492000,1,2,"Transit",2014
"Kepler-433 b","Kepler-433",16.25000000,8.96240000000000e+02,5.33408384000,0.0679000000,1776.00,1682.6600,6360.00,1.460000,2.260000,1,1,"Transit",2015
"CoRoT-8 b","CoRoT-8",6.39000000,6.99200000000000e+01,6.21229000000,0.0630000000,870.00,19.8170,5080.00,0.880000,0.770000,1,1,"Transit",2010
"Kepler-361 c","Kepler-361",2.52000000,,55.18802300000,0.3000000000,568.00,33.9480,6169.00,1.191000,1.343000,1,2,"Transit",2014
"TOI-5728 b","TOI-5728",1.31000000,,11.49761000000,,382.00,3.5120,3419.00,0.360000,0.370000,1,1,"Transit",2025
"Kepler-568 b","Kepler-568",2.26000000,,11.02347475000,0.0794000000,429.00,8.3700,3768.00,0.550000,0.530000,1,1,"Transit",2016
"Kepler-1923 b","Kepler-1923",1.95958179,,52.60969925000,0.2846000000,553.00,8.6300,5881.00,1.109000,1.294000,1,1,"Transit",2021
"Kepler-1208 b","Kepler-1208",2.32000000,,11.08507637000,0.0901000000,665.00,37.6640,5001.00,0.800000,0.760000,1,1,"Transit",2016
"Kepler-406 c","Kepler-406",0.85000000,2.71000000000000e+00,4.62332000000,0.0553100000,1050.00,349.7690,5538.00,1.070000,1.070000,1,2,"Transit",2014
"Kepler-1910 b","Kepler-1910",1.18400000,,5.68876981700,0.0536000000,645.00,40.8800,4234.00,0.636000,0.639000,1,1,"Transit",2021
"Kepler-1655 b","Kepler-1655",2.21300000,5.40000000000000e+00,11.87287870000,0.1029000000,938.00,129.1000,6148.00,1.030000,1.030000,1,1,"Transit",2018
"HD 191939 g","HD 191939",3.74000000,,284.00000000000,0.8120000000,278.00,0.9900,5348.00,0.810000,0.940000,1,6,"Radial Velocity",2022
"HD 87816 c","HD 87816",12.40000000,,7596.00000000000,10.1400000000,226.65,0.4396,4989.00,2.410000,9.000000,1,2,"Radial Velocity",2025
"Kepler-185 c","Kepler-185",2.02000000,,20.72904200000,0.1390000000,530.00,16.0290,5208.00,0.763000,0.806000,1,2,"Transit",2014
"TOI-707 b","TOI-707",2.41600000,,52.79918000000,0.2750000000,491.70,10.9718,5424.00,0.990000,0.978000,1,1,"Transit",2026
"Kepler-738 b","Kepler-738",2.50000000,,24.58721573000,0.1552000000,530.00,27.6440,5327.00,0.860000,0.820000,1,1,"Transit",2016
"Kepler-658 b","Kepler-658",1.63000000,,1.28707676200,0.0188000000,871.00,223.7450,4103.00,0.630000,0.600000,1,1,"Transit",2016
"HD 235088 b","HD 235088",1.98200000,4.15000000000000e+00,7.43413250000,0.0706000000,805.00,70.0000,5075.00,0.849000,0.772000,1,1,"Transit",2023
"Kepler-93 b","Kepler-93",1.47800000,4.66000000000000e+00,4.72673978000,0.0534300000,1133.00,275.0000,5669.00,0.911000,0.919000,1,2,"Transit",2014
"Kepler-596 b","Kepler-596",3.46000000,,21.30022655000,0.1516100000,725.00,82.3020,6267.00,1.210000,1.320000,1,1,"Transit",2016
"K2-174 b","K2-174",2.60000000,,19.56230700000,0.1260000000,455.00,10.9555,4455.00,0.700000,0.676000,1,1,"Transit",2018
"Kepler-1357 b","Kepler-1357",1.28000000,,3.00913240000,0.0410000000,1177.00,449.9750,5597.00,0.930000,0.900000,1,1,"Transit",2016
"Kepler-1807 b","Kepler-1807",2.70393215,,10.86060047000,0.0988000000,1108.00,356.2400,6455.00,1.087000,1.496000,1,1,"Transit",2021
"GJ 3378 b","GJ 3378",1.32000000,,21.45000000000,0.0967300000,272.00,0.9100,3340.00,0.262000,0.275000,1,1,"Radial Velocity",2026
"Kepler-256 b","Kepler-256",1.59000000,,1.62049300000,0.0270000000,1681.00,1225.9340,5551.00,1.037000,1.301000,1,4,"Transit",2014
"NGTS-31 b","NGTS-31",18.04645893,3.55967815840000e+02,4.16273400000,0.0640000000,1410.00,643.0000,5710.00,0.960000,1.700000,1,1,"Transit",2025
"TOI-2525 c","TOI-2525",10.13291855,2.08813263399000e+02,49.25190000000,0.2490000000,399.96,6.0478,5096.00,0.849000,0.785000,1,2,"Transit",2023
"Kepler-574 b","Kepler-574",2.39000000,,7.65880414000,0.0723000000,858.00,120.4700,5612.00,0.950000,0.910000,1,1,"Transit",2016
"Kepler-1062 b","Kepler-1062",1.76000000,,9.30412078000,0.0748000000,583.00,33.7600,4597.00,0.750000,0.700000,1,1,"Transit",2016
"HD 28185 c","HD 28185",12.80000000,1.90697044200000e+03,9090.00000000000,8.5000000000,94.85,0.0134,5602.00,0.974000,1.048000,1,2,"Radial Velocity",2022
"K2-317 b","K2-317",2.93000000,,6.22000000000,0.0542000000,432.00,4.5848,3387.00,0.403000,0.379000,1,1,"Transit",2020
"Kepler-1375 b","Kepler-1375",1.74000000,,3.30041920000,0.0471000000,1543.00,2948.3620,6704.00,1.470000,1.780000,1,1,"Transit",2016
"TOI-6478 b","TOI-6478",4.60000000,,34.00501900000,0.1136000000,204.40,0.0003,3230.00,0.230000,0.234000,2,1,"Transit",2025
"Kepler-1338 b","Kepler-1338",0.92000000,,0.93511805700,0.0193700000,2124.00,4712.1110,5909.00,1.040000,1.050000,1,1,"Transit",2016
"WASP-59 b","WASP-59",8.68700000,2.74276000000000e+02,7.91958500000,0.0697000000,670.00,38.0328,4650.00,0.719000,0.613000,1,1,"Transit",2012
"K2-63 c","K2-63",3.90000000,,25.45560000000,0.1890000000,958.85,139.0000,6771.00,1.400000,1.630000,1,2,"Transit",2016
"KOI-4978 b","KOI-4978",0.70000000,,0.94196700000,,,,5050.28,0.859000,0.966000,1,1,"Transit",2024
"Kepler-1539 b","Kepler-1539",2.70000000,,133.30367410000,0.4765000000,301.00,1.5720,5176.00,0.840000,0.800000,1,1,"Transit",2016
"Kepler-614 b","Kepler-614",2.39000000,,14.03491514000,0.1027000000,641.00,37.2000,5268.00,0.850000,0.810000,1,1,"Transit",2016
"Kepler-257 c","Kepler-257",5.41000000,,6.58148400000,0.0660000000,881.00,88.6000,5180.00,0.916000,1.037000,1,3,"Transit",2014
"TOI-5398 b","TOI-5398",10.30000000,5.87000000000000e+01,10.59054700000,0.0980000000,947.00,118.4130,6000.00,1.146000,1.051000,1,2,"Transit",2022
"TOI-1820 b","TOI-1820",12.77823800,7.31005336100000e+02,4.86067400000,0.0610000000,1375.00,292.2450,5734.00,1.040000,1.510000,1,1,"Transit",2022
"Kepler-1220 b","Kepler-1220",1.52000000,,7.42693741000,0.0734000000,899.00,177.8420,5842.00,1.000000,0.990000,1,1,"Transit",2016
"TOI-938 b","TOI-938",4.82401567,,8.80733882211,,1073.00,220.7350,5829.42,1.100000,0.985134,1,1,"Transit",2026
"Kepler-192 d","Kepler-192",1.02000000,,6.47027579000,0.0686000000,926.00,186.0760,5487.00,0.940000,0.940000,1,3,"Transit",2016
"Kepler-825 b","Kepler-825",1.53000000,,3.77360059000,0.0453000000,1270.00,734.4640,5976.00,1.030000,1.080000,1,2,"Transit",2016
"Kepler-1414 b","Kepler-1414",1.23000000,,3.51576315000,0.0426000000,1033.00,209.4640,4951.00,0.800000,0.750000,1,1,"Transit",2016
"HD 86950 b","HD 86950",13.00000000,,1270.00000000000,2.7200000000,416.76,4.9065,4805.00,1.660000,8.800000,1,1,"Radial Velocity",2016
"Kepler-1150 b","Kepler-1150",1.02000000,,2.78786838600,0.0382000000,1432.00,153.7410,4754.00,0.760000,0.720000,2,1,"Transit",2016
"Kepler-1765 b","Kepler-1765",2.49508857,,10.41889954000,0.0917000000,855.00,126.4800,5692.00,0.946000,1.064000,1,1,"Transit",2021
"Kepler-831 b","Kepler-831",1.27000000,,5.62153941000,0.0598400000,992.00,266.2490,5732.00,0.990000,0.970000,1,1,"Transit",2016
"K2-257 b","K2-257",0.83000000,,1.60588000000,0.0216000000,789.00,89.1463,3725.00,0.520000,0.500000,1,1,"Transit",2018
"Kepler-27 d","Kepler-27",2.70619460,,6.54628992100,0.0657800000,810.00,88.2000,5251.00,0.926000,0.817000,1,3,"Transit",2021
"HIP 29442 d","TOI-469",1.53800000,5.14000000000000e+00,6.42957500000,0.0673000000,920.00,203.0000,5289.00,0.901000,0.980000,1,3,"Radial Velocity",2023
"Kepler-196 b","Kepler-196",1.90000000,,20.73988600000,0.1380000000,536.00,20.7350,5128.00,0.839000,0.782000,1,3,"Transit",2014
"Kepler-806 b","Kepler-806",1.14000000,,8.09219642000,0.0768400000,1089.00,413.6030,5770.00,0.990000,1.160000,1,1,"Transit",2016
"Kepler-1854 b","Kepler-1854",2.58746104,,39.83110046000,0.2089400000,420.00,7.3300,5026.00,0.800000,0.759000,1,1,"Transit",2021
"TOI-5624 b","TOI-5624",2.31400000,9.40000000000000e+00,3.39034730000,0.0420100000,1136.00,251.1030,5327.00,0.858000,0.820000,1,5,"Transit",2026
"Kepler-739 b","Kepler-739",3.32000000,,12.53248465000,0.1054000000,775.00,115.9630,5601.00,0.930000,0.900000,1,1,"Transit",2016
"HD 204313 b","HD 204313",12.90000000,1.46677809830500e+03,2041.11539000000,3.1850000000,163.43,0.1240,5767.00,1.030000,1.100000,1,3,"Radial Velocity",2010
"Kepler-129 d","Kepler-129",12.60000000,,2646.00000000000,4.0000000000,178.86,0.1818,5770.00,1.178000,1.653000,1,3,"Radial Velocity",2021
"Kepler-389 c","Kepler-389",1.46000000,,14.51143000000,0.1100000000,636.00,22.7350,5376.00,0.765000,0.792000,1,2,"Transit",2014
"K2-158 c","K2-158",1.28000000,,5.90279000000,0.0622000000,948.00,177.6001,5503.00,0.920000,0.950000,1,2,"Transit",2018
"Kepler-864 c","Kepler-864",1.62000000,,2.42150341000,0.0382000000,1532.00,1305.0400,6213.00,1.270000,1.195000,1,2,"Transit",2023
"TOI-5800 b","TOI-5800",2.46000000,9.50000000000000e+00,2.62788380000,0.0344000000,1108.00,274.1630,4850.00,0.778000,0.773000,1,1,"Transit",2025
"TOI-2803 A b","TOI-2803 A",18.11371281,3.09882696825000e+02,1.96229325000,0.0318500000,1893.00,2150.0000,6280.00,1.118000,1.245000,2,1,"Transit",2023
"Kepler-1462 b","Kepler-1462",3.82000000,,65.64883410000,0.3094000000,390.00,4.7040,5756.00,1.000000,1.000000,1,1,"Transit",2016
"HD 191939 b","HD 191939",3.41000000,1.00000000000000e+01,8.88032560000,0.0804000000,880.00,100.0000,5348.00,0.810000,0.940000,1,6,"Transit",2020
"HD 212771 b","HD 212771",13.30000000,,380.70000000000,1.1900000000,507.69,10.8749,5003.00,1.560000,5.270000,1,1,"Radial Velocity",2009
"Kepler-1695 b","Kepler-1695",1.11948901,,4.73290000000,0.0529000000,957.00,198.5700,5473.19,0.960000,0.987155,1,1,"Transit",2020
"TOI-1782.02","TOI-1782",1.83900000,,1.82902422700,0.0257390000,974.95,214.1700,4336.00,0.680000,0.669000,1,2,"Transit",2024
"WASP-119 b","WASP-119",15.69260000,3.90930900000000e+02,2.49979000000,0.0363000000,1600.00,907.8624,5650.00,1.020000,1.200000,1,1,"Transit",2016
"Kepler-893 b","Kepler-893",3.03000000,,6.33855761000,0.0699000000,1034.00,266.2710,5820.00,1.000000,0.990000,1,1,"Transit",2016
"Kepler-1487 c","Kepler-1487",7.97000000,,35.80071120000,0.2588000000,991.00,227.6800,5745.00,1.801000,3.955000,1,2,"Transit",2023
"KOI-7913 b","KOI-7913 A",2.34000000,,24.27855300000,0.1456000000,432.00,8.2700,4324.00,0.760000,0.788000,2,1,"Transit",2022
"TOI-1472 c","TOI-1472",3.33400000,2.11300000000000e+01,15.53817470000,0.1160000000,662.00,32.7735,5100.00,0.870000,0.840000,1,2,"Radial Velocity",2025
"Kepler-1239 b","Kepler-1239",2.90000000,,5.19104016000,0.0625000000,1183.00,462.9100,6564.00,1.400000,1.570000,1,1,"Transit",2016
"Kepler-1902 b","Kepler-1902",1.17563613,,3.82222008700,0.0385000000,601.00,30.8400,3729.00,0.520000,0.514000,1,1,"Transit",2021
"Kepler-297 b","Kepler-297",2.87000000,4.85000000000000e+01,38.87182600000,0.2170000000,509.00,16.4640,5619.00,0.927000,0.915000,1,3,"Transit",2014
"Kepler-351 d","Kepler-351",2.72000000,,142.54424700000,0.5177000000,318.00,1.9890,5225.00,0.810000,0.780000,1,3,"Transit",2016
"K2-136 d","K2-136",1.56500000,3.00000000000000e+00,25.57500000000,0.1538000000,420.00,7.0700,4500.00,0.742000,0.677000,2,3,"Transit",2017
"Kepler-789 b","Kepler-789",2.12000000,,8.63847725000,0.0951000000,1419.00,312.3400,5870.00,1.010000,1.020000,1,1,"Transit",2016
"K2-279 b","K2-279",1.21000000,,7.12260500000,0.0670000000,879.00,139.1055,5558.00,0.790000,0.860000,1,1,"Transit",2018
"nu Oph c","nu Oph",12.00000000,7.83832346000000e+03,3180.60000000000,5.8290000000,341.48,2.3098,4887.00,2.610000,12.240000,1,2,"Radial Velocity",2012
"KOI-1599.02","KOI-1599",1.90000000,9.00000000000000e+00,13.60880000000,0.1122930000,755.00,76.8100,5833.00,1.020000,0.972000,1,2,"Transit",2019
"HD 109833 b","HD 109833",2.88800000,,9.18852600000,,786.00,63.4589,5881.00,1.080000,1.000000,1,2,"Transit",2022
"HIP 71135 b","HIP 71135",4.55000000,,87.19000000000,0.3350000000,285.11,1.1013,4146.00,0.660000,0.681296,1,1,"Radial Velocity",2019
"K2-147 b","K2-147",1.47286006,,0.96193900000,0.0157500000,1077.00,200.1000,3690.00,0.563000,0.578000,1,1,"Transit",2018
"Kepler-11 d","Kepler-11",3.12000000,7.30000000000000e+00,22.68450000000,0.1550000000,653.00,51.1150,5663.00,0.961000,1.065000,1,6,"Transit",2010
"K2-131 b","K2-131",1.69000000,7.90000000000000e+00,0.36930380000,0.0093600000,2223.00,4070.0000,5120.00,0.803000,0.759500,1,1,"Transit",2017
"Kepler-218 d","Kepler-218",2.66000000,,124.52446470000,0.4988400000,356.00,4.1180,5542.00,1.010000,1.020000,1,3,"Transit",2016
"TOI-6054.01","TOI-6054",2.64000000,1.25000000000000e+01,7.50142800000,0.0763000000,1360.00,570.0000,6047.00,1.107000,1.662000,1,2,"Transit",2024
"Kepler-1937 b","Kepler-1937",3.02291330,,9.68859958600,0.0915000000,1014.00,163.1000,6457.00,1.190000,1.196000,1,1,"Transit",2021
"HAT-P-56 b","HAT-P-56",16.92559000,7.34187300000000e+02,2.79083000000,0.0423000000,1840.00,3515.0000,6566.00,1.420000,1.470000,1,1,"Transit",2015
"HD 8574 b","HD 8574",13.40000000,,227.00000000000,0.7600000000,394.03,4.1197,6064.00,1.340000,1.380000,1,1,"Radial Velocity",2002
"HATS-71 b","HATS-71",11.47801600,1.17597100000000e+02,3.79552020000,0.0374500000,586.80,18.0832,3405.00,0.486100,0.478300,1,1,"Transit",2020
"K2-341 b","K2-341",3.21000000,,36.55255100000,,598.00,,5817.00,0.980000,1.160000,1,1,"Transit",2021
"GJ 1061 b","GJ 1061",1.04000000,1.11000000000000e+00,3.20730000000,0.0210000000,388.11,3.8000,2953.00,0.120000,0.156000,1,3,"Radial Velocity",2020
"Kepler-102 b","Kepler-102",0.46000000,1.10000000000000e+00,5.28696500000,0.0552100000,857.00,90.0000,4909.00,0.803000,0.724000,1,5,"Transit",2014
"Kepler-731 b","Kepler-731",13.88000000,,3.85560355100,0.0505000000,1212.00,456.7030,5849.00,1.030000,1.060000,1,1,"Transit",2016
"K2-194 b","K2-194",3.64229858,,39.72138600000,,,,5979.00,1.110086,1.281115,1,1,"Transit",2018
"Kepler-915 b","Kepler-915",1.50000000,,4.59489604000,0.0565500000,1319.00,844.7510,6173.00,1.210000,1.380000,1,1,"Transit",2016
"TIC 241249530 b","TIC 241249530",13.29385111,1.58278546686000e+03,165.77190000000,0.6410000000,438.94,6.2305,6166.00,1.271000,1.397000,2,1,"Transit",2024
"TOI-5795 b","TOI-5795",5.62000000,2.36600000000000e+01,6.14063250000,0.0640000000,1136.78,240.6761,5715.00,0.901000,1.082000,1,1,"Transit",2025
"K2-196 b","K2-196",3.59970536,,48.32422200000,,,,6045.00,1.162095,1.538801,1,1,"Transit",2018
"Kepler-1315 b","Kepler-1315",1.38000000,,0.84338011000,0.0161700000,1541.00,897.9000,4861.00,0.800000,0.750000,1,2,"Transit",2016
"Kepler-93 c","Kepler-93",,9.54000000000000e+02,1460.00000000000,,,,5669.00,0.910000,0.920000,1,2,"Radial Velocity",2014
"TOI-5599 b","TOI-5599",7.18882120,,5.43691503941,,1496.00,833.2180,6137.02,1.210000,1.913340,1,1,"Transit",2026
"Kepler-1912 b","Kepler-1912",1.35670508,,6.05921983700,0.0648900000,976.00,201.8000,5734.00,0.977000,0.962000,1,1,"Transit",2021
"TOI-1260 c","TOI-1260",2.76000000,1.32000000000000e+01,7.49313400000,0.0657000000,651.00,29.8100,4227.00,0.679000,0.672000,1,3,"Transit",2021
"Kepler-306 e","Kepler-306",2.27000000,,44.84097500000,0.2270000000,390.00,6.1850,4954.00,0.750000,0.719000,1,4,"Transit",2014
"K2-396 b","K2-396",1.57900000,,0.67386200000,,,,5236.00,0.954000,0.920000,1,2,"Transit",2022
"HD 10442 b","HD 10442",13.60000000,,1032.30000000000,2.0100000000,234.49,0.5054,4912.00,1.010000,1.970000,1,1,"Radial Velocity",2014
"Kepler-198 c","Kepler-198",2.47000000,,49.56741600000,0.2590000000,465.00,11.3540,5574.00,0.995000,0.940000,1,3,"Transit",2014
"Kepler-129 b","Kepler-129",2.40000000,,15.79000000000,0.1300000000,910.00,158.3060,5770.00,1.178000,1.653000,1,3,"Transit",2014
"Kepler-1549 b","Kepler-1549",2.57000000,,214.88654500000,0.6687000000,286.00,1.1840,5324.00,0.880000,0.840000,1,1,"Transit",2016
"HD 8326 b","HD 8326",9.58000000,,158.99100000000,0.5330000000,287.23,1.1342,4914.00,0.800000,0.783181,1,1,"Radial Velocity",2019
"Kepler-1800 b","Kepler-1800",0.99679734,,4.56202983900,0.0509800000,1533.00,242.0000,5343.00,1.330000,2.506000,1,1,"Transit",2021
"TOI-1742 b","TOI-1742",2.36507598,9.70000000000000e+00,21.26908400000,0.1540000000,694.09,58.6180,5815.00,1.086100,1.131000,1,1,"Transit",2024
"BD+45 564 b","BD+45 564",13.60000000,,307.88000000000,0.8300000000,238.82,0.5790,5004.00,0.810000,0.813064,1,1,"Radial Velocity",2021
"HD 11343 c","HIP 8541",13.90000000,,228.53731000000,0.9230000000,613.29,23.9661,4672.00,2.009000,6.840000,2,2,"Radial Velocity",2022
"TOI-2295 b","TOI-2295",16.47720163,2.78099856125000e+02,30.03330200000,0.1992000000,747.00,42.0912,5730.00,1.168000,1.459000,1,2,"Transit",2024
"Kepler-656 c","Kepler-656",1.41000000,,5.25449393000,0.0602000000,975.00,213.2500,5550.00,1.050000,0.954000,1,2,"Transit",2023
"Kepler-1941 b","Kepler-1941",2.64976949,,31.33510017000,0.2054000000,666.00,46.5300,6404.00,1.175000,1.142000,1,1,"Transit",2021
"Kepler-1311 d","Kepler-1311",9.65837605,,197.51100160000,0.6843400000,391.00,6.0000,5616.00,1.032000,1.674000,1,3,"Transit",2021
"Kepler-1316 b","Kepler-1316",3.54000000,,87.97321360000,0.3976500000,446.00,10.7140,5884.00,1.040000,1.120000,1,1,"Transit",2016
"TOI-6954 b","TOI-6954",3.63524486,,4.02074127419,,930.00,124.5690,5170.87,0.834000,0.947112,1,1,"Transit",2026
"Kepler-256 d","Kepler-256",2.48000000,,5.83917200000,0.0640000000,1097.00,221.1000,5551.00,1.037000,1.301000,1,4,"Transit",2014
"K2-90 c","K2-90",1.30000000,,2.90070600000,0.0350000000,908.07,80.8000,4421.98,0.704613,0.634754,1,2,"Transit",2016
"HD 11506 d","HD 11506",12.30000000,4.06820360960000e+03,26500.00000000000,18.2000000000,77.07,0.0066,6123.00,1.220000,1.240000,1,3,"Radial Velocity",2022
"Kepler-1118 b","Kepler-1118",2.74000000,,38.67150750000,0.2079000000,502.00,20.0110,5688.00,0.960000,0.970000,1,1,"Transit",2016
"K2-247 c","K2-247",2.19000000,,6.49424000000,0.0615000000,688.00,34.7304,4667.00,0.740000,0.690000,1,2,"Transit",2018
"K2-322 b","K2-322",1.92000000,,8.20500000000,0.0594000000,635.00,25.9048,4141.00,0.630000,0.602000,1,1,"Transit",2020
"HD 141004 b","HD 141004",3.77000000,,15.50830000000,0.1238000000,950.73,144.7300,5885.38,1.051904,1.389372,1,1,"Radial Velocity",2021
"Kepler-168 c","Kepler-168",2.69000000,,13.19324200000,0.1160000000,862.00,169.0020,6282.00,1.113000,1.107000,1,2,"Transit",2014
"TOI-4155 b","TOI-4155",3.21000000,,3.32072900000,,1255.00,586.7620,5724.00,1.160000,0.950000,1,1,"Transit",2025
"GJ 9689 b","GJ 9689",3.07000000,,18.27000000000,0.1139000000,453.04,4.8635,3836.00,0.590000,0.570000,1,1,"Radial Velocity",2020
"Kepler-169 d","Kepler-169",1.25000000,,8.34812500000,0.0750000000,702.00,55.5300,4997.00,0.825000,0.763000,1,5,"Transit",2014
"Kepler-191 d","Kepler-191",2.28000000,,5.94504101700,0.0610400000,857.00,99.6000,5215.00,0.840000,0.800000,1,3,"Transit",2016
"K2-8 b","K2-8",3.58000000,,10.35239000000,0.0856000000,631.00,37.7000,4870.00,0.780000,0.740000,1,2,"Transit",2015
"HATS-33 b","HATS-33",13.78707000,3.78853360000000e+02,2.54955510000,0.0372700000,1429.00,757.1284,5659.00,1.062000,1.022000,1,1,"Transit",2016
"Kepler-1464 b","Kepler-1464",1.66000000,,31.77859010000,0.2006600000,564.00,89.4730,5828.00,1.020000,1.010000,1,2,"Transit",2016
"Kepler-805 b","Kepler-805",2.89000000,,30.86389310000,0.1985200000,743.00,86.4730,6112.00,1.190000,1.650000,1,1,"Transit",2016
"17 Sco b","17 Sco",12.90000000,,578.38000000000,1.4500000000,847.51,85.4316,4157.00,1.220000,25.920000,1,1,"Radial Velocity",2020
"Kepler-264 c","Kepler-264",2.83000000,,140.10126100000,0.5660000000,511.00,15.3470,6158.00,1.426000,1.550000,1,2,"Transit",2014
"HR 858 b","HR 858",2.00400000,3.55000000000000e+00,3.58528700000,0.0488800000,1552.00,989.7000,6354.00,1.204000,1.258000,2,3,"Transit",2019
"Kepler-941 b","Kepler-941",3.08000000,,17.42395198000,0.1311000000,722.00,47.0320,5539.00,0.890000,0.860000,1,1,"Transit",2016
"Kepler-1832 b","Kepler-1832",1.22719556,,3.13878989200,0.0370000000,1022.00,257.3200,5242.00,0.684000,0.722000,1,1,"Transit",2021
"TOI-833 b","TOI-833",1.27000000,,1.04187770000,0.0171000000,1118.00,270.0682,3920.00,0.610000,0.600000,1,1,"Transit",2022
"HD 38283 b","HD 38283",14.00000000,,363.20001000000,1.0200000000,348.58,2.4745,5981.00,1.370000,1.490000,1,1,"Radial Velocity",2010
"Kepler-341 b","Kepler-341",1.18000000,,5.19552800000,0.0600000000,1085.00,422.0970,6012.00,0.976000,1.024000,1,4,"Transit",2014
"TIC 153919886 b","TIC 153919886",2.70601108,,2.10510492329,,,,4137.16,0.581261,0.591697,1,1,"Transit",2026
"Kepler-1669 b","Kepler-1669",2.78043818,,9.51216000000,0.0745000000,530.00,18.6600,4303.00,0.670000,0.714145,1,3,"Transit",2020
"Kepler-295 c","Kepler-295",1.17000000,,21.52625800000,0.1420000000,621.00,141.4000,5603.00,0.890000,0.898000,1,3,"Transit",2014
"NN Ser c","NN Ser",12.60000000,2.32960000000000e+03,6987.00000000000,5.3500000000,,,57000.00,0.535000,,2,2,"Eclipse Timing Variations",2010
"Kepler-1802 b","Kepler-1802",1.67100000,,15.45020008000,0.0662000000,581.00,26.9100,4245.00,0.649000,0.637000,1,2,"Transit",2021
"TOI-6008 b","TOI-6008",1.03000000,4.00000000000000e+00,0.85743470000,0.0107770000,707.00,41.5000,3075.00,0.230000,0.242000,1,1,"Transit",2024
"Kepler-1437 b","Kepler-1437",1.37000000,,10.92954610000,0.0951000000,770.00,83.1400,5557.00,0.930000,0.900000,1,1,"Transit",2016
"Kepler-330 b","Kepler-330",1.35000000,,8.25978000000,0.0750000000,714.00,66.5780,5117.00,0.848000,0.722000,1,2,"Transit",2014
"Kepler-100 c","Kepler-100",2.20000000,7.05000000000000e+00,12.81590000000,0.1106100000,939.00,208.6570,5825.00,1.080000,1.490000,1,4,"Transit",2014
"K2-377 b","K2-377",1.69300000,,12.83223500000,,,,4200.00,0.821000,0.691000,1,1,"Transit",2022
"Kepler-554 b","Kepler-554",4.29000000,,1.90220855600,0.0302200000,1346.00,877.9450,5447.00,0.930000,0.920000,1,1,"Transit",2016
"Kepler-208 e","Kepler-208",1.48000000,,16.25945800000,0.1320000000,880.00,106.3450,6092.00,1.082000,1.314000,1,4,"Transit",2014
"Kepler-1287 b","Kepler-1287",1.54000000,,11.47685909000,0.0976000000,796.00,78.1560,5715.00,0.960000,0.940000,1,1,"Transit",2016
"Kepler-646 b","Kepler-646",1.99000000,,15.87364565000,0.1125100000,632.00,38.2290,5634.00,0.930000,0.910000,1,1,"Transit",2016
"Kepler-1880 b","Kepler-1880",2.11686218,,6.30921983700,0.0540000000,606.00,31.7300,4380.00,0.524000,0.530000,1,1,"Transit",2021
"Kepler-587 b","Kepler-587",2.23000000,,10.94027841000,0.0952000000,764.00,70.9650,5549.00,0.920000,0.890000,1,1,"Transit",2016
"EPIC 201238110 b","EPIC 201238110",1.87000000,,28.16560000000,,,,3587.00,0.410000,0.374000,1,1,"Transit",2019
"K2-240 c","K2-240",1.80000000,,20.52300000000,0.1159000000,389.00,3.9456,3810.00,0.580000,0.540000,1,2,"Transit",2018
"Kepler-1495 b","Kepler-1495",2.94000000,,85.27325600000,0.3677000000,443.00,9.1000,5831.00,1.030000,1.040000,1,1,"Transit",2016
"Kepler-508 b","Kepler-508",1.64000000,,25.30889748000,0.1727400000,710.00,60.3720,6025.00,1.160000,1.250000,1,1,"Transit",2016
"HD 191939 f","HD 191939",13.20000000,,2898.00000000000,3.7100000000,125.00,0.0472,5348.00,0.810000,0.940000,1,6,"Radial Velocity",2022
"HN Peg b","HN Peg",11.77680000,6.99157000000000e+03,,773.0000000000,10.77,0.0000,6186.00,1.080000,1.006954,1,1,"Imaging",2006
"K2-413 b","K2-413",0.75990000,,0.80940000000,0.0117000000,1535.20,921.7550,4116.00,0.808000,0.700000,1,2,"Transit",2022
"KOI-351 h","KOI-351",11.25200000,2.03000000000000e+02,331.60296000000,0.9706200000,294.00,1.8490,6031.13,1.242000,1.185000,1,8,"Transit",2013
"HD 60779 c","HD 60779",5.79000000,,104.79000000000,,,,6081.00,1.050000,1.129000,1,2,"Radial Velocity",2026
"K2-19 c","K2-19",4.10000000,1.10000000000000e+01,11.90600000000,0.0982000000,679.00,51.0000,5322.00,0.880000,0.820000,1,3,"Transit",2015
"TOI-3160 A b","TOI-3160 A",13.76462830,3.78215804330000e+02,3.97128100000,0.0505000000,1539.00,933.0000,6190.00,1.088000,1.346000,2,1,"Transit",2025
"Kepler-1333 b","Kepler-1333",2.81000000,,109.64718420000,0.4382000000,428.00,3.2980,5628.00,0.940000,0.920000,1,1,"Transit",2016
"Kepler-1715 b","Kepler-1715",4.14042267,,35.59730148000,0.2242900000,646.00,53.0000,6212.00,1.082000,1.209000,1,1,"Transit",2021
"Kepler-1885 b","Kepler-1885",1.51110555,,2.52255988100,0.0360000000,1205.00,499.0700,5591.00,0.977000,0.860000,1,1,"Transit",2021
"TOI-1803 c","TOI-1803",4.29000000,8.00000000000000e+00,12.88577900000,0.0970000000,588.00,22.0000,4687.00,0.756000,0.715000,1,2,"Transit",2025
"Kepler-1116 b","Kepler-1116",2.54000000,,41.69778270000,0.2330000000,488.00,15.7930,5641.00,0.950000,0.930000,1,1,"Transit",2016
"Kepler-232 b","Kepler-232",3.08000000,,4.43122200000,0.0540000000,1104.00,410.5830,5847.00,0.970000,0.968000,1,2,"Transit",2014
"HD 141399 d","HD 141399",13.70000000,,1069.80000000000,2.0900000000,220.00,0.3640,5600.00,1.070000,1.387236,1,4,"Radial Velocity",2014
"HIP 57274 b","HIP 57274",,3.35944626199000e+03,8.13520000000,0.0700000000,725.95,316.0850,4510.00,0.290000,0.780000,1,3,"Radial Velocity",2011
"Kepler-398 d","Kepler-398",0.88000000,,6.83437001000,0.0618000000,636.00,40.8310,4557.00,0.720000,0.670000,1,3,"Transit",2016
"HD 158259 b","HD 158259",1.28228000,,2.17800000000,,1462.00,759.1830,5801.89,1.080000,1.210000,1,5,"Radial Velocity",2020
"Kepler-577 b","Kepler-577",2.55000000,,25.69578251000,0.1348000000,314.00,5.6880,4984.00,0.780000,0.730000,1,1,"Transit",2016
"Kepler-953 b","Kepler-953",4.21000000,,88.40655258000,0.3920000000,410.00,5.8400,5416.00,0.950000,0.990000,1,2,"Transit",2016
"HD 124330 b","HD 124330",14.00000000,,270.66000000000,0.8600000000,348.79,2.9422,5873.00,1.150000,1.304460,1,1,"Radial Velocity",2021
"Kepler-1966 b","Kepler-1966",1.10479327,,8.61742973300,0.0763000000,733.00,68.2800,5009.00,0.797000,0.840000,1,1,"Transit",2021
"Kepler-212 c","Kepler-212",2.74000000,,31.80517400000,0.2070000000,664.00,54.6620,5852.00,1.166000,1.455000,1,2,"Transit",2014
"HD 238914 b","HD 238914",12.80000000,,4100.00000000000,5.7000000000,343.67,2.1790,4769.00,1.470000,12.730000,1,1,"Radial Velocity",2018
"Kepler-44 b","Kepler-44",12.22000000,3.17820000000000e+02,3.24672930000,0.0446000000,1544.00,1109.2230,5800.00,1.120000,1.350000,1,1,"Transit",2011
"Kepler-158 b","Kepler-158",2.12000000,,16.70918400000,0.1110000000,500.00,13.6340,4623.00,0.655000,0.624000,1,3,"Transit",2014
"Kepler-1080 b","Kepler-1080",3.28000000,,77.25483960000,0.3781000000,548.00,55.4500,5956.00,1.100000,1.160000,1,1,"Transit",2016
"Kepler-1228 b","Kepler-1228",1.54000000,,0.57736957900,0.0118600000,1757.00,1598.6640,5063.00,0.780000,0.740000,1,1,"Transit",2016
"TOI-5786 b","TOI-5786",8.54000000,7.30000000000000e+01,12.77910700000,0.1140000000,1040.00,374.4620,6235.00,1.230000,1.360000,2,1,"Transit",2025
"Kepler-1850 b","Kepler-1850",0.72909663,,1.38580000400,0.0206000000,1008.00,245.1500,4239.00,0.611000,0.600000,1,1,"Transit",2021
"75 Cet c","75 Cet",13.90000000,,2051.62000000000,3.9290000000,376.92,3.3569,4809.00,1.920000,10.380000,2,2,"Radial Velocity",2023
"TOI-2345 b","TOI-2345",1.50400000,3.49000000000000e+00,1.05285730000,0.0170500000,1478.00,791.0000,4687.00,0.727000,0.729000,1,2,"Transit",2025
"DMPP-1 e","DMPP-1",1.86000000,,5.51600000000,0.0651000000,1314.00,492.4756,6196.00,1.210000,1.260000,1,4,"Radial Velocity",2019
"Kepler-548 b","Kepler-548",11.99000000,,4.45419433800,0.0495000000,1017.00,237.0350,5535.00,0.930000,0.900000,1,1,"Transit",2016
"Kepler-260 c","Kepler-260",1.74000000,,76.05017800000,0.3320000000,372.00,6.7750,5250.00,1.013000,0.862000,1,2,"Transit",2014
"Kepler-1460 b","Kepler-1460",1.96000000,,29.96332470000,0.1614000000,391.00,5.4690,4422.00,0.700000,0.670000,1,1,"Transit",2016
"HD 133131 B b","HD 133131 B",13.30000000,,5769.00000000000,6.1500000000,112.28,0.0259,5805.00,0.930000,0.989538,2,3,"Radial Velocity",2016
"HD 158259 d","HD 158259",2.18000000,,5.19808140000,,,,5801.89,1.080000,1.210000,1,5,"Radial Velocity",2020
"WASP-138 b","WASP-138",12.21781000,3.87752600000000e+02,3.63443300000,0.0494000000,1590.00,1133.7300,6272.00,1.220000,1.360000,1,1,"Transit",2016
"TOI-5181 A b","TOI-5181 A",13.34989601,3.30541543280000e+02,3.89222950000,0.0522000000,1585.00,1053.0000,6060.00,1.250000,1.530000,2,1,"Transit",2025
"Kepler-599 b","Kepler-599",2.84000000,,15.65562652000,0.1128000000,623.00,24.4670,5127.00,0.830000,0.790000,1,1,"Transit",2016
"Kepler-158 d","Kepler-158",0.43000000,,0.64508800000,,,,4895.97,0.656000,0.668000,1,3,"Transit",2024
"Kepler-575 b","Kepler-575",2.39000000,,9.37891944000,0.0788000000,803.00,141.9870,5710.00,0.970000,0.950000,1,1,"Transit",2016
"EPIC 246851721 b","EPIC 246851721",11.78065900,9.53490000000000e+02,6.18023500000,0.0722900000,1401.00,642.0000,6202.00,1.317000,1.586000,2,1,"Transit",2018
"HD 1461 b","HD 1461",2.42000000,,5.77152000000,0.0634000000,1185.14,309.8969,5765.00,1.020000,1.152288,1,2,"Radial Velocity",2010
"Gl 725 A b","Gl 725 A",1.48000000,,11.22010000000,0.0680000000,376.10,3.3572,3433.00,0.330000,0.351000,2,2,"Radial Velocity",2025
"Kepler-1218 b","Kepler-1218",1.44000000,,22.92212660000,0.1569800000,684.00,84.8300,5986.00,1.060000,1.100000,1,1,"Transit",2016
"Kepler-1891 b","Kepler-1891",1.52139156,,4.02229023000,0.0473000000,1017.00,253.2800,5516.00,0.873000,0.827000,1,1,"Transit",2021
"Kepler-782 b","Kepler-782",3.21000000,,158.68533080000,0.5449400000,350.00,3.9870,5867.00,0.980000,1.010000,1,1,"Transit",2016
"Kepler-330 c","Kepler-330",1.95000000,,15.95538700000,0.1160000000,573.00,27.6760,5117.00,0.848000,0.722000,1,2,"Transit",2014
"Kepler-987 b","Kepler-987",3.26000000,,105.30331480000,0.4238000000,351.00,3.8530,5637.00,0.970000,0.910000,1,1,"Transit",2016
"Kepler-385 d","Kepler-385",2.61864480,,56.41590000000,0.2872000000,535.00,15.0000,5829.00,1.050000,1.157000,1,3,"Transit",2020
"Kepler-115 c","Kepler-115",2.60000000,,8.99088900000,0.0870000000,960.00,209.1010,5979.00,1.042000,1.205000,1,2,"Transit",2014
"TOI-2120 b","TOI-2120",2.12200000,6.80000000000000e+00,5.79981640000,0.0377000000,384.00,3.6100,3131.00,0.211000,0.245000,1,1,"Transit",2024
"K2-395 b","K2-395",2.59700000,,4.80335200000,,,,5007.00,0.952000,0.783000,1,2,"Transit",2022
"KOI-1833 d","Kepler-968",2.58000000,1.10200000000000e+01,7.68500000000,0.0634000000,613.00,27.3500,4413.00,0.681000,0.667000,1,3,"Transit",2021
"Kepler-734 b","Kepler-734",3.56000000,,6.10485285600,0.0583000000,784.00,89.2500,5326.00,0.850000,0.780000,1,1,"Transit",2016
"HD 104067 c","HD 104067",3.69000000,,13.89920000000,0.1058000000,648.36,27.4455,4952.00,0.820000,0.780000,1,2,"Radial Velocity",2024
"Kepler-514 b","Kepler-514",1.72000000,,5.65179605000,0.0655900000,1248.00,506.4120,6106.00,1.280000,1.440000,2,1,"Transit",2016
"Kepler-1456 b","Kepler-1456",1.14000000,,18.13738290000,0.1132000000,433.00,8.2340,4231.00,0.640000,0.620000,1,1,"Transit",2016
"TOI-1411 b","TOI-1411",1.19880592,2.00000000000000e+00,1.45205270000,0.0212200000,976.40,266.8500,4115.00,0.604500,0.614000,1,1,"Transit",2022
"Kepler-1614 b","Kepler-1614",1.49000000,,3.94661410000,0.0471000000,981.00,276.3730,5121.00,0.790000,0.760000,1,1,"Transit",2016
"CoRoT-20 b","CoRoT-20",9.41556000,1.36666900000000e+03,9.24285000000,0.0900000000,1024.00,180.8704,5880.00,1.140000,1.020000,1,2,"Transit",2011
"K2-187 d","K2-187",2.40000000,,7.14958400000,0.0720000000,865.00,122.8195,5438.00,0.966999,0.830000,1,4,"Transit",2018
"HD 44219 b","HD 44219",14.10000000,1.84340476060000e+02,472.00000000000,1.2600000000,283.89,1.1462,5752.00,1.200000,1.320000,1,1,"Radial Velocity",2010
"Kepler-142 c","Kepler-142",2.86000000,,4.76170200000,0.0570000000,1201.00,399.4440,5790.00,0.978000,1.269000,1,3,"Transit",2014
"HD 72659 b","HD 72659",13.20000000,9.49671280116000e+02,3549.00000000000,4.6070000000,155.34,0.1115,5929.00,1.033000,1.360000,1,2,"Radial Velocity",2002
"Kepler-652 b","Kepler-652",2.49000000,,4.18200253100,0.0495800000,974.00,211.8840,5490.00,0.970000,0.880000,1,1,"Transit",2016
"TOI-332 b","TOI-332",3.20000000,5.72000000000000e+01,0.77703800000,0.0159000000,1871.00,4180.3200,5251.00,0.880000,0.870000,1,1,"Transit",2023
"K2-62 b","K2-62",2.02000000,,6.67199000000,0.0636000000,666.00,46.7000,4455.00,0.670000,0.696000,1,2,"Transit",2016
"K2-380 b","K2-380",2.72900000,,9.40131200000,,,,5911.00,0.993000,1.320000,1,1,"Transit",2022
"Kepler-785 b","Kepler-785",13.02000000,,1.97376092600,0.0250000000,753.00,163.8620,4739.00,0.770000,0.710000,1,1,"Transit",2016
"K2-224 b","K2-224",1.56000000,,4.47904000000,0.0516000000,1002.00,215.6156,5620.00,0.910000,0.840000,1,2,"Transit",2018
"Kepler-1066 b","Kepler-1066",2.36000000,,1.93155983900,0.0298000000,1290.00,710.0190,5762.00,0.980000,0.980000,1,1,"Transit",2016
"Kepler-1315 c","Kepler-1315",1.84398883,,6.56606006600,0.0635000000,777.00,57.6000,4818.00,0.809000,0.856000,1,2,"Transit",2021
"TOI-375 d","TOI-375",13.60000000,,297.90000000000,0.9840000000,434.00,5.9600,5259.90,1.441000,2.900000,1,3,"Radial Velocity",2026
"KIC 9663113 b","KIC 9663113",4.60000000,,572.38470000000,1.5534600000,264.00,3.3560,6065.00,0.980000,1.030000,1,2,"Transit",2015
"NGTS-12 b","NGTS-12",11.74703200,6.61086400000000e+01,7.53280600000,0.0757000000,1257.00,416.0000,5690.00,1.021000,1.589000,1,1,"Transit",2020
"Kepler-1240 b","Kepler-1240",1.15000000,,4.86638150000,0.0579100000,1121.00,539.1290,5682.00,0.980000,0.960000,1,1,"Transit",2016
"KIC 7917485 b","KIC 7917485",12.40000000,,840.00000000000,,,,7067.00,1.630000,2.009938,1,1,"Pulsation Timing Variations",2016
"HD 26161 b","HD 26161",11.90000000,9.04539646322000e+03,10942.29013000000,10.0870000000,110.98,0.0243,6057.62,1.120000,1.455981,1,1,"Radial Velocity",2021
"Kepler-1323 b","Kepler-1323",1.52000000,,0.92990667800,0.0191100000,2291.00,5067.6030,6169.00,1.180000,1.400000,1,1,"Transit",2016
"TOI-2379 b","TOI-2379",11.72459381,1.83069162432000e+03,5.46938270000,0.0526300000,624.00,25.3000,3707.00,0.645000,0.622000,1,1,"Transit",2024
"Kepler-657 b","Kepler-657",3.52000000,,24.54350418000,0.1733700000,616.00,62.2000,5808.00,1.010000,1.010000,1,1,"Transit",2016
"K2-198 c","K2-198",1.42300000,,3.35960550000,,1229.90,,5212.90,0.799000,0.757000,1,3,"Transit",2019
"HD 170469 b","HD 170469",14.10000000,,1145.00000000000,2.2400000000,209.60,0.3188,5842.00,1.100000,1.240000,2,1,"Radial Velocity",2007
"Kepler-139 d","Kepler-139",1.69500000,2.00000000000000e+00,7.30569992200,0.0755533961,972.00,172.3000,5622.00,1.078000,1.045000,1,5,"Transit",2023
"Kepler-1639 b","Kepler-1639",2.58000000,,9.87848200000,0.0932000000,1003.00,187.8480,6150.00,1.120000,1.180000,1,1,"Transit",2016
"TOI-2580 b","TOI-2580",17.37392009,2.00231896410000e+02,3.39775000000,0.0480000000,2410.00,1730.0000,6120.00,1.330000,1.810000,1,1,"Transit",2024
"Kepler-1000 b","Kepler-1000",4.76000000,,120.01812720000,0.5326000000,473.00,18.0000,6453.00,1.400000,1.510000,1,1,"Transit",2016
"TOI-2088 b","TOI-2088",3.68311790,3.70000000000000e+01,124.72997000000,0.4720000000,300.33,1.7338,5081.00,0.902700,0.848100,1,1,"Transit",2024
"HIP 98599 b","HIP 98599",12.70000000,2.17712458795000e+03,2656.00000000000,3.9600000000,171.08,0.1724,5978.00,1.190000,1.394840,1,1,"Radial Velocity",2026
"K2-154 b","K2-154",1.99000000,,3.67626000000,0.0405000000,715.00,57.5000,4097.00,0.650000,0.630000,1,2,"Transit",2018
"Kepler-240 b","Kepler-240",1.37000000,,4.14449500000,0.0480000000,864.00,142.7360,4985.00,0.868000,0.739000,1,2,"Transit",2014
"HIP 38594 c","HIP 38594",7.94000000,,3477.76800000000,3.8050000000,79.96,0.0060,4086.30,0.610000,0.626646,2,2,"Radial Velocity",2020
"Kepler-145 c","Kepler-145",4.32000000,7.94000000000000e+01,42.88200000000,0.2624400000,709.00,67.1930,6022.00,1.320000,1.850000,1,2,"Transit",2013
"Kepler-144 b","Kepler-144",1.33000000,,5.88527300000,0.0660000000,1253.00,426.7190,6075.00,1.154000,1.235000,1,2,"Transit",2014
"TOI-1846 b","TOI-1846",1.79200000,,3.93067370000,0.0364600000,568.10,17.3500,3568.00,0.418000,0.397000,1,1,"Transit",2025
"Kepler-1957 b","Kepler-1957",0.94374867,,2.18661999700,0.0299000000,1099.00,345.0700,4904.00,0.745000,0.772000,1,1,"Transit",2021
"Kepler-219 b","Kepler-219",2.95000000,,4.58551200000,0.0570000000,1307.00,456.7320,5786.00,1.164000,1.491000,1,3,"Transit",2014
"TIC 365102760 b","TIC 365102760",6.21000000,1.92000000000000e+01,4.21285367000,0.0622000000,1676.12,1316.4951,4900.00,1.170000,3.130000,1,1,"Transit",2024
"Kepler-1153 b","Kepler-1153",1.73000000,,1.75583532700,0.0277000000,1343.00,761.8080,5470.00,0.910000,0.880000,1,1,"Transit",2016
"Kepler-327 b","Kepler-327",1.11000000,,2.54957500000,0.0290000000,682.00,73.0560,3799.00,0.591913,0.492000,1,3,"Transit",2014
"K2-72 b","K2-72",1.08000000,,5.57721200000,0.0400000000,466.13,8.5000,3360.47,0.271365,0.330989,1,4,"Transit",2016
"TOI-5126 c","TOI-5126",3.86000000,,17.89990000000,0.1439000000,971.00,96.0000,6150.00,1.240000,1.241000,1,2,"Transit",2023
"Kepler-405 b","Kepler-405",2.08000000,,10.61383900000,0.0950000000,785.00,55.6230,5818.00,0.873000,0.893000,1,2,"Transit",2014
"Kepler-451 d","2MASS J19383260+4603591",13.50000000,,43.00000000000,,,,29564.00,0.480000,0.203000,2,3,"Eclipse Timing Variations",2022
"Kepler-1421 b","Kepler-1421",0.93000000,,6.91311120000,0.0757600000,1209.00,649.1510,6335.00,1.250000,1.420000,1,1,"Transit",2016
"K2-332 b","K2-332",2.20000000,,17.70632000000,,266.00,,3315.00,0.270000,0.280000,1,1,"Transit",2021
"Kepler-1288 b","Kepler-1288",1.12000000,,2.76122421000,0.0413500000,2017.00,1342.5000,6132.00,1.200000,1.290000,1,1,"Transit",2016
"GJ 1151 c","GJ 1151",3.25000000,,389.70000000000,0.5714000000,88.30,0.0102,3280.00,0.163900,0.178100,1,1,"Radial Velocity",2023
"Kepler-80 c","Kepler-80",2.74000000,6.74000000000000e+00,9.52355000000,0.0792000000,495.00,36.4820,4540.00,0.730000,0.678000,1,6,"Transit",2012
"Kepler-925 b","Kepler-925",2.34000000,,33.86785310000,0.1805000000,394.00,5.8330,4673.00,0.770000,0.720000,1,1,"Transit",2016
"Kepler-194 d","Kepler-194",2.40000000,,52.81497300000,0.2750000000,562.00,12.8630,6089.00,0.940000,1.025000,1,3,"Transit",2014
"Kepler-945 b","Kepler-945",2.63000000,,31.00338140000,0.2037000000,616.00,31.7020,5718.00,0.970000,0.970000,1,1,"Transit",2016
"HD 156846 b","HD 156846",12.40000000,,359.51001000000,1.1200000000,382.49,3.9700,6090.00,1.380000,1.900000,2,1,"Radial Velocity",2007
"TOI-2025 b","TOI-2025",11.89272852,1.14418226520000e+03,8.87209820000,0.0892000000,1166.00,343.7178,5977.00,1.199000,1.459000,1,1,"Transit",2022
"Kepler-1878 b","Kepler-1878",2.92019781,,4.44587993600,0.0521000000,1063.00,302.6000,5918.00,0.956000,0.865000,1,1,"Transit",2021
"Kepler-1447 b","Kepler-1447",2.90000000,,56.67472850000,0.2836000000,522.00,10.3490,5722.00,0.970000,0.950000,1,1,"Transit",2016
"Kepler-1805 b","Kepler-1805",1.54502915,,8.84794044500,0.0699000000,479.00,12.4800,3867.00,0.581000,0.552000,1,1,"Transit",2021
"HD 158259 f","HD 158259",2.35000000,,12.02800000000,,,,5801.89,1.080000,1.210000,1,5,"Radial Velocity",2020
"TOI-261.01","TOI-261",3.04498630,,3.36392540000,0.0347921890,1722.49,874.7956,5890.30,0.496728,1.280180,1,2,"Transit",2021
"Kepler-370 b","Kepler-370",1.59000000,,4.57953000000,0.0540000000,1040.00,361.5140,5852.00,0.982000,0.900000,1,2,"Transit",2014
"Kepler-956 b","Kepler-956",3.00000000,,5.24867263100,0.0601700000,1056.00,307.0580,6040.00,1.100000,1.150000,1,1,"Transit",2016
"HD 63433 b","HD 63433",2.14000000,2.17550000000000e+01,7.10794750000,0.0720000000,967.11,145.5707,5553.00,0.956000,0.934000,1,3,"Transit",2020
"Kepler-1142 b","Kepler-1142",1.47000000,,18.30272480000,0.1343000000,902.00,147.8170,5685.00,0.970000,0.960000,1,1,"Transit",2016
"Kepler-853 b","Kepler-853",1.69000000,,7.16892463000,0.0790000000,1187.00,499.3010,6350.00,1.300000,1.550000,1,1,"Transit",2016
"Kepler-451 c","2MASS J19383260+4603591",13.50000000,,1460.00000000000,,,,29564.00,0.480000,0.203000,2,3,"Eclipse Timing Variations",2022
"WISPIT 1 b","WISPIT 1",12.40000000,3.30541543280000e+03,,338.0000000000,12.94,0.0000,4670.00,0.720000,1.116100,2,2,"Imaging",2025
"TOI-2529 b","TOI-2529",11.54525012,7.43718472380000e+02,64.59490000000,0.3270000000,636.00,70.9731,5802.00,1.110000,1.700000,1,1,"Transit",2024
"KOI-1599.01","KOI-1599",1.90000000,4.60000000000000e+00,20.44150000000,0.1472800000,660.00,44.8000,5833.00,1.020000,0.972000,1,2,"Transit",2019
"Kepler-1759 b","Kepler-1759",0.90377910,,3.72023010300,0.0429000000,954.00,195.7000,5017.00,0.760000,0.797000,1,1,"Transit",2021
"Kepler-1215 b","Kepler-1215",1.22000000,,4.76703963000,0.0528000000,1046.00,253.9640,5616.00,0.950000,0.930000,1,1,"Transit",2016
"Kepler-1733 b","Kepler-1733",3.63582354,,9.22957992600,0.0933000000,1021.00,257.1100,6320.00,1.273000,1.252000,1,1,"Transit",2021
"Kepler-357 c","Kepler-357",2.67000000,,16.85837000000,0.1200000000,576.00,19.4040,5036.00,0.794000,0.834000,1,3,"Transit",2014
"Kepler-194 c","Kepler-194",2.59000000,,17.30803200000,0.1310000000,815.00,56.9550,6089.00,0.940000,1.025000,1,3,"Transit",2014
"Kepler-1056 b","Kepler-1056",3.01000000,,27.49560600000,0.1629000000,590.00,56.9100,6127.00,1.120000,1.200000,1,1,"Transit",2016
"Kepler-1424 b","Kepler-1424",1.16000000,,29.60917440000,0.1906800000,629.00,58.6000,5838.00,1.020000,1.070000,1,1,"Transit",2016
"Kepler-1642 c","Kepler-1642",2.66000000,,6.65138020000,0.0678000000,1095.00,89.6320,5355.00,0.880000,0.840000,1,2,"Transit",2016
"HD 164595 b","HD 164595",4.16000000,,40.00000000000,0.2300000000,589.00,19.6697,5790.00,0.990000,1.023606,2,1,"Radial Velocity",2015
"K2-24 c","K2-24",7.93000000,1.64000000000000e+01,42.34732000000,0.2620000000,591.00,20.0000,5726.00,1.091000,1.185000,1,2,"Transit",2016
"Kepler-235 d","Kepler-235",2.05000000,,20.06054800000,0.1220000000,401.00,4.0300,4255.00,0.581000,0.554000,1,4,"Transit",2014
"HD 97037 b","HD 97037",12.10000000,6.70776852973500e+03,6449.08337000000,6.9250000000,120.99,0.0357,5874.10,1.060000,1.263560,1,1,"Radial Velocity",2022
"Kepler-776 b","Kepler-776",1.28000000,,4.89718784000,0.0523000000,904.00,135.0820,5071.00,0.830000,0.780000,1,1,"Transit",2016
"K2-352 b","K2-352",1.37000000,,3.66591200000,,1160.00,,5791.00,0.980000,0.950000,1,3,"Transit",2021
"TOI-3288 b","TOI-3288",12.24020692,5.36176522609000e+02,1.43386470000,0.0228500000,973.00,213.8000,4072.00,0.643000,0.672000,2,1,"Transit",2025
"Kepler-1420 b","Kepler-1420",1.28000000,,6.69960006000,0.0671000000,806.00,131.5260,5187.00,0.820000,0.790000,1,1,"Transit",2016
"K2-333 b","K2-333",6.18000000,,14.75928700000,,826.00,102.1266,5880.00,1.060000,1.220000,1,1,"Transit",2021
"Kepler-79 e","Kepler-79",3.53000000,3.80000000000000e+00,81.06650000000,0.3944500000,511.00,18.7800,6389.00,1.244000,1.316000,1,4,"Transit",2014
"Kepler-20 d","Kepler-20",2.60600000,1.34000000000000e+01,77.61145500000,0.3474000000,430.00,5.7100,5495.00,0.929000,0.916400,2,6,"Transit",2011
"DMPP-1 c","DMPP-1",3.31000000,,10.03000000000,0.0973000000,1239.00,220.4556,6196.00,1.210000,1.260000,1,4,"Radial Velocity",2019
"Kepler-947 b","Kepler-947",2.28000000,,26.96443170000,0.1773000000,573.00,51.9500,5508.00,0.900000,0.870000,1,1,"Transit",2016
"Kepler-689 b","Kepler-689",2.89000000,,22.36656079000,0.1449000000,536.00,35.3370,5518.00,0.910000,0.880000,1,1,"Transit",2016
"NGC 2682 YBP 1194 b","NGC 2682 YBP 1194",12.30000000,,6.95900000000,,,,5780.00,1.010000,0.990000,1,1,"Radial Velocity",2014
"HD 211970 b","HD 211970",3.66000000,,25.20100000000,0.1430000000,398.77,4.2125,4127.00,0.610000,0.574175,1,1,"Radial Velocity",2019
"Kepler-336 c","Kepler-336",2.10000000,,9.60000100000,0.0920000000,967.00,206.9100,5867.00,1.090000,1.304000,1,3,"Transit",2014
"Kepler-423 b","Kepler-423",13.36100000,1.89101000000000e+02,2.68432850000,0.0358500000,1605.00,649.1480,5560.00,0.850000,0.950000,1,1,"Transit",2014
"2M0437 b","2MASS J04372171+2651014",13.00000000,1.27131362800000e+03,,118.0000000000,1450.00,0.0000,3100.00,0.170000,0.840000,1,1,"Imaging",2021
"Kepler-561 b","Kepler-561",6.96000000,,58.36204950000,0.2925600000,446.00,7.5650,5646.00,0.960000,0.940000,1,2,"Transit",2016
"24 Boo b","24 Boo",13.90000000,,30.33000000000,0.1940000000,1840.86,2001.2754,4816.00,1.050000,12.190000,1,1,"Radial Velocity",2018
"HD 74156 c","HD 74156",12.50000000,2.75398314665500e+03,2448.48726000000,3.6780000000,187.52,0.1860,6068.00,1.100000,1.510576,1,2,"Radial Velocity",2003
"Kepler-1365 c","Kepler-1365",0.80000000,,4.77468005000,0.0570100000,1137.00,864.0370,5770.00,1.000000,1.050000,1,2,"Transit",2016
"HD 20003 c","HD 20003",3.89000000,,33.92390000000,0.1964000000,573.89,18.6659,5494.00,0.875000,0.921637,1,2,"Radial Velocity",2019
"Kepler-716 b","Kepler-716",2.90000000,,10.37168453000,0.0862800000,720.00,42.4930,5099.00,0.830000,0.780000,1,2,"Transit",2016
"HD 134606 b","HD 134606",2.97000000,,12.08900000000,0.1046000000,894.63,106.1131,5576.00,1.046000,1.158000,1,5,"Radial Velocity",2024
"K2-66 b","K2-66",2.49000000,2.13000000000000e+01,5.06963000000,0.0598300000,1372.00,840.0000,5887.00,1.110000,1.670000,1,1,"Transit",2016
"TIC 437041147 b","TIC 437041147",2.21526814,,3.82301421497,,,,5224.36,0.931000,0.961092,1,1,"Transit",2026
"Kepler-583 b","Kepler-583",2.28000000,,6.51002530000,0.0689000000,1017.00,178.6990,5523.00,0.940000,0.910000,1,1,"Transit",2016
"Kepler-1649 c","Kepler-1649",1.06000000,,19.53527000000,0.0649000000,234.00,0.7500,3240.00,0.197700,0.231700,1,2,"Transit",2020
"WASP-57 b","WASP-57",11.76945000,2.04682520000000e+02,2.83891856000,0.0376900000,1338.00,702.3850,5600.00,0.886000,0.927000,1,1,"Transit",2012
"Kepler-381 d","Kepler-381",1.06678650,,8.25629997300,0.0836400000,1387.00,436.7000,6197.00,1.198000,2.188000,1,3,"Transit",2021
"TOI-1199 b","TOI-1199",10.51402390,7.59609892730000e+01,3.67146300000,0.0498800000,1486.00,324.1140,5710.00,1.230000,1.450000,1,1,"Transit",2024
"TOI-4961 b","TOI-4961",12.34108775,5.72091132600000e+02,7.47918200000,0.0726000000,919.00,115.0000,5380.00,0.912000,0.912000,1,1,"Transit",2025
"Kepler-118 c","Kepler-118",7.68000000,,20.17202000000,0.1410000000,564.00,21.4090,5274.00,0.811000,1.094000,1,2,"Transit",2014
"Kepler-278 b","Kepler-278",3.95500000,5.60000000000000e+01,30.15560000000,0.2020000000,586.00,110.0000,4965.00,1.227000,2.861000,1,2,"Transit",2014
"K2-268 e","K2-268",1.33000000,,6.13124300000,,801.00,,5106.00,0.840000,0.780000,1,5,"Transit",2021
"Kepler-1254 d","Kepler-1254",1.31000000,,5.72717226000,0.0575000000,794.00,71.3100,4985.00,0.780000,0.750000,1,3,"Transit",2016
"HD 167768 b","HD 167768",13.90000000,,20.65320000000,0.1512000000,1873.59,2042.7410,4851.00,1.080000,9.700000,1,1,"Radial Velocity",2022
"TOI-1036 b","TOI-1036",6.28499593,,3.77952125496,,1294.00,466.5280,5664.68,1.030000,1.175540,1,1,"Transit",2026
"EPIC 212424622 b","EPIC 212424622",2.17000000,,18.09830000000,,,,5782.33,1.106000,1.224700,1,1,"Transit",2019
"Kepler-1915 b","Kepler-1915",3.21798413,,13.83539963000,0.1140000000,809.00,101.0500,6020.00,1.030000,1.057000,1,1,"Transit",2021
"Kepler-1734 b","Kepler-1734",3.08851092,,6.79685020400,0.0714000000,985.00,222.9100,6061.00,1.050000,0.970000,1,1,"Transit",2021
"Kepler-960 b","Kepler-960",2.29000000,,3.12686223000,0.0380700000,1391.00,129.2230,4755.00,0.770000,0.720000,1,1,"Transit",2016
"HD 208897 b","HD 208897",13.70000000,,358.27000000000,1.0630000000,507.24,10.8876,4860.00,1.250000,4.980000,1,1,"Radial Velocity",2017
"Kepler-1386 b","Kepler-1386",1.24000000,,6.73972381000,0.0680000000,1011.00,196.5330,5733.00,1.020000,1.030000,1,1,"Transit",2016
"Kepler-1921 c","Kepler-1921",1.41000000,,3.15722086000,0.0454000000,1791.00,2436.4700,6120.00,1.251000,2.000000,1,2,"Transit",2023
"Kepler-1225 b","Kepler-1225",1.82000000,,7.01075434000,0.0771000000,1453.00,324.2820,6140.00,1.130000,1.190000,1,1,"Transit",2016
"Kepler-1708 b","Kepler-1708",9.96000000,1.46201067220000e+03,737.11310000000,1.6400000000,245.02,0.5610,6157.00,1.088000,1.117000,1,1,"Transit",2021
"HD 96700 b","HD 96700",2.93000000,,8.12450000000,0.0777000000,1089.02,228.5794,5845.00,0.890000,1.160000,1,3,"Radial Velocity",2021
"Kepler-208 b","Kepler-208",1.63000000,,4.22864000000,0.0540000000,1379.00,639.5760,6092.00,1.082000,1.314000,1,4,"Transit",2014
"Kepler-1146 b","Kepler-1146",1.23000000,,2.35226579700,0.0325000000,1019.00,227.9620,4692.00,0.740000,0.700000,1,1,"Transit",2016
"WASP-100 b","WASP-100",14.90797000,4.00465800000000e+02,2.84938000000,0.0457400000,2099.00,5502.8822,6900.00,0.770000,1.570000,2,1,"Transit",2014
"Kepler-1643 b","Kepler-1643",2.32000000,,5.34265700000,0.0531000000,799.00,137.7530,4916.00,0.845000,0.855000,1,1,"Transit",2016
"Kepler-215 d","Kepler-215",2.39000000,2.36000000000000e+01,30.86442300000,0.1850000000,527.00,21.4040,5739.00,0.788000,1.027000,1,4,"Transit",2014
"EPIC 212737443 b","EPIC 212737443",2.58600000,,13.60300000000,0.0980000000,536.00,18.4919,4684.00,0.690000,0.673000,1,2,"Transit",2019
"TOI-2169 A b","TOI-2169 A",12.50922246,3.29588058059000e+02,8.21482820000,0.0896000000,1364.00,577.0000,6270.00,1.420000,1.820000,2,1,"Transit",2025
"K2-259 b","K2-259",2.32000000,,15.48043000000,0.1271000000,795.00,90.9529,6059.00,1.140000,1.130000,1,1,"Transit",2018
"Kepler-401 c","Kepler-401",2.15000000,,47.31821800000,0.2690000000,598.00,51.9960,6117.00,1.173000,1.333000,1,3,"Transit",2014
"Kepler-888 b","Kepler-888",1.76000000,,70.69790610000,0.3148100000,417.00,7.8540,5875.00,0.970000,0.900000,1,1,"Transit",2016
"Kepler-740 b","Kepler-740",4.57000000,,3.58410121600,0.0462000000,1131.00,432.8660,5438.00,0.910000,0.870000,1,1,"Transit",2016
"Kepler-1673 b","Kepler-1673",2.93551940,,33.78880000000,0.2136300000,611.00,30.5000,6014.95,1.110000,1.131660,1,1,"Transit",2020
"Kepler-1322 c","Kepler-1322",2.15492527,,6.45998001100,0.0652000000,883.00,144.0600,5704.00,0.897000,0.804000,1,2,"Transit",2021
"Kepler-1211 b","Kepler-1211",2.55000000,,11.01816836000,0.0976300000,840.00,130.9000,5705.00,0.960000,0.940000,1,1,"Transit",2016
"HIP 78530 b","HIP 78530",12.00000000,7.30000000000000e+03,,740.0000000000,2700.00,0.0000,10500.00,2.500000,2.108760,1,1,"Imaging",2010
"Kepler-48 f","Kepler-48",13.80000000,,5219.68185400000,5.7191878770,95.68,0.0157,5190.00,0.916000,0.836000,1,5,"Radial Velocity",2023
"Kepler-1750 b","Kepler-1750",6.00434637,,205.91200260000,0.6785000000,298.00,1.8500,5644.00,0.981000,0.969000,1,1,"Transit",2021
"TOI-4308 b","TOI-4308",2.41890000,,9.15120100000,,763.05,55.3616,5243.00,0.900000,0.793400,1,1,"Transit",2023
"HD 18015 b","HD 18015",13.10000000,1.04883374310000e+03,2278.00000000000,3.8700000000,242.98,0.6286,5603.00,1.490000,3.130000,1,1,"Radial Velocity",2018
"TOI-1798.02","TOI-1798",1.46400000,5.60000000000000e+00,0.43781182200,0.0107890000,1935.83,3345.4400,5165.00,0.870000,0.780000,1,2,"Transit",2024
"Kepler-24 b","Kepler-24",2.34800000,1.11400000000000e+01,8.14000000000,0.0804500000,1050.00,252.2460,6028.00,1.060000,1.099000,1,4,"Transit",2011
"Kepler-1875 b","Kepler-1875",3.22686692,,34.45859909000,0.2039000000,559.00,23.0500,6161.00,0.950000,0.862000,1,1,"Transit",2021
"Kepler-1642 b","Kepler-1642",3.20000000,,12.20575130000,0.1016000000,895.00,39.9150,5355.00,0.880000,0.840000,1,2,"Transit",2016
"HD 33142 c","HD 33142",13.90000000,,810.20000000000,1.9550000000,353.91,2.6190,5025.40,1.520000,4.170000,1,3,"Radial Velocity",2016
"Kepler-864 b","Kepler-864",2.40000000,,5.83376092000,0.0687000000,1143.00,464.7650,5754.00,1.000000,1.000000,1,2,"Transit",2016
"HD 181720 b","HD 181720",14.00000000,,956.00000000000,1.8500000000,249.06,0.5671,5736.00,1.030000,1.500000,1,1,"Radial Velocity",2009
"TOI-6677 b","TOI-6677",5.83507112,,5.45060661625,,334.00,2.0900,6572.28,1.450000,1.571670,1,1,"Transit",2026
"Kepler-1394 b","Kepler-1394",1.39000000,,3.93766373000,0.0547400000,1947.00,2023.0050,6481.00,1.640000,2.550000,1,1,"Transit",2016
"Kepler-1672 b","Kepler-1672",2.97022762,,150.87800000000,0.5537400000,423.00,4.4000,6131.95,1.160000,1.088410,1,1,"Transit",2020
"HD 331093 b","HD 331093",13.60000000,,621.62000000000,1.4400000000,234.84,0.4895,5544.00,1.030000,1.111200,1,1,"Radial Velocity",2021
"Kepler-58 d","Kepler-58",2.94000000,2.45343000000000e+02,40.10137100000,0.2360000000,583.00,18.2440,6099.00,1.024000,1.127000,1,4,"Transit",2014
"Kepler-404 c","Kepler-404",1.72000000,,14.75116600000,0.1180000000,678.00,33.1530,5654.00,0.860000,0.884000,1,2,"Transit",2014
"Kepler-1254 b","Kepler-1254",1.55000000,,9.99113313000,0.0833000000,660.00,33.9780,4985.00,0.780000,0.750000,1,3,"Transit",2016
"HD 37124 d","HD 37124",14.00000000,,1862.00000000000,2.8070000000,159.79,0.0980,5698.64,0.850000,0.949168,1,3,"Radial Velocity",2005
"WASP-3 b","WASP-3",15.91678000,7.72326900000000e+02,1.84683000000,0.0315000000,2020.00,1845.3000,6400.00,1.620000,1.440000,3,1,"Transit",2007
"Kepler-1936 b","Kepler-1936",3.16615594,,126.55699920000,0.5266200000,524.00,9.4000,6501.00,1.419000,1.854000,1,1,"Transit",2021
"Kepler-1615 b","Kepler-1615",2.06000000,,47.31261920000,0.2788000000,658.00,31.1710,5865.00,1.040000,1.050000,1,1,"Transit",2016
"Kepler-327 d","Kepler-327",1.73000000,,13.96945700000,0.0900000000,387.00,7.5900,3799.00,0.591913,0.492000,1,3,"Transit",2014
"Kepler-1301 b","Kepler-1301",1.40000000,,9.08237046000,0.0815000000,734.00,76.1390,5188.00,0.850000,0.810000,1,1,"Transit",2016
"Kepler-784 c","Kepler-784",1.55000000,,17.15723600000,0.1309000000,844.00,119.8700,5676.00,1.016000,1.487000,1,2,"Transit",2023
"Kepler-1553 b","Kepler-1553",1.15000000,,4.24261881000,0.0481000000,926.00,166.1060,5288.00,0.850000,0.810000,1,1,"Transit",2016
"TOI-2227 b","TOI-2227",3.09885187,,4.22175815648,,1164.00,305.1070,5889.54,1.030000,1.208470,1,1,"Transit",2026
"Kepler-1862 b","Kepler-1862",2.20300000,,16.05730057000,0.1199000000,645.00,41.0400,5644.00,0.900000,0.806000,1,1,"Transit",2021
"Kepler-990 b","Kepler-990",2.60000000,,9.91723428000,0.0859500000,903.00,108.3000,5948.00,1.050000,1.080000,1,2,"Transit",2016
"Kepler-1537 b","Kepler-1537",1.18000000,,1.44445379800,0.0245000000,1800.00,713.1680,5079.00,0.810000,0.770000,1,1,"Transit",2016
"HATS-28 b","HATS-28",13.38354600,2.13581760000000e+02,3.18107810000,0.0413100000,1253.00,407.8485,5498.00,0.929000,0.922000,1,1,"Transit",2016
"HR 858 d","HR 858",2.00100000,7.10000000000000e+00,11.23051100000,0.1046000000,1061.00,217.0000,6354.00,1.204000,1.258000,2,3,"Transit",2019
"TOI-2193 A b","TOI-2193 A",19.83989584,2.98758702580000e+02,2.12257350000,0.0331900000,1763.00,1600.0000,5966.00,1.082000,1.248000,2,1,"Transit",2022
"GJ 9773 b","GJ 9773",14.20000000,,2965.00000000000,2.9210000000,59.89,0.0021,3528.00,0.358000,0.362000,1,1,"Radial Velocity",2025
"Kepler-1785 b","Kepler-1785",2.70422447,,19.58550072000,0.1391700000,666.00,47.3000,5618.00,0.911000,0.996000,1,1,"Transit",2021
"Kepler-130 d","Kepler-130",1.64000000,,87.51790500000,0.3770000000,451.00,9.8340,5884.00,0.927000,1.127000,2,3,"Transit",2014
"HD 13808 c","HD 13808",3.13000000,,53.75300000000,0.2554000000,424.57,5.6365,5035.00,0.771000,0.781000,1,2,"Radial Velocity",2021
"Kepler-340 b","Kepler-340",2.53000000,,14.84438700000,0.1340000000,1092.00,274.3180,6620.00,1.650000,1.850000,1,2,"Transit",2014
"HD 125271 b","HD 125271",12.40000000,3.46560094992800e+03,14901.99295000000,10.8170000000,59.78,0.0021,4703.93,0.750000,0.751364,1,1,"Radial Velocity",2022
"Kepler-1085 b","Kepler-1085",7.22000000,,219.32175280000,0.7336100000,313.00,2.0550,6000.00,1.110000,1.140000,1,2,"Transit",2016
"Kepler-1404 b","Kepler-1404",2.01000000,,15.93147390000,0.1143000000,596.00,39.0010,5261.00,0.840000,0.800000,1,1,"Transit",2016
"K2-99 c","K2-99",12.60000000,,522.20000000000,1.4300000000,390.00,3.8779,6069.00,1.440000,2.550000,1,2,"Radial Velocity",2022
"TOI-1728 b","TOI-1728",5.05000000,2.67800000000000e+01,3.49151000000,0.0391000000,767.00,57.7800,3980.00,0.646000,0.624300,1,1,"Transit",2020
"HATS-74 A b","HATS-74 A",11.56766808,4.64029474220000e+02,1.73185606000,0.0238400000,895.10,106.9000,3776.90,0.601000,0.575800,2,1,"Transit",2021
"Kepler-1207 b","Kepler-1207",1.62000000,,13.68237119000,0.1156000000,802.00,352.5080,5909.00,1.060000,1.060000,1,1,"Transit",2016
"Kepler-1636 b","Kepler-1636",3.23000000,,425.47785000000,1.1219100000,248.00,1.2170,5797.00,1.010000,1.020000,1,1,"Transit",2016
"Kepler-1267 b","Kepler-1267",3.01000000,,13.03139450000,0.1057000000,774.00,86.4690,6096.00,1.150000,1.200000,1,1,"Transit",2016
"K2-73 c","K2-73",13.00000000,,1000.00000000000,,186.10,0.2850,5867.00,1.020000,1.058000,1,2,"Radial Velocity",2025
"Kepler-1795 b","Kepler-1795",1.66301611,,13.36019993000,0.1002000000,520.00,17.3000,4500.00,0.768000,0.688000,1,1,"Transit",2021
"K2-285 b","K2-285",2.59000000,9.68000000000000e+00,3.47174500000,0.0381700000,1088.90,234.3100,4975.00,0.830000,0.787000,1,4,"Transit",2018
"WISPIT 1 c","WISPIT 1",12.80000000,1.68449055710000e+03,,840.0000000000,8.21,0.0000,4670.00,0.720000,1.116100,2,2,"Imaging",2025
"TIC 349520724 b","TIC 349520724",2.82626313,,7.94044635021,,,,5098.60,0.890000,0.818771,1,1,"Transit",2026
"LP 714-47 b","LP 714-47",4.25000000,2.83800000000000e+01,4.05203200000,0.0405600000,722.80,38.5441,4123.00,0.542000,0.536000,1,1,"Transit",2020
"Kepler-963 b","Kepler-963",2.66000000,,9.97683705000,0.0849000000,802.00,83.4940,5461.00,0.910000,0.870000,1,2,"Transit",2016
"XO-2 S b","XO-2 S",10.90000000,,18.22000000000,0.1347000000,706.59,41.5190,5325.00,0.980000,1.020000,2,4,"Radial Velocity",2014
"Kepler-1748 b","Kepler-1748",2.71275017,,5.82352018400,0.0615000000,955.00,196.3300,5774.00,0.916000,0.864000,1,1,"Transit",2021
"Kepler-336 d","Kepler-336",2.37000000,,20.67877200000,0.1540000000,749.00,74.3600,5867.00,1.090000,1.304000,1,3,"Transit",2014
"Kepler-712 b","Kepler-712",3.41000000,,21.02247699000,0.1361500000,521.00,15.8010,5148.00,0.840000,0.780000,1,2,"Transit",2016
"TOI-4364 b","TOI-4364",2.01000000,,5.42401900000,0.0475300000,488.00,13.3328,3528.00,0.487000,0.468400,1,1,"Transit",2025
"EPIC 201427007 b","EPIC 201427007",1.50000000,,0.72091000000,,,,5633.00,0.930000,0.940000,1,1,"Transit",2021
"TOI-2992 b","TOI-2992",13.75341932,1.05836859531000e+03,3.00781200000,0.0434000000,1726.00,1484.0000,6000.00,1.210000,1.545000,1,1,"Transit",2025
"K2-268 b","K2-268",1.50000000,,2.15167600000,0.0308000000,1136.00,392.1704,5106.00,0.840000,0.780000,1,5,"Transit",2018
"Kepler-1096 b","Kepler-1096",1.24000000,,2.89221750600,0.0340000000,794.00,124.8660,4306.00,0.660000,0.630000,1,1,"Transit",2016
"TOI-615 b","TOI-615",18.97680433,1.38255357045000e+02,4.66159830000,0.0678000000,1666.00,1286.0000,6850.00,1.449000,1.732000,1,1,"Transit",2023
"HAT-P-28 b","HAT-P-28",13.58500000,1.98953000000000e+02,3.25721500000,0.0434000000,1384.00,554.7122,5680.00,1.025000,1.103000,1,1,"Transit",2011
"Kepler-667 b","Kepler-667",4.73000000,,41.43962808000,0.2288000000,516.00,71.8170,5327.00,0.910000,0.870000,1,1,"Transit",2016
"Kepler-557 b","Kepler-557",2.67000000,,3.70598955100,0.0469000000,1281.00,2885.6630,6068.00,1.110000,1.160000,1,1,"Transit",2016
"EPIC 206024342 d","EPIC 206024342",2.60000000,,14.64753100000,,,,5724.00,0.928000,1.100000,1,3,"Transit",2021
"rho CrB c","rho CrB",5.68000000,,102.03600000000,0.4206000000,448.10,9.8500,5817.00,1.000000,1.361700,1,3,"Radial Velocity",2016
"Kepler-483 b","Kepler-483",3.21000000,,30.22910400000,0.1947100000,755.00,61.4950,6346.00,1.280000,1.470000,1,1,"Transit",2016
"HD 73534 b","HD 73534",13.70000000,,1750.00000000000,2.9900000000,220.25,0.3721,4917.00,1.160000,2.580000,1,1,"Radial Velocity",2008
"HD 35843 b","HD 35843",2.29000000,,9.89910000000,0.0880000000,872.30,96.8492,5666.00,0.940000,0.897000,1,2,"Radial Velocity",2025
"Kepler-116 b","Kepler-116",3.42000000,,5.96873400000,0.0690000000,1251.00,594.4510,6142.00,1.198000,1.454000,1,2,"Transit",2014
"HAT-P-62 b","HAT-P-62",12.02723629,2.41867417727000e+02,2.64532350000,0.0377200000,1512.00,867.2000,5629.00,1.023000,1.170000,1,1,"Transit",2021
"TOI-3896 b","TOI-3896",3.14949237,,4.37730369667,,966.00,144.9880,5110.91,0.860000,0.747752,1,1,"Transit",2026
"Kepler-443 b","Kepler-443",2.33000000,,177.66930000000,0.4950000000,233.00,0.8600,4723.00,0.738000,0.706000,1,1,"Transit",2015
"TOI-4504 d","TOI-4504",11.26000000,6.43000000000000e+02,41.28719750000,0.2219000000,524.80,12.5915,5315.00,0.875000,0.930000,1,3,"Transit Timing Variations",2024
"HD 150010 b","HD 150010",13.30000000,,562.00000000000,1.4000000000,681.22,48.9796,4153.00,1.300000,16.200000,1,1,"Radial Velocity",2022
"Kepler-552 b","Kepler-552",3.95000000,,5.26341576500,0.0612000000,1103.00,358.9940,5863.00,1.030000,1.040000,1,1,"Transit",2016
"TOI-2719 b","TOI-2719",5.98000000,,3.37594000000,,1710.00,874.2900,5762.00,1.020000,1.690000,1,1,"Transit",2025
"HD 23596 b","HD 23596",12.40000000,3.78660764099800e+03,1535.11912000000,2.6940000000,219.49,0.3957,6040.00,1.100000,1.530000,2,1,"Radial Velocity",2003
"K2-347 b","K2-347",2.41000000,,7.18725700000,,640.00,,4599.00,0.660000,0.630000,1,1,"Transit",2021
"Kepler-812 b","Kepler-812",3.55000000,,10.11716531000,0.1024000000,1163.00,421.9170,6761.00,1.450000,1.710000,1,1,"Transit",2016
"TOI-2266 b","TOI-2266",1.54000000,,2.32631800000,0.0200000000,550.00,13.0000,3200.00,0.230000,0.240000,1,1,"Transit",2024
"Kepler-1187 b","Kepler-1187",2.61000000,,18.87064068000,0.1401000000,701.00,72.9570,5975.00,1.060000,1.090000,1,1,"Transit",2016
"Kepler-1547 b","Kepler-1547",0.90000000,,0.69297967600,0.0155600000,3186.00,5760.9440,6078.00,1.120000,1.180000,1,1,"Transit",2016
"Kepler-170 b","Kepler-170",3.20000000,8.26000000000000e+01,7.93059200000,0.0800000000,899.00,136.5220,5679.00,1.066000,1.035000,1,2,"Transit",2014
"GJ 15 A b","GJ 15 A",1.55000000,,11.44070000000,0.0720000000,550.00,4.2691,3607.00,0.380000,0.380000,2,2,"Radial Velocity",2014
"Kepler-100 b","Kepler-100",1.34000000,4.01000000000000e+00,6.88734000000,0.0730900000,1155.00,478.2140,5837.00,1.130000,1.510000,1,4,"Transit",2014
"Kepler-1258 b","Kepler-1258",0.86000000,,0.98494016700,0.0182400000,2335.00,2775.0000,5839.00,0.990000,0.990000,1,1,"Transit",2016
"NSVS 14256825 b","NSVS 14256825",12.30000000,,3225.00000000000,3.1200000000,473.47,9.6678,40000.00,0.419000,0.188000,2,1,"Eclipse Timing Variations",2019
"TOI-1266 b","TOI-1266",2.52000000,4.46000000000000e+00,10.89450000000,0.0730000000,415.00,4.7200,3563.00,0.437000,0.423200,1,3,"Transit",2020
"Kepler-659 b","Kepler-659",2.50000000,,17.67179600000,0.1204000000,513.00,21.3090,4870.00,0.790000,0.740000,1,1,"Transit",2016
"GJ 27.1 b","GJ 27.1",3.66000000,,15.81900000000,0.1010000000,387.13,2.5488,3542.00,0.530000,0.518887,1,1,"Radial Velocity",2014
"TOI-4495 c","TOI-4495",4.03000000,2.32000000000000e+01,5.18553000000,0.0632300000,1365.00,346.6260,6210.00,1.247000,1.309000,1,2,"Transit",2024
"Kepler-798 b","Kepler-798",2.39000000,,13.71933369000,0.1174000000,864.00,141.8880,6224.00,1.190000,1.290000,1,1,"Transit",2016
"TOI-5082.01","TOI-5082",2.54811000,,4.24012200000,0.0512048420,1164.91,254.5880,5670.00,0.996650,0.930000,1,1,"Transit",2024
"Kepler-364 c","Kepler-364",2.15000000,,59.98062700000,0.3120000000,568.00,22.2340,6108.00,1.076000,1.284000,1,2,"Transit",2014
"TOI-1260 d","TOI-1260",3.12000000,1.18400000000000e+01,16.60816400000,0.1116000000,499.00,10.3200,4227.00,0.679000,0.672000,1,3,"Transit",2022
"HD 50499 b","HD 50499",13.50000000,,2447.10000000000,3.8330000000,174.69,0.1619,6102.00,1.253000,1.351000,1,2,"Radial Velocity",2005
"HD 20794 f","HD 20794",2.28000000,,647.60000000000,1.3541000000,214.52,0.3746,5368.00,0.790000,0.930000,1,4,"Radial Velocity",2025
"Kepler-1595 b","Kepler-1595",1.23000000,,4.56380468000,0.0510000000,980.00,185.5680,5203.00,0.840000,0.800000,1,1,"Transit",2016
"HD 99109 b","HD 99109",14.30000000,,439.29999000000,1.1100000000,239.32,0.5465,5282.00,0.760000,0.980000,1,1,"Radial Velocity",2005
"KOI-3503 b","KOI-3503",1.19000000,9.20000000000000e+00,21.18500000000,0.1424700000,785.00,90.2000,6001.00,0.858000,1.255000,1,2,"Transit",2021
"Kepler-526 b","Kepler-526",1.99000000,,5.45849831600,0.0651800000,1099.00,584.3540,5894.00,1.150000,1.140000,1,1,"Transit",2016
"HD 28109 c","HD 28109",4.13000000,9.20000000000000e+00,55.99712000000,0.3080000000,643.00,29.9535,6189.00,1.227000,1.425000,1,3,"Transit",2022
"K2-11 b","K2-11",7.55000000,,39.93767000000,0.2257000000,734.00,9.8400,5433.00,1.350000,5.150000,1,1,"Transit",2015
"NGTS-26 b","NGTS-26",14.88552637,9.28058948440000e+01,4.51992790000,0.0490000000,1331.00,523.0000,5550.00,0.960000,1.160000,1,1,"Transit",2024
"KOI-319 b","KOI-319",10.67000000,3.17828407000000e+03,46.14827000000,0.2668000000,703.00,60.4000,5880.00,1.325000,2.064000,1,2,"Transit",2014
"TOI-1743 b","TOI-1743",1.83000000,,4.26604600000,0.0358900000,485.00,10.8837,3277.00,0.339000,0.338000,1,1,"Transit",2025
"Kepler-1837 b","Kepler-1837",2.06673842,,5.90608978300,0.0650000000,1012.00,247.8300,5966.00,1.049000,0.961000,1,1,"Transit",2021
"Kepler-1986 b","Kepler-1986",1.89000000,,19.54896660000,0.1307000000,579.00,26.6200,5549.00,0.776000,0.732000,1,1,"Transit",2023
"Kepler-696 b","Kepler-696",6.14000000,,4.19042557500,0.0535000000,1234.00,607.5250,5903.00,1.060000,1.080000,1,1,"Transit",2016
"Kepler-189 c","Kepler-189",2.38000000,2.27000000000000e+01,20.13486600000,0.1370000000,544.00,18.8110,5235.00,0.803000,0.750000,1,2,"Transit",2014
"HD 105618 b","HD 105618",5.44000000,,10.02245000000,0.0910000000,1023.19,182.6347,5671.00,1.010000,1.273990,1,2,"Radial Velocity",2022
"TOI-1301.01","TOI-1301",2.47700000,,6.09640720900,0.0598660000,737.36,72.5500,4820.00,0.770000,0.732000,1,1,"Transit",2024
"Kepler-1497 b","Kepler-1497",1.66000000,,8.74199772000,0.0817000000,924.00,172.3800,5675.00,0.960000,0.950000,1,1,"Transit",2016
"EPIC 212624936 b","EPIC 212624936",1.20000000,,0.57865700000,,,,5765.00,1.000000,0.930000,1,2,"Transit",2021
"Kepler-194 b","Kepler-194",1.51000000,,2.09228100000,0.0320000000,1648.00,953.1730,6089.00,0.940000,1.025000,1,3,"Transit",2014
"Kepler-661 b","Kepler-661",3.07000000,,6.02930132100,0.0585000000,678.00,45.5280,4483.00,0.700000,0.670000,1,1,"Transit",2016
"Kepler-529 c","Kepler-529",2.00000000,,12.83450220000,0.1075000000,891.00,149.4200,6087.00,1.070000,1.140000,1,3,"Transit",2016
"HAT-P-61 b","HAT-P-61",10.07687365,3.35944626199000e+02,1.90231289000,0.0301000000,1505.00,849.5000,5587.00,1.004000,0.938000,1,1,"Transit",2021
"TOI-2589 b","TOI-2589",12.10569916,1.11239942450000e+03,61.62770000000,0.3000000000,592.00,21.7464,5579.00,0.930000,1.070000,1,1,"Transit",2023
"HD 95872 b","HD 95872",13.00000000,,4375.00000000000,5.1500000000,103.45,0.0216,5312.00,0.700000,0.840000,1,1,"Radial Velocity",2015
"Kepler-1412 b","Kepler-1412",0.83000000,,3.61460510000,0.0460800000,1397.00,1087.7810,5880.00,1.060000,1.270000,1,1,"Transit",2016
"Kepler-760 c","Kepler-760",1.48000000,,2.46697439000,0.0348900000,1139.00,453.6480,5322.00,0.890000,0.850000,1,2,"Transit",2016
"2MASS J0249-0557 c","2MASS J0249-0557 A",17.37392009,3.61688727166000e+03,,1950.0000000000,1723.00,0.0000,2859.00,0.046000,0.315959,2,1,"Imaging",2018
"TOI-4504 c","TOI-4504",11.17000000,8.21000000000000e+02,82.81909300000,0.3593000000,412.50,0.2639,5315.00,0.875000,0.930000,1,3,"Transit",2024
"Kepler-1540 b","Kepler-1540",2.49000000,,125.41311770000,0.4426000000,266.00,0.8490,4540.00,0.740000,0.690000,2,1,"Transit",2016
"TIC 445839811 b","TIC 445839811",2.47771211,,11.10862603180,,,,5408.25,0.950000,0.850041,1,1,"Transit",2026
"Kepler-225 c","Kepler-225",1.84000000,,18.79423400000,0.1110000000,412.00,9.9030,3682.00,0.593000,0.480000,1,2,"Transit",2014
"Kepler-180 b","Kepler-180",1.50000000,,13.81712400000,0.1090000000,781.00,72.1190,5731.00,0.950000,1.063000,1,2,"Transit",2014
"HD 18438 b","HD 18438",12.10000000,,803.00000000000,2.1000000000,1208.15,210.6576,3860.00,1.840000,88.475000,1,1,"Radial Velocity",2023
"HD 154088 b","HD 154088",2.46000000,,18.56000000000,0.1340000000,689.99,41.2119,5374.00,0.910000,0.950000,1,1,"Radial Velocity",2021
"HD 24064 b","HD 24064",12.30000000,,535.59998000000,1.2900000000,1088.02,211.3995,4052.00,1.610000,40.000000,1,1,"Radial Velocity",2015
"Kepler-1349 b","Kepler-1349",0.70000000,,2.12823928000,0.0342100000,1668.00,1862.3300,6086.00,1.160000,1.280000,1,1,"Transit",2016
"HD 29399 b","HD 29399",13.50000000,,892.70000000000,1.9130000000,358.32,2.7435,4845.00,1.170000,4.500000,1,1,"Radial Velocity",2022
"TOI-4511 b","TOI-4511",2.75304932,,10.98090968596,,1542.00,938.9950,5418.77,1.017000,1.001450,1,1,"Transit",2026
"Kepler-1306 b","Kepler-1306",1.91000000,,16.29595382000,0.1230000000,678.00,52.1460,5727.00,0.980000,0.970000,1,1,"Transit",2016
"TOI-2200 b","TOI-2200",6.96310517,,2.93602836512,,1147.00,288.0870,5036.17,0.850000,0.826247,1,1,"Transit",2026
"K2-285 c","K2-285",3.53000000,1.56800000000000e+01,7.13804800000,0.0824000000,741.40,50.3500,4975.00,0.830000,0.787000,1,4,"Transit",2018
"Kepler-345 b","Kepler-345",0.74000000,4.80000000000000e-01,7.41556300000,0.0660000000,622.00,35.3700,4504.00,0.610000,0.623000,1,2,"Transit",2014
"Kepler-539 c","Kepler-539",13.30000000,7.62792000000000e+02,1000.00000000000,2.4200000000,253.00,0.1486,5820.00,1.048000,0.952000,1,2,"Transit Timing Variations",2016
"HD 33844 b","HD 33844",13.40000000,,551.40002000000,1.6000000000,430.22,5.7778,4861.00,1.840000,5.390000,1,2,"Radial Velocity",2015
"GJ 317 c","GJ 317",13.60000000,,6500.00000000000,5.0400000000,47.67,0.0008,3496.00,0.402000,0.403000,1,2,"Radial Velocity",2016
"Kepler-467 b","Kepler-467",2.25000000,,24.99324193000,0.1684800000,712.00,72.7490,5809.00,1.050000,1.370000,1,1,"Transit",2016
"Kepler-964 b","Kepler-964",2.12000000,,13.52251060000,0.1073000000,652.00,43.9160,5427.00,0.930000,0.840000,1,1,"Transit",2016
"TOI-1386 c","TOI-1386",10.30000000,,232.00000000000,0.7500000000,327.40,1.7710,5735.00,1.036300,1.023500,1,2,"Radial Velocity",2024
"HD 99706 c","HD 99706",12.80000000,,1278.00000000000,,,,4891.00,1.720000,5.400000,1,2,"Radial Velocity",2016
"Kepler-1262 b","Kepler-1262",1.82000000,,8.67900242000,0.0830000000,949.00,142.5450,5771.00,0.990000,0.980000,1,1,"Transit",2016
"BEBOP-3 b","BEBOP-3",14.20000000,,547.00000000000,1.4440000000,287.88,1.1590,6033.00,1.083000,1.414000,2,1,"Radial Velocity",2025
"Kepler-1071 b","Kepler-1071",2.38000000,,6.17998440000,0.0629000000,814.00,45.1200,5215.00,0.860000,0.810000,1,1,"Transit",2016
"Kepler-1809 b","Kepler-1809",1.51300000,,3.75729990000,0.0444400000,877.00,158.2000,4901.00,0.807000,0.716000,1,1,"Transit",2021
"K2-242 b","K2-242",2.54000000,,6.51389000000,0.0494000000,416.00,6.3759,3459.00,0.380000,0.370000,1,1,"Transit",2018
"TIC 77319217 b","TIC 77319217",3.10879526,,7.54830765124,,,,5961.52,1.160000,1.184390,1,1,"Transit",2026
"Kepler-649 b","Kepler-649",2.26000000,,29.90722674000,0.1752200000,564.00,25.1470,5871.00,0.970000,0.940000,1,1,"Transit",2016
"HAT-P-55 b","HAT-P-55",14.84069045,1.89425730572000e+02,3.58523130000,0.0462800000,1367.00,583.0000,5804.00,1.028000,1.105000,1,1,"Transit",2015
"Kepler-344 c","Kepler-344",2.95000000,,125.59680900000,0.4880000000,360.00,2.6730,5774.00,0.931000,0.976000,1,2,"Transit",2014
"HIP 65891 b","HIP 65891",12.70000000,1.93875328270000e+03,1089.60000000000,2.8200000000,429.05,5.6170,5000.00,2.500000,8.930000,1,1,"Radial Velocity",2015
"GJ 4274 c","GJ 4274",2.83000000,,69.57000000000,0.1860000000,157.32,0.1000,3228.00,0.180000,0.190000,1,2,"Radial Velocity",2026
"Kepler-1111 b","Kepler-1111",2.00000000,,8.79617863000,0.0872000000,938.00,118.5200,6077.00,1.100000,1.150000,1,1,"Transit",2016
"Kepler-172 b","Kepler-172",2.35000000,,2.94030900000,0.0400000000,1256.00,639.4760,5526.00,1.081000,1.085000,1,4,"Transit",2014
"K2-139 b","K2-139",9.11000000,1.23000210000000e+02,28.38061900000,0.1796000000,524.00,15.5562,5370.00,0.960000,0.880000,1,1,"Transit",2017
"HD 64121 b","HD 64121",13.20000000,,623.00000000000,1.5100000000,464.77,7.7628,5078.00,1.640000,5.440000,1,1,"Radial Velocity",2022
"Kepler-902 b","Kepler-902",2.54000000,,40.10995470000,0.2230000000,556.00,24.8750,5647.00,0.950000,0.930000,1,1,"Transit",2016
"Kepler-894 b","Kepler-894",2.78000000,,9.80322400000,0.0916000000,896.00,119.8810,5603.00,0.870000,0.850000,1,1,"Transit",2016
"Kepler-1794 b","Kepler-1794",1.79426276,,9.76298046100,0.0821000000,703.00,57.5900,5052.00,0.773000,0.816000,1,1,"Transit",2021
"TOI-1064 b","TOI-1064",2.58700000,1.35000000000000e+01,6.44386800000,0.0615200000,784.00,62.9000,4734.00,0.748000,0.726000,1,2,"Transit",2022
"Kepler-884 b","Kepler-884",1.23000000,,5.69919514000,0.0611600000,964.00,139.5000,5715.00,1.000000,0.940000,1,1,"Transit",2016
"Kepler-1019 b","Kepler-1019",1.46000000,,1.41122984700,0.0221000000,1164.00,330.2490,4433.00,0.700000,0.670000,1,1,"Transit",2016
"WASP-28 b","WASP-28",13.66374747,2.82549453823000e+02,3.40883495000,0.0442000000,1456.00,695.6500,6084.00,0.993000,1.083000,1,1,"Transit",2014
"GJ 3341 b","GJ 3341",2.46000000,,14.20700000000,0.0890000000,377.62,3.6578,3526.00,0.470000,0.439000,1,1,"Radial Velocity",2015
"TOI-4552 b","TOI-4552",1.11000000,1.83000000000000e+00,0.30110032000,0.0056255000,1122.00,263.0000,3258.00,0.261900,0.286900,1,1,"Transit",2026
"GJ 1289 b","GJ 1289",2.38000000,,111.74000000000,0.2700000000,150.00,0.0754,3296.00,0.210000,0.245012,1,1,"Radial Velocity",2024
"Kepler-555 b","Kepler-555",2.83000000,,16.21775407000,0.1201000000,664.00,129.3740,5894.00,1.030000,1.040000,1,1,"Transit",2016
"Kepler-683 b","Kepler-683",1.97000000,,2.53918317900,0.0355000000,1332.00,702.2810,5703.00,0.960000,0.950000,1,1,"Transit",2016
"HATS-10 b","HATS-10",10.86152100,1.67178580000000e+02,3.31284600000,0.0449100000,1407.00,836.8558,5880.00,1.101000,1.105000,1,1,"Transit",2015
"Kepler-1977 b","Kepler-1977",1.66000000,,4.53702121000,0.0486000000,798.00,95.6100,4805.00,0.769000,0.688000,1,1,"Transit",2023
"Kepler-715 b","Kepler-715",3.75000000,,10.00652995000,0.0933000000,876.00,181.4080,5871.00,1.040000,1.040000,1,1,"Transit",2016
"Kepler-164 d","Kepler-164",2.45000000,,28.98676900000,0.1870000000,637.00,35.8900,5888.00,1.036000,1.148000,1,4,"Transit",2014
"Kepler-786 b","Kepler-786",2.43000000,,53.52934870000,0.2548300000,348.00,3.6580,4838.00,0.810000,0.740000,1,1,"Transit",2016
"TOI-3785 b","TOI-3785",5.14000000,1.49500000000000e+01,4.67473730000,0.0430000000,582.00,19.1000,3576.00,0.520000,0.500000,1,1,"Transit",2023
"WASP-145 A b","WASP-145 A",10.08810000,2.82868700000000e+02,1.76903810000,0.0261000000,1200.00,313.4012,4900.00,0.760000,0.680000,2,1,"Transit",2018
"WASP-136 b","WASP-136",16.81347105,4.79920894570000e+02,5.21536178778,0.0661000000,1630.00,1843.4633,6250.00,1.410000,2.390140,1,1,"Transit",2016
"HATS-12 b","HATS-12",7.76000000,7.59613700000000e+02,3.14270200000,0.0441000000,1446.00,566.4817,6357.00,1.160000,1.170000,1,1,"Transit",2016
"TOI-1296 b","TOI-1296",14.11645916,9.53000000000000e+01,3.94437360000,0.0510000000,1414.84,1078.5987,5567.00,1.157600,1.703100,1,1,"Transit",2021
"HD 98736 b","HD 98736",13.30000000,,968.80000000000,1.8640000000,179.53,0.1734,5271.00,0.920000,0.930000,2,1,"Radial Velocity",2018
"Kepler-1136 b","Kepler-1136",1.64000000,,2.36172432900,0.0299000000,922.00,150.0550,4512.00,0.720000,0.680000,1,1,"Transit",2016
"GJ 667 C f","GJ 667 C",1.45000000,,39.02600000000,0.1560000000,,0.5633,3350.00,0.330000,,3,5,"Radial Velocity",2013
"Kepler-635 b","Kepler-635",2.64000000,,23.44971004000,0.1833200000,802.00,193.9270,6174.00,1.330000,1.510000,1,1,"Transit",2016
"TOI-1279 b","TOI-1279",2.66146528,1.06000000000000e+01,9.61419000000,0.0850000000,759.00,74.7359,5457.00,0.878400,0.842600,1,1,"Transit",2024
"Kepler-468 b","Kepler-468",13.34000000,,38.47875706700,0.2213000000,484.00,11.2410,5498.00,0.960000,0.870000,1,1,"Transit",2016
"DE CVn b","DE CVn",12.40000000,,4098.10000000000,5.7500000000,46.91,0.0008,3579.00,0.510000,0.424754,2,1,"Eclipse Timing Variations",2018
"TOI-682.01","TOI-682",3.74186000,,6.83923880000,,1090.00,234.4600,5085.00,0.850000,1.080000,1,1,"Transit",2021
"USco CTIO 108 b","USco CTIO 108",12.30000000,4.44962000000000e+03,,670.0000000000,2.96,0.0000,2700.00,0.060000,0.345365,1,1,"Imaging",2008
"Kepler-1496 b","Kepler-1496",2.22000000,,64.65880170000,0.3211000000,535.00,18.3830,6182.00,1.180000,1.270000,1,1,"Transit",2016
"HD 102272 b","HD 102272",12.90000000,,127.58000000000,0.5100000000,1038.01,176.4116,4790.00,1.450000,10.300000,1,1,"Radial Velocity",2008
"Kepler-366 c","Kepler-366",1.79000000,,12.51616000000,0.1100000000,848.00,286.6000,6209.00,1.088000,1.048000,1,2,"Transit",2014
"KOI-2513.01","KOI-2513",2.80224517,7.31005336100000e+03,19.00547000000,0.5000000000,758.00,78.1900,5900.00,0.910000,1.200000,1,1,"Transit",2023
"Kepler-537 b","Kepler-537",1.41000000,,3.24755521900,0.0431700000,1181.00,442.5220,5763.00,1.070000,0.990000,1,1,"Transit",2016
"GJ 3323 b","GJ 3323",1.23000000,,5.36360000000,0.0328200000,290.06,2.5800,3159.00,0.164000,0.119000,1,2,"Radial Velocity",2017
"TOI-4495 b","TOI-4495",2.48300000,7.70000000000000e+00,2.56699000000,0.0395700000,1735.00,1001.2800,6210.00,1.247000,1.309000,1,2,"Transit",2026
"Kepler-1761 b","Kepler-1761",1.39109603,,4.04354000100,0.0413000000,613.00,33.3400,3871.00,0.573000,0.532000,1,1,"Transit",2021
"NGTS-6 b","NGTS-6",14.86313400,4.25574370000000e+02,0.88205900000,0.0167700000,1283.90,983.4246,4730.00,0.767000,0.754000,1,1,"Transit",2019
"Kepler-920 c","Kepler-920",3.80000000,,100.82741130000,0.4029000000,364.00,3.9860,5403.00,0.890000,0.850000,1,2,"Transit",2016
"Kepler-818 b","Kepler-818",5.11000000,,10.03538581400,0.0886000000,786.00,100.7790,5638.00,0.940000,0.920000,1,1,"Transit",2016
"Kepler-139 c","Kepler-139",3.38000000,1.30000000000000e+01,157.07287800000,0.5860000000,350.00,3.0230,5594.00,1.078000,1.300000,1,5,"Transit",2014
"Kepler-959 b","Kepler-959",4.38000000,,14.80074836000,0.1633000000,1912.00,165.8680,7005.00,1.600000,2.010000,1,1,"Transit",2016
"BD-210397 c","BD-210397",12.90000000,1.52557635360000e+03,6240.00000000000,5.9000000000,69.51,0.0039,4051.00,0.690000,0.747000,1,2,"Radial Velocity",2023
"Kepler-1436 b","Kepler-1436",1.31000000,,9.70571600000,0.0907000000,1001.00,772.0790,5972.00,1.060000,1.090000,1,1,"Transit",2016
"HU Aqr AB c","HU Aqr",12.90000000,,4368.00000000000,5.4000000000,,,5952.00,0.880000,,2,2,"Eclipse Timing Variations",2011
"Kepler-1597 b","Kepler-1597",1.06000000,,2.94654179000,0.0413600000,1497.00,1431.3110,6377.00,1.250000,1.390000,1,1,"Transit",2016
"WASP-83 b","WASP-83",11.65736000,9.53490000000000e+01,4.97125200000,0.0590000000,1120.00,238.8750,5510.00,1.110000,1.050000,1,1,"Transit",2015
"HD 116029 c","HD 116029",13.70000000,,907.00000000000,,,,4951.00,1.330000,4.600000,2,2,"Radial Velocity",2016
"Kepler-282 e","Kepler-282",3.10000000,5.62000000000000e+01,44.34700000000,0.2333200000,484.00,24.1140,5656.00,0.970000,0.890000,1,4,"Transit",2013
"XO-2 S c","XO-2 S",13.60000000,,120.05900000000,0.4737000000,376.79,3.3572,5325.00,0.980000,1.020000,2,4,"Radial Velocity",2014
"Kepler-850 b","Kepler-850",1.78000000,,7.19303878000,0.0744000000,995.00,329.2830,5932.00,1.060000,1.090000,1,1,"Transit",2016
"Kepler-65 d","Kepler-65",1.52000000,4.14000000000000e+00,8.13123000000,0.0840000000,1117.00,394.5490,6211.00,1.250000,1.410000,1,4,"Transit",2012
"Kepler-1090 b","Kepler-1090",2.25000000,,198.68017900000,0.6332300000,297.00,1.8250,5321.00,0.860000,0.820000,1,2,"Transit",2016
"TOI-715 b","TOI-715",1.55000000,,19.28800400000,0.0830000000,234.00,0.6700,3075.00,0.225000,0.240000,1,1,"Transit",2023
"GJ 393 b","GJ 393",1.17000000,,7.02679000000,0.0540200000,485.00,9.2100,3579.00,0.426000,0.426000,1,1,"Radial Velocity",2021
"Kepler-1680 b","Kepler-1680",1.35954736,,8.77424000000,0.0764200000,771.00,49.0000,5021.00,0.834000,0.723259,1,1,"Transit",2020
"Gaia-2 b","Gaia-2",14.81827249,2.59665808519000e+02,3.69152240000,0.0467000000,1213.23,512.0235,5720.00,1.000000,1.064000,1,1,"Transit",2022
"WASP-124 b","WASP-124",13.89916000,1.90698000000000e+02,3.37265000000,0.0449000000,1400.00,748.0000,6050.00,1.070000,1.020000,1,1,"Transit",2016
"TOI-1439 b","TOI-1439",4.24278610,3.85000000000000e+01,27.64400000000,0.1920000000,748.40,68.4355,5841.00,1.231300,1.618400,1,1,"Transit",2024
"GJ 1061 c","GJ 1061",1.19000000,1.81000000000000e+00,6.68210000000,0.0342000000,304.12,1.4000,2953.00,0.120000,0.156000,1,3,"Radial Velocity",2020
"K2-50 b","K2-50",1.59000000,,8.75290000000,0.0705000000,580.53,18.8000,4326.00,0.611000,0.546000,1,2,"Transit",2016
"Kepler-23 b","Kepler-23",1.63800000,2.56000000000000e+00,7.10000000000,0.0721200000,1157.00,446.1070,5828.00,1.078000,1.548000,1,3,"Transit",2011
"Kepler-257 b","Kepler-257",2.61000000,,2.38266700000,0.0340000000,1237.00,343.6000,5180.00,0.916000,1.037000,1,3,"Transit",2014
"TOI-1736 c","TOI-1736",12.50000000,2.80000000000000e+03,571.25000000000,1.3700000000,249.00,0.9000,5636.00,1.037300,1.428600,1,2,"Radial Velocity",2023
"Kepler-310 d","Kepler-310",2.47000000,7.00000000000000e+00,92.87612500000,0.3920000000,353.00,3.6640,5797.00,0.854000,0.876000,1,3,"Transit",2014
"WASP-192 b","WASP-192",13.78707000,7.31009000000000e+02,2.87867650000,0.0408000000,1620.00,471.1420,5910.00,1.090000,1.320000,1,1,"Transit",2019
"Kepler-184 b","Kepler-184",2.36000000,,10.68757600000,0.0920000000,780.00,70.3610,5788.00,0.872000,0.873000,1,3,"Transit",2014
"Kepler-1744 b","Kepler-1744",3.76754004,,37.10110092000,0.2094500000,532.00,21.0000,5986.00,0.886000,0.850000,1,1,"Transit",2021
"Kepler-1107 b","Kepler-1107",1.34000000,,0.57103851800,0.0128500000,1897.00,2387.2610,5268.00,0.860000,0.820000,1,1,"Transit",2016
"Kepler-40 b","Kepler-40",13.11000000,6.99200000000000e+02,6.87349000000,0.0800000000,1620.00,1187.9650,6510.00,1.480000,2.130000,1,1,"Transit",2010
"TOI-908 b","TOI-908",3.18600000,1.61370000000000e+01,3.18379200000,0.0416570000,1317.00,80.8840,5626.00,0.950000,1.028000,1,1,"Transit",2023
"Kepler-851 b","Kepler-851",1.68000000,,8.50699658000,0.0802000000,900.00,103.8280,5455.00,0.890000,0.850000,1,1,"Transit",2016
"HD 99492 c","HD 99492",4.42000000,,95.23300000000,,,,4929.00,0.850000,0.822539,2,2,"Radial Velocity",2023
"G 264-012 c","G 264-012",1.76000000,,8.05180000000,0.0525000000,387.00,3.8700,3326.00,0.297000,0.305000,1,2,"Radial Velocity",2021
"Kepler-827 b","Kepler-827",5.63000000,,51.92927591000,0.2742000000,574.00,23.6020,5602.00,0.930000,0.910000,1,1,"Transit",2016
"Kepler-228 c","Kepler-228",2.70000000,,4.13444400000,0.0520000000,1160.00,457.3180,6043.00,1.006000,1.014000,1,3,"Transit",2014
"K2-346 b","K2-346",2.26000000,,26.20144600000,,450.00,8.8138,4801.00,0.710000,0.700000,1,1,"Transit",2021
"Kepler-77 b","Kepler-77",10.76100000,1.36661000000000e+02,3.57878087000,0.0450100000,1440.00,432.8710,5520.00,0.950000,0.990000,1,1,"Transit",2013
"Kepler-1509 b","Kepler-1509",1.85000000,,25.43381970000,0.1707000000,667.00,83.0810,5780.00,1.000000,0.990000,1,1,"Transit",2016
"GJ 581 b","GJ 581",4.79000000,2.05000000000000e+01,5.36860000000,0.0399000000,464.32,7.7669,3500.00,0.295000,0.302000,1,3,"Radial Velocity",2005
"K2-403 b","K2-403",5.33300000,,33.58997900000,,949.00,134.8830,5511.00,0.784000,0.886000,1,1,"Transit",2022
"HD 43691 b","HD 43691",13.20000000,,36.99870000000,0.2380000000,761.79,55.8272,6093.00,1.320000,1.600000,3,1,"Radial Velocity",2007
"Kepler-1574 b","Kepler-1574",1.29000000,,6.94243340000,0.0743000000,1003.00,289.7780,5892.00,1.060000,1.080000,1,1,"Transit",2016
"Kepler-238 f","Kepler-238",2.00000000,1.35000000000000e+01,50.44700000000,0.2863500000,568.00,35.8690,5800.00,1.060000,0.960000,1,5,"Transit",2013
"K2-253 b","K2-253",12.67000000,,4.00167000000,0.0506000000,1238.00,365.8185,6027.00,1.080000,1.100000,1,1,"Transit",2018
"Kepler-1290 b","Kepler-1290",1.42000000,,4.69500134000,0.0557000000,1098.00,443.2210,5660.00,0.950000,0.930000,1,1,"Transit",2016
"Kepler-68 d","Kepler-68",13.90000000,2.67000000000000e+02,632.62000000000,1.4690000000,260.75,0.7889,5847.00,1.057000,1.256400,2,4,"Radial Velocity",2013
"Kepler-218 b","Kepler-218",1.48000000,,3.61933700000,0.0460000000,1156.00,460.6560,5502.00,1.019000,1.063000,1,3,"Transit",2014
"Kepler-645 b","Kepler-645",2.10000000,,3.27582262100,0.0454100000,1730.00,1364.7620,6170.00,1.130000,1.210000,1,1,"Transit",2016
"TOI-1450 A b","TOI-1450 A",1.13000000,1.25800000000000e+00,2.04392740000,,722.00,44.9493,3437.00,0.480000,0.483000,2,2,"Transit",2024
"HD 206610 b","HD 206610",13.40000000,,673.20000000000,1.7400000000,437.88,6.2426,4842.00,1.550000,6.120000,1,1,"Radial Velocity",2009
"Kepler-99 b","Kepler-99",1.48000000,6.15000000000000e+00,4.60358000000,0.0507100000,810.00,108.0420,4782.00,0.790000,0.730000,2,1,"Transit",2014
"Kepler-1010 b","Kepler-1010",2.32000000,,34.26857050000,0.1930000000,477.00,10.1700,5253.00,0.860000,0.820000,1,1,"Transit",2016
"Kepler-687 b","Kepler-687",3.52000000,,20.50586978000,0.1326000000,518.00,15.6480,4841.00,0.770000,0.730000,1,1,"Transit",2016
"Kepler-1855 b","Kepler-1855",1.21620500,,0.72733098300,0.0115000000,849.00,86.9700,3460.00,0.385000,0.356000,1,1,"Transit",2021
"UCAC4 328-061594 b","UCAC4 328-061594",12.10000000,6.67439654700000e+03,,19000.0000000000,,,,1.190000,,1,1,"Imaging",2024
"Kepler-1363 b","Kepler-1363",1.25000000,,2.94194094000,0.0363000000,988.00,191.9190,4839.00,0.760000,0.720000,1,1,"Transit",2016
"Kepler-296 b","Kepler-296",1.61000000,,10.86438400000,0.0790000000,495.00,6.5000,3740.00,0.498000,0.480000,2,5,"Transit",2014
"BD+48 738 b","BD+48 738",13.90000000,,392.60000000000,1.0000000000,705.93,48.9779,4414.00,0.740000,11.000000,1,1,"Radial Velocity",2011
"HR 8799 c","HR 8799",13.00000000,3.00000000000000e+03,69000.00000000000,38.0000000000,1200.00,0.0034,7204.58,1.500000,1.493380,1,4,"Imaging",2008
"Kepler-1773 b","Kepler-1773",3.50469499,,40.80970001000,0.2483100000,623.00,39.2000,6183.00,1.241000,1.300000,1,1,"Transit",2021
"Kepler-989 b","Kepler-989",2.21000000,,7.96431535200,0.0734000000,805.00,74.3500,5074.00,0.820000,0.780000,1,1,"Transit",2016
"Kepler-1508 b","Kepler-1508",1.33000000,,20.70565040000,0.1629000000,967.00,116.1450,6158.00,1.140000,1.220000,1,1,"Transit",2016
"TOI-7041 b","TOI-7041",11.43316031,1.14418226520000e+02,9.69100000000,,882.37,143.2590,4700.00,1.070000,4.100000,1,1,"Transit",2025
"K2-37 c","K2-37",2.41000000,,6.42966000000,0.0653400000,839.00,118.0000,5352.00,0.840000,0.809000,1,3,"Transit",2016
"2MASS J19383260+4603591 b","2MASS J19383260+4603591",13.40000000,6.03877000000000e+02,406.00000000000,0.9200000000,669.65,33.2985,29564.00,0.480000,0.203000,2,3,"Eclipse Timing Variations",2015
"TOI-1260 b","TOI-1260",2.41000000,8.56000000000000e+00,3.12746300000,0.0367000000,871.00,95.5800,4227.00,0.679000,0.672000,1,3,"Transit",2021
"HIP 39330 b","HIP 39330",13.50000000,5.30773439690000e+02,4650.00000000000,5.0500000000,125.05,0.0440,5748.00,0.960000,1.027860,1,1,"Radial Velocity",2026
"Kepler-52 c","Kepler-52",1.84000000,4.54000000000000e+01,16.38500210000,0.1037900000,433.00,8.5500,4075.00,0.540000,0.520000,1,3,"Transit",2012
"Kepler-1637 b","Kepler-1637",0.89000000,,6.10960324000,0.0596000000,1093.00,337.7800,5789.00,1.020000,1.020000,1,1,"Transit",2016
"Kepler-1990 b","Kepler-1990",3.27000000,,1.73513619000,0.0286000000,1554.00,1372.8700,5751.00,1.028000,1.071000,1,2,"Transit",2023
"TOI-1749 c","TOI-1749",2.12000000,1.40000000000000e+01,4.49290000000,0.0443000000,673.00,36.1539,3985.00,0.580000,0.550000,1,3,"Transit",2021
"GJ 9714 b","GJ 9714",12.50000000,2.98854051102100e+03,19240.75467000000,12.3190000000,47.68,0.0009,4263.00,0.670000,0.662662,1,1,"Radial Velocity",2022
"Kepler-312 b","Kepler-312",1.29000000,,1.77241900000,0.0310000000,1685.00,4124.0220,6115.00,1.314000,1.467000,1,2,"Transit",2014
"Kepler-1671 b","Kepler-1671",1.32557381,,4.16787000000,0.0494600000,962.00,205.0000,5135.55,0.866000,0.929771,1,1,"Transit",2020
"Kepler-466 b","Kepler-466",2.85000000,,51.07926307000,0.2676900000,503.00,12.5000,5927.00,1.040000,1.050000,1,2,"Transit",2016
"UZ For c","UZ For",,2.44720000000000e+03,1916.25000000000,2.8000000000,,,5286.90,0.700000,,2,2,"Eclipse Timing Variations",2011
"HD 63765 b","HD 63765",14.20000000,,358.00000000000,0.9400000000,246.90,0.6270,5449.00,0.650000,0.830000,1,1,"Radial Velocity",2011
"TOI-7008 b","TOI-7008",4.94735276,,0.84069041367,,1783.00,1679.3500,5116.06,0.880000,0.952550,1,1,"Transit",2026
"Kepler-1038 c","Kepler-1038",1.41623380,,7.12765979800,0.0692000000,784.00,89.2400,5159.00,0.868000,0.821000,1,2,"Transit",2021
"TOI-3877 b","TOI-3877",11.67975789,9.97981197980000e+01,4.12359600000,0.0529000000,1445.00,729.0000,5731.00,1.160000,1.445000,1,1,"Transit",2025
"Kepler-1699 b","Kepler-1699",1.56671124,,3.49082000000,0.0418000000,1010.00,245.6500,5575.53,0.810000,0.725000,1,1,"Transit",2020
"HD 143105 b","HD 143105",13.70000000,,2.19740000000,0.0379000000,2028.25,2502.0025,6380.00,1.510000,1.647304,1,1,"Radial Velocity",2016
"HD 191939 e","HD 191939",13.00000000,,101.12000000000,0.4070000000,390.00,3.9000,5348.00,0.810000,0.940000,1,6,"Radial Velocity",2022
"Kepler-1569 b","Kepler-1569",1.68000000,,5.79180156000,0.0666900000,1222.00,495.6520,6319.00,1.250000,1.400000,1,1,"Transit",2016
"Kepler-859 b","Kepler-859",3.09000000,,20.38177573000,0.1315700000,528.00,14.8970,5020.00,0.810000,0.770000,1,1,"Transit",2016
"HD 83443 b","HD 83443",14.10000000,,2.98562800000,0.0406000000,1262.68,477.4442,5442.00,1.000000,0.940000,1,2,"Radial Velocity",2002
"Kepler-106 b","Kepler-106",0.82000000,5.30000000000000e+00,6.16486000000,0.0649100000,1021.00,277.2160,5858.00,1.000000,1.040000,1,4,"Transit",2014
"Kepler-834 b","Kepler-834",2.02000000,,13.32388301000,0.0862000000,378.00,11.8450,4554.00,0.700000,0.660000,1,1,"Transit",2016
"K2-249 b","K2-249",2.79000000,,12.40900000000,0.1151000000,1061.00,163.7274,6504.00,1.320000,1.570000,1,1,"Transit",2018
"Kepler-454 c","Kepler-454",12.90000000,,524.19000000000,1.2870000000,249.58,0.6814,5687.00,1.030000,1.066000,2,3,"Radial Velocity",2015
"HD 33283 b","HD 33283",12.50000000,,18.19910000000,0.1508000000,1034.40,191.9541,5935.00,1.380000,1.970000,2,1,"Radial Velocity",2006
"Kepler-169 e","Kepler-169",2.20000000,,13.76710200000,0.1050000000,595.00,28.5480,4997.00,0.825000,0.763000,1,5,"Transit",2014
"GJ 536 b","GJ 536",2.41000000,,8.70874000000,0.0668000000,451.00,9.9000,3641.00,0.528000,0.529000,1,2,"Radial Velocity",2016
"TOI-2236 b","TOI-2236",14.36991326,5.02168883060000e+02,3.53159020000,0.0500900000,1688.00,1356.0000,6248.00,1.343000,1.573000,1,1,"Transit",2022
"HD 159868 c","HD 159868",14.00000000,,351.00000000000,1.0320000000,383.37,3.3758,5534.00,1.190000,2.130000,1,2,"Radial Velocity",2012
"Kepler-1665 b","Kepler-1665",2.83910787,,11.95480000000,0.0960000000,906.00,40.4000,5049.84,0.842000,0.777785,1,1,"Transit",2020
"HIP 111909 b","HIP 111909",13.70000000,,487.08000000000,1.3200000000,436.91,6.0097,4891.00,1.280000,4.530000,1,2,"Radial Velocity",2025
"Kepler-1125 b","Kepler-1125",1.84000000,,17.67006420000,0.1348000000,778.00,41.0400,5683.00,0.950000,0.940000,1,1,"Transit",2016
"Kepler-384 b","Kepler-384",1.12000000,,22.59705300000,0.1480000000,670.00,101.5490,5577.00,0.882000,0.882000,1,2,"Transit",2014
"HD 37605 b","HD 37605",13.20000000,,55.01292000000,0.2770000000,465.76,7.8531,5329.00,0.940000,0.910000,1,2,"Radial Velocity",2004
"Kepler-1618 b","Kepler-1618",1.26000000,,6.10826019000,0.0710900000,1267.00,903.9080,6620.00,1.410000,1.650000,1,1,"Transit",2016
"Kepler-352 d","Kepler-352",0.80628032,,6.88727998700,0.0657400000,788.00,81.3000,5208.00,0.796000,0.772000,1,3,"Transit",2021
"K2-148 c","K2-148",1.73000000,,6.92260000000,0.0616000000,630.02,26.5000,4079.00,0.650000,0.632000,2,3,"Transit",2018
"NGTS-9 b","NGTS-9",11.99363000,9.21707000000000e+02,4.43527000000,0.0580000000,1448.00,729.0000,6330.00,1.340000,1.380000,1,1,"Transit",2019
"Kepler-584 b","Kepler-584",4.21000000,,35.18103040000,0.2281000000,664.00,76.3390,6195.00,1.170000,1.240000,1,1,"Transit",2016
"Kepler-92 b","Kepler-92",3.51000000,6.43000000000000e+01,13.74900000000,0.1223200000,975.00,257.7760,5883.00,1.210000,1.700000,1,3,"Transit",2013
"TOI-277 b","TOI-277",2.65000000,,3.99400000000,0.0269000000,587.92,28.2360,4031.00,0.160000,0.362000,1,1,"Transit",2022
"EPIC 212297394 b","EPIC 212297394",1.48000000,,2.28936300000,,1149.00,,5171.00,0.830000,0.800000,1,2,"Transit",2019
"TIC 67686059 b","TIC 67686059",2.59125922,,3.52163529551,,,,5090.09,0.860000,0.820458,1,1,"Transit",2026
"K2-270 b","K2-270",1.38000000,,1.54306900000,0.0247000000,1203.00,497.0717,4877.00,0.850000,0.770000,1,2,"Transit",2018
"TIC 160113658 b","TIC 160113658",3.49015778,,6.72952262077,,,,4817.31,0.760000,0.789834,1,1,"Transit",2026
"Kepler-533 b","Kepler-533",3.38000000,,28.51120525000,0.1670400000,423.00,8.7690,4758.00,0.780000,0.720000,1,1,"Transit",2016
"VHS J125601.92-125723.9 b","VHS J125601.92-125723.9",13.67495645,5.08525451200000e+03,5800000.00000000000,350.0000000000,1194.00,0.0000,2620.00,0.070000,,2,1,"Imaging",2015
"HD 23079 c","HD 23079",2.80000000,,5.74891300000,,,,5994.00,1.160000,1.080000,1,2,"Radial Velocity",2025
"Kepler-55 e","Kepler-55",1.55000000,,4.61753400000,0.0480000000,728.00,73.1570,4503.00,0.631000,0.619000,1,5,"Transit",2014
"GJ 887 b","GJ 887",1.80000000,,9.26190000000,0.0683000000,426.00,7.8000,3688.00,0.495000,0.468000,1,4,"Radial Velocity",2020
"Kepler-1467 b","Kepler-1467",3.30000000,,47.05690430000,0.2388000000,411.00,7.9170,5332.00,0.860000,0.820000,1,1,"Transit",2016
"Kepler-199 c","Kepler-199",3.25000000,,67.09340800000,0.3160000000,420.00,7.8850,5644.00,0.960000,0.967000,1,2,"Transit",2014
"HD 222076 b","HD 222076",13.50000000,,871.00000000000,1.8300000000,346.88,2.5381,4806.00,1.070000,4.100000,1,1,"Radial Velocity",2016
"Kepler-282 b","Kepler-282",1.01000000,,9.22052400000,0.0820000000,817.00,195.9350,5602.00,0.860000,0.904000,1,4,"Transit",2014
"K2-388 b","K2-388",3.90000000,,6.33932000000,,874.00,138.0000,5310.00,0.930000,0.910000,1,1,"Transit",2022
"TOI-1224 b","TOI-1224",2.10400000,,4.17827450000,0.0355000000,541.00,13.9295,3326.00,0.400000,0.404000,1,2,"Transit",2024
"Kepler-623 b","Kepler-623",3.01000000,,9.07097734000,0.0854000000,825.00,77.0980,5443.00,0.900000,0.860000,1,1,"Transit",2016
"WASP-176 b","WASP-176",16.86954500,2.71744650000000e+02,3.89905200000,0.0535000000,1721.00,1703.2413,5941.00,1.345000,1.925000,1,1,"Transit",2020
"Kepler-363 d","Kepler-363",2.05000000,,11.93212500000,0.1070000000,905.00,203.7610,5593.00,1.226000,1.485000,1,3,"Transit",2014
"HD 4917 b","HD 4917",13.50000000,,400.50000000000,1.1670000000,479.78,20.9781,4802.00,1.320000,5.010000,1,1,"Radial Velocity",2018
"KOBE-1 c","KOBE-1",3.56000000,,29.67100000000,0.1607100000,392.50,3.9100,4135.00,0.629000,0.619000,1,2,"Radial Velocity",2025
"Kepler-970 b","Kepler-970",2.60900000,,16.73652500000,0.1390000000,464.00,11.1110,4290.00,0.670000,0.710000,2,1,"Transit",2016
"HAT-P-70 b","HAT-P-70",20.96083000,2.15488740000000e+03,2.74432452000,0.0473900000,2562.00,5405.6000,8450.00,1.890000,1.858000,1,1,"Transit",2019
"Kepler-943 b","Kepler-943",5.93000000,,49.77014380000,0.2559000000,455.00,10.1600,5612.00,0.930000,0.910000,1,1,"Transit",2016
"Kepler-10 b","Kepler-10",1.47000000,3.24000000000000e+00,0.83749070000,0.0168500000,2188.00,3741.7800,5708.00,0.910000,1.065000,1,3,"Transit",2011
"Kepler-271 d","Kepler-271",0.66000000,,5.24972541000,0.0555400000,954.00,189.3430,5555.00,0.900000,0.870000,1,3,"Transit",2016
"TOI-1233.01","HD 108236",2.53900000,,14.17568500000,0.1074000000,708.00,53.8795,5660.00,0.869000,0.877000,1,5,"Transit",2021
"HD 221585 b","HD 221585",13.50000000,,1173.00000000000,2.3060000000,242.77,0.4965,5620.00,1.190000,1.850575,1,1,"Radial Velocity",2016
"TIC 18942729 b","TIC 18942729",2.00021315,,0.99817838064,,,,4360.11,0.652000,0.825257,1,1,"Transit",2026
"HD 22496 b","HD 22496",2.22000000,,5.09071000000,0.0510000000,573.00,26.0000,4385.00,0.684000,0.674000,1,1,"Radial Velocity",2021
"Kepler-1640 b","Kepler-1640",4.82000000,,7.58441260000,0.0836000000,1228.00,537.4000,6324.00,1.270000,1.430000,1,1,"Transit",2016
"Kepler-589 c","Kepler-589",1.11727238,,3.52466011000,0.0426000000,1098.00,344.6100,5372.00,0.832000,0.916000,1,2,"Transit",2021
"Kepler-647 b","Kepler-647",1.17000000,,16.22546490000,0.1223700000,788.00,162.7940,6020.00,1.030000,1.070000,1,2,"Transit",2016
"Gaia-1 b","Gaia-1",13.77583728,5.33951723760000e+02,3.05252400000,0.0404700000,1159.07,426.5351,5470.00,0.949000,0.952000,1,1,"Transit",2022
"Kepler-1527 b","Kepler-1527",4.77000000,,160.12991800000,0.6276000000,450.00,7.8130,6224.00,1.210000,1.320000,1,1,"Transit",2016
"Kepler-1980 b","Kepler-1980",2.21000000,,33.02571790000,0.2049000000,564.00,23.9500,5819.00,1.049000,0.990000,1,1,"Transit",2023
"TOI-122 b","TOI-122",2.72000000,,5.07803000000,0.0392000000,471.00,8.8000,3403.00,0.312000,0.334000,1,1,"Transit",2020
"HATS-52 b","HATS-52",15.49083800,7.11939200000000e+02,1.36665436000,0.0249800000,1834.00,1310.2200,6010.00,1.111000,1.046000,1,1,"Transit",2017
"Kepler-250 d","Kepler-250",2.18000000,,17.64831200000,0.1270000000,579.00,21.4630,5160.00,0.806000,0.805000,1,3,"Transit",2014
"Kepler-1298 b","Kepler-1298",1.31000000,,7.12811928000,0.0814000000,1373.00,1003.0270,6339.00,1.450000,2.000000,1,1,"Transit",2016
"Kepler-1361 b","Kepler-1361",0.86000000,,3.57554956000,0.0430400000,1061.00,186.0690,5131.00,0.830000,0.790000,1,1,"Transit",2016
"Kepler-619 b","Kepler-619",3.16000000,,5.40427219700,0.0601400000,1073.00,224.1460,5980.00,1.090000,1.110000,1,3,"Transit",2016
"K2-99 b","K2-99",11.88151954,2.76510714090000e+02,18.24783000000,0.1530000000,1184.00,357.0000,6069.00,1.440000,2.550000,1,2,"Transit",2016
"TOI-532 b","TOI-532",5.82000000,6.15000000000000e+01,2.32665080000,0.0296000000,867.00,94.1000,3927.00,0.639000,0.612000,1,1,"Transit",2021
"HD 210277 b","HD 210277",13.60000000,,442.19000000000,1.1300000000,259.86,0.7275,5538.00,1.010000,1.070000,1,1,"Radial Velocity",1998
"Kepler-178 b","Kepler-178",2.90000000,,9.57669400000,0.0850000000,846.00,84.5710,5676.00,0.852000,1.066000,1,3,"Transit",2014
"Kepler-1604 b","Kepler-1604",1.41000000,,0.68368425600,0.0140600000,2023.00,1391.4000,4976.00,0.810000,0.760000,1,1,"Transit",2016
"Kepler-984 b","Kepler-984",2.12000000,,43.03422720000,0.2368800000,484.00,13.9910,5610.00,0.960000,0.930000,1,1,"Transit",2016
"HD 13724 c","HD 13724",8.18000000,,142.22895000000,0.5340000000,393.06,3.9773,5835.31,1.004000,1.041980,1,1,"Radial Velocity",2022
"Kepler-1286 b","Kepler-1286",2.15000000,,11.25402929000,0.0991000000,888.00,151.7700,5753.00,1.000000,0.980000,1,1,"Transit",2016
"Kepler-318 b","Kepler-318",4.71000000,,4.66271500000,0.0560000000,1039.00,333.1490,5746.00,1.073000,1.189000,1,2,"Transit",2014
"Kepler-732 b","Kepler-732",2.18000000,,9.46781404800,0.0691000000,407.00,8.5590,3631.00,0.490000,0.460000,1,2,"Transit",2016
"HIP 109600 b","HIP 109600",13.20000000,,232.08000000000,0.7060000000,312.88,1.6736,5530.00,0.870000,0.971958,2,1,"Radial Velocity",2016
"Kepler-407 b","Kepler-407",1.19000000,1.93000000000000e+00,0.66931240000,0.0153100000,1983.00,4102.0080,5487.00,0.990000,1.040000,1,2,"Transit",2014
"GJ 1148 c","GJ 1148",9.71000000,,532.58000000000,0.9120000000,99.38,0.0163,3287.00,0.344045,0.358519,1,2,"Radial Velocity",2017
"Kepler-897 b","Kepler-897",2.39000000,,8.04726420000,0.0770000000,855.00,354.2210,5839.00,1.030000,1.040000,1,1,"Transit",2016
"Kepler-435 b","Kepler-435",22.31000000,2.66970000000000e+02,8.60015360000,0.0948000000,1729.00,677.9170,6161.00,1.538000,3.210000,1,1,"Transit",2015
"HD 184010 d","HD 184010",14.30000000,,836.40000000000,1.9200000000,381.37,3.5509,4971.00,1.350000,4.860000,1,3,"Radial Velocity",2022
"WASP-70 A b","WASP-70 A",13.04700000,1.87512000000000e+02,3.71302030000,0.0485300000,1387.00,649.1548,5763.00,1.106000,1.215000,2,1,"Transit",2014
"TOI-1798.01","TOI-1798",2.44800000,6.50000000000000e+00,8.02152233100,0.0749840000,734.31,69.2600,5165.00,0.870000,0.780000,1,2,"Transit",2024
"TOI-444 b","TOI-444",2.77000000,,17.96360000000,0.1330000000,609.00,23.4694,5225.00,0.960000,0.779000,1,1,"Transit",2023
"TOI-2202 b","TOI-2202",10.95117414,2.87316879928000e+02,11.91260750000,0.0956400000,652.07,42.7254,5169.00,0.841000,0.808000,1,2,"Transit",2021
"TrES-1 b","TrES-1",12.66617000,2.66977200000000e+02,3.03007000000,0.0392500000,1140.00,318.4582,5230.00,1.040000,0.850000,2,1,"Transit",2004
"Kepler-1052 c","Kepler-1052",2.30000000,,180.92172900000,0.6135000000,302.00,1.9600,5818.00,0.937000,0.848000,1,2,"Transit",2023
"Kepler-206 b","Kepler-206",1.20000000,,7.78198700000,0.0780000000,983.00,192.2730,5764.00,0.957000,1.185000,1,3,"Transit",2014
"Kepler-763 b","Kepler-763",1.22000000,,1.19655156000,0.0205000000,1414.00,974.0890,5166.00,0.840000,0.800000,1,3,"Transit",2016
"Kepler-155 b","Kepler-155",2.09000000,,5.93119400000,0.0560000000,614.00,23.5000,4508.00,0.635000,0.620000,1,2,"Transit",2014
"ups And c","ups And",12.30000000,4.44324112986000e+03,241.25800000000,0.8277740000,407.56,4.8931,6156.77,1.300000,1.560000,2,3,"Radial Velocity",1999
"NGTS-34 b","NGTS-34",3.65000000,1.91000000000000e+01,43.12655000000,0.2570000000,624.00,36.0339,6134.00,1.266000,1.367000,1,1,"Transit",2025
"K2-274 b","K2-274",2.08000000,,14.13303140000,0.0964000000,655.00,33.3287,5044.00,0.790000,0.700000,1,1,"Transit",2018
"DH Tau b","DH Tau",30.26430000,3.49600000000000e+03,,330.0000000000,2200.00,0.0000,4371.00,0.330000,0.270000,1,1,"Imaging",2004
"HD 200964 c","HD 200964",13.70000000,,852.50000000000,1.9600000000,380.62,3.0164,4982.00,1.390000,4.920000,1,2,"Radial Velocity",2010
"TOI-1011 b","TOI-1011",1.45000000,4.04000000000000e+00,2.47049800000,,1364.00,575.5970,5475.00,0.910000,0.920000,1,1,"Transit",2025
"Kepler-1583 b","Kepler-1583",0.60000000,,9.32807355000,0.0830700000,788.00,124.3070,5645.00,0.940000,0.910000,1,1,"Transit",2016
"HATS-32 b","HATS-32",14.00004100,2.92403600000000e+02,2.81265480000,0.0402400000,1437.00,614.5934,5700.00,1.099000,1.097000,1,1,"Transit",2016
"ZTF J1828+2308 b","ZTF J1828+2308",11.13051784,6.35656814000000e+03,0.11200670000,,,,15900.00,0.610000,0.013100,1,1,"Transit",2025
"Kepler-1876 b","Kepler-1876",0.85300000,2.40000000000000e+00,6.99205000000,0.0758000000,1299.00,475.0000,6104.00,1.187000,1.477000,1,1,"Transit",2021
"TOI-6564 b","TOI-6564",16.39873876,2.22162056493000e+02,3.98541300000,0.0542000000,1445.00,1257.4271,5943.00,1.180000,1.700000,1,1,"Transit",2026
"K2-219 c","K2-219",1.43839723,,6.66767000000,,,,5753.00,1.021545,1.189232,1,3,"Transit",2018
"HD 37124 b","HD 37124",14.00000000,,154.37800000000,0.5336400000,366.48,2.7119,5698.64,0.850000,0.949168,1,3,"Radial Velocity",2002
"Kepler-881 b","Kepler-881",1.78000000,,4.44448017000,0.0552000000,1217.00,538.5690,5961.00,1.060000,1.090000,1,1,"Transit",2016
"TOI-333 b","TOI-333",4.26000000,2.01000000000000e+01,3.78525030000,0.0490000000,1445.00,650.4959,6241.00,1.200000,1.100000,1,1,"Transit",2025
"Kepler-60 c","Kepler-60",1.90000000,3.85000000000000e+00,8.91870000000,0.0842200000,1023.00,236.0000,5905.00,1.041000,1.257000,1,3,"Transit",2012
"Kepler-665 b","Kepler-665",2.60000000,,16.01310205000,0.1148000000,593.00,20.7190,4913.00,0.790000,0.740000,1,1,"Transit",2016
"Kepler-1848 b","Kepler-1848",1.40885390,,5.60402011900,0.0583500000,774.00,94.3000,4847.00,0.756000,0.737000,1,1,"Transit",2021
"TOI-2096 c","TOI-2096",1.91400000,,6.38784000000,0.0400000000,349.00,3.7000,3300.00,0.231000,0.235000,1,2,"Transit",2023
"Kepler-1698 b","Kepler-1698",1.07315686,,1.21070000000,0.0206500000,1351.00,697.6000,4975.03,0.822000,0.741698,1,1,"Transit",2020
"HIP 14810 c","HIP 14810",13.60000000,,147.74700000000,0.5490000000,373.22,3.2423,5544.00,1.010000,1.070000,1,3,"Radial Velocity",2006
"HD 25463 c","HD 25463",1.36354953,4.30000000000000e+00,3.04405000000,0.0443000000,1585.57,1413.5000,6353.00,1.251000,1.418200,1,2,"Transit",2023
"Kepler-1869 c","Kepler-1869",0.74000000,,1.71682830400,0.0280000000,1455.00,1056.8400,5808.00,0.987000,0.902000,1,2,"Transit",2023
"Kepler-292 b","Kepler-292",1.32000000,,2.58082700000,0.0350000000,1130.00,394.3010,5299.00,0.865000,0.826000,1,5,"Transit",2014
"Kepler-33 b","Kepler-33",1.74000000,,5.66793000000,0.0677000000,1336.00,744.0110,5904.00,1.291000,1.820000,1,5,"Transit",2011
"Kepler-601 b","Kepler-601",1.90000000,,5.37886844100,0.0549400000,833.00,110.6190,5160.00,0.850000,0.790000,1,1,"Transit",2016
"TOI-1347 b","TOI-1347",1.80000000,1.11000000000000e+01,0.84742346000,0.0171000000,1400.00,1876.1315,5464.00,0.913000,0.830000,1,2,"Transit",2024
"K2-417 b","K2-417",3.31000000,6.99222495400000e+02,6.53500000000,0.0630000000,558.00,15.8226,3861.00,0.569000,0.577600,1,1,"Transit",2023
"Kepler-1020 b","Kepler-1020",2.28000000,,96.91514960000,0.3759400000,325.00,2.3390,5227.00,0.870000,0.800000,1,1,"Transit",2016
"Kepler-1346 b","Kepler-1346",1.58000000,,3.40165668000,0.0440000000,1236.00,545.5750,6133.00,1.140000,1.210000,1,1,"Transit",2016
"TOI-1750 b","TOI-1750",2.78943837,,11.33727129656,,612.92,33.3520,4683.75,0.767000,0.768675,1,1,"Transit",2026
"HD 180314 b","HD 180314",12.00000000,,394.73000000000,1.4480000000,597.64,20.9853,4917.00,2.600000,9.200000,1,1,"Radial Velocity",2010
"Kepler-181 c","Kepler-181",1.99000000,,4.30214900000,0.0490000000,937.00,168.1880,5333.00,0.810000,0.749000,1,2,"Transit",2014
"Kepler-953 c","Kepler-953",1.19000000,,9.10967112000,0.0862000000,873.00,121.0400,5416.00,0.950000,0.990000,1,2,"Transit",2016
"TOI-1696 b","TOI-1696",3.09000000,4.88000000000000e+01,2.50031100000,0.0229000000,489.00,13.5000,3185.00,0.255000,0.277500,1,1,"Transit",2022
"TIC 77552382 b","TIC 77552382",5.69176189,,3.51025904942,,1433.88,701.7449,4981.07,0.830000,0.886956,1,1,"Transit",2026
"HD 96167 b","HD 96167",14.00000000,,498.04000000000,1.3320000000,333.63,2.0941,5733.00,1.270000,1.940000,2,1,"Radial Velocity",2009
"Kepler-1770 b","Kepler-1770",2.84141754,,16.84189987000,0.1261000000,699.00,56.4300,5602.00,0.941000,1.009000,1,1,"Transit",2021
"Kepler-292 e","Kepler-292",2.67000000,,11.97901000000,0.0970000000,678.00,50.9240,5299.00,0.865000,0.826000,1,5,"Transit",2014
"Kepler-154 b","Kepler-154",2.26000000,,33.04053200000,0.1980000000,561.00,28.1100,5690.00,0.933000,1.001000,1,5,"Transit",2014
"Kepler-1660 AB b","Kepler-1660 A",12.90000000,1.58659940774400e+03,239.50440000000,0.8000000000,415.08,7.2787,6305.24,1.136600,1.491000,2,1,"Eclipse Timing Variations",2023
"Kepler-379 b","Kepler-379",1.66000000,,20.09838000000,0.1520000000,775.00,90.3460,6054.00,1.125000,1.306000,1,2,"Transit",2014
"HAT-P-33 b","HAT-P-33",20.73665000,2.92403600000000e+02,3.47447000000,0.0499500000,1782.00,1701.3800,6446.00,1.820000,1.790000,2,1,"Transit",2011
"Kepler-567 b","Kepler-567",2.25000000,,16.54297375000,0.1229000000,611.00,26.1370,5148.00,0.840000,0.790000,1,1,"Transit",2016
"KIC 8121913 b","KIC 8121913",13.40000000,,3.29460100000,,,,5975.30,1.456000,2.233000,1,1,"Orbital Brightness Modulation",2021
"K2-198 d","K2-198",2.43800000,,7.45001770000,,943.20,,5212.90,0.799000,0.757000,1,3,"Transit",2019
"Kepler-176 e","Kepler-176",1.45000000,5.20750000000000e-01,51.16579000000,0.2565400000,398.00,6.2200,5295.00,0.870000,0.830000,1,4,"Transit",2016
"HD 109246 b","HD 109246",13.90000000,,68.27000000000,0.3300000000,507.43,11.5680,5844.00,1.200000,1.070000,1,1,"Radial Velocity",2010
"TOI-5489 c","TOI-5489",1.28000000,,4.92126000000,,536.00,13.8663,3547.00,0.410000,0.420000,1,2,"Transit",2025
"K2-415 b","K2-415",1.01500000,7.50000000000000e+00,4.01796940000,0.0270000000,412.40,4.8200,3173.00,0.163500,0.196500,1,1,"Transit",2023
"Kepler-800 b","Kepler-800",2.85000000,,14.13176026000,0.1106000000,675.00,44.8720,5315.00,0.850000,0.820000,1,1,"Transit",2016
"Kepler-327 c","Kepler-327",1.03000000,2.03000000000000e+01,5.21233300000,0.0470000000,537.00,28.2720,3799.00,0.591913,0.492000,1,3,"Transit",2014
"Kepler-28 c","Kepler-28",1.85700000,2.06000000000000e+00,8.99000000000,0.0751900000,509.00,35.8980,4499.30,0.684000,0.664000,1,2,"Transit",2011
"K2-271 b","K2-271",7.28000000,,8.56242100000,0.0770000000,893.00,133.8067,5644.00,0.830000,0.990000,1,1,"Transit",2018
"KMT-2018-BLG-0748L b","KMT-2018-BLG-0748L",9.01000000,6.00000000000000e+01,,0.6200000000,,,,0.087000,,1,1,"Microlensing",2020
"KMT-2024-BLG-1870L b","KMT-2024-BLG-1870L",13.80000000,3.36898111420000e+02,,3.1500000000,,,,0.670000,,1,1,"Microlensing",2026
"KMT-2017-BLG-0849L b","KMT-2017-BLG-0849L",2.41000000,6.39000000000000e+00,,2.7300000000,,,,0.190000,,1,1,"Microlensing",2024
"Kepler-1418 b","Kepler-1418",1.66000000,,22.47644250000,0.1310000000,419.00,7.2900,4770.00,0.770000,0.720000,1,1,"Transit",2016
"OGLE-2016-BLG-0613L AB b","OGLE-2016-BLG-0613L AB",13.00000000,1.33000000000000e+03,,6.4000000000,,,,0.720000,,2,1,"Microlensing",2017
"HD 9446 c","HD 9446",13.40000000,,192.90000000000,0.6540000000,345.42,2.5718,5793.00,1.000000,1.000000,1,2,"Radial Velocity",2009
"MASCARA-4 b","MASCARA-4",16.98160576,5.32362581725000e+02,2.82409320000,0.0474000000,2250.00,4913.6900,7800.00,1.750000,1.790000,2,1,"Transit",2020
"Kepler-1846 b","Kepler-1846",1.76378826,,14.82009983000,0.1105400000,552.00,24.5000,4825.00,0.785000,0.732000,1,1,"Transit",2021
"HD 147873 b","HD 147873",12.80000000,,116.59600000000,0.5220000000,603.16,21.9829,5972.00,1.380000,2.290000,2,2,"Radial Velocity",2016
"Kepler-224 e","Kepler-224",1.97000000,,18.64357700000,0.1240000000,517.00,18.7320,5018.00,0.777000,0.676000,1,4,"Transit",2014
"Kepler-1670 b","Kepler-1670",3.35648010,,20.49980000000,0.1528000000,731.00,67.6700,5838.00,1.050000,1.518890,1,1,"Transit",2020
"Kepler-92 c","Kepler-92",2.60000000,6.10000000000000e+00,26.72300000000,0.1905400000,781.00,106.2070,5883.00,1.210000,1.700000,1,3,"Transit",2013
"Kepler-1799 b","Kepler-1799",4.12801189,,11.92969990000,0.1028000000,770.00,83.0400,5831.00,1.016000,0.921000,1,1,"Transit",2021
"KMT-2021-BLG-0736L b","KMT-2021-BLG-0736L",4.86000000,2.10000000000000e+01,,4.0000000000,,,,0.600000,,1,1,"Microlensing",2025
"PSR B1620-26 b","PSR B1620-26",13.30000000,7.94575000000000e+02,,23.0000000000,,,,1.350000,,2,1,"Pulsar Timing",2003
"TYC 8998-760-1 b","TYC 8998-760-1",21.18497352,6.92865927260000e+03,,146.0000000000,2638.00,0.0000,4573.00,1.000000,1.020000,1,2,"Imaging",2020
"OGLE-2017-BLG-1434L b","OGLE-2017-BLG-1434L",1.94000000,4.43000000000000e+00,,1.1800000000,,,,0.234000,,1,1,"Microlensing",2018
"KMT-2019-BLG-2783L b","KMT-2019-BLG-2783L",13.70000000,3.68680952120000e+02,,1.8500000000,,,,0.340000,,1,1,"Microlensing",2023
"OGLE-2016-BLG-1093L b","OGLE-2016-BLG-1093L",14.00000000,2.25658168970000e+02,,2.1300000000,,,,0.460000,,1,1,"Microlensing",2022
"MOA-2010-BLG-117L b","MOA-2010-BLG-117L",14.20000000,1.70000000000000e+02,,2.4200000000,,,,0.580000,,1,1,"Microlensing",2018
"OGLE-2006-BLG-109L b","OGLE-2006-BLG-109L",14.00000000,2.31000000000000e+02,1788.50000000000,2.3000000000,82.00,,,0.510000,,1,2,"Microlensing",2008
"OGLE-2012-BLG-0406L b","OGLE-2012-BLG-0406L",13.20000000,8.68000000000000e+02,,3.4500000000,,,,0.440000,,1,1,"Microlensing",2013
"Kepler-1265 b","Kepler-1265",1.35000000,,6.49441289000,0.0612000000,732.00,58.1500,4630.00,0.710000,0.690000,1,1,"Transit",2016
"HD 332231 b","HD 332231",9.07303305,7.41000000000000e+01,18.71202400000,0.1450000000,798.30,98.0900,6128.00,1.164200,1.266000,1,1,"Transit",2020
"HD 233604 b","HD 233604",12.70000000,,192.00000000000,0.7470000000,882.50,100.7764,4791.00,1.500000,10.900000,1,1,"Radial Velocity",2013
"Kepler-1591 b","Kepler-1591",1.27000000,,8.18504949000,0.0794000000,892.00,439.4340,6082.00,1.100000,1.160000,1,1,"Transit",2016
"HD 22532 b","HD 22532",13.40000000,,872.60000000000,1.9000000000,420.41,5.2078,5038.00,1.570000,5.690000,1,1,"Radial Velocity",2022
"TOI-7189 b","TOI-7189",10.90000000,1.59040000000000e+02,2.89055000000,0.0329400000,738.00,49.3000,3775.00,0.612000,0.591000,1,1,"Transit",2026
"TOI-7265 B b","TOI-7265 B",10.70000000,2.24950000000000e+02,4.17232000000,0.0400700000,571.00,17.7000,3503.00,0.521000,0.497000,2,1,"Transit",2026
"KMT-2021-BLG-0322L b","KMT-2021-BLG-0322L",12.70000000,2.03410180480000e+03,,,,,,0.620000,,2,1,"Microlensing",2021
"MOA-2016-BLG-526L b","MOA-2016-BLG-526L",3.97000000,1.49379351290000e+01,,2.0700000000,,,,0.370000,,1,1,"Microlensing",2024
"TOI-6695 c","TOI-6695",13.60000000,,242.40000000000,0.8380000000,415.00,4.9413,6400.00,1.338000,1.517000,1,2,"Radial Velocity",2025
"Kepler-249 b","Kepler-249",1.09000000,,3.30653900000,0.0350000000,554.00,24.2600,3568.00,0.510238,0.482000,1,3,"Transit",2014
"OGLE-2018-BLG-1185L b","OGLE-2018-BLG-1185L",2.83000000,8.40000000000000e+00,,1.5400000000,,,,0.370000,,1,1,"Microlensing",2021
"WISEP J121756.91+162640.2 A b","WISEP J121756.91+162640.2 A",10.46800000,6.99200000000000e+03,,8.0000000000,450.00,0.0000,575.00,0.029000,0.091000,1,1,"Imaging",2012
"KMT-2024-BLG-0176L b","KMT-2024-BLG-0176L",14.00000000,2.41549589320000e+02,,1.3200000000,,,,0.103000,,1,1,"Microlensing",2026
"KMT-2021-BLG-1150L b","KMT-2021-BLG-1150L",13.90000000,2.79688998160000e+02,,4.5000000000,,,,0.730000,,1,1,"Microlensing",2023
"KMT-2017-BLG-1146L b","KMT-2017-BLG-1146L",14.00000000,2.30000000000000e+02,,1.6000000000,,,,0.330000,,1,1,"Microlensing",2019
"MOA-2007-BLG-400L b","MOA-2007-BLG-400L",13.50000000,5.40308291900000e+02,,5.9000000000,34.00,,,0.690000,,1,1,"Microlensing",2008
"UZ For b","UZ For",,2.00220000000000e+03,5840.00000000000,5.9000000000,,,5286.90,0.700000,,2,2,"Eclipse Timing Variations",2011
"TWA 7 b","TWA 7",12.70000000,1.08061658380000e+02,,52.0000000000,316.00,0.0000,3509.00,0.460000,0.917173,1,1,"Imaging",2025
"Kepler-1222 b","Kepler-1222",0.79000000,,1.91694425400,0.0280100000,1246.00,416.2310,5239.00,0.840000,0.800000,1,1,"Transit",2016
"Kepler-463 b","Kepler-463",3.05000000,,8.98101683300,0.0792500000,880.00,166.0390,5661.00,0.870000,0.900000,1,1,"Transit",2016
"TOI-2337 b","TOI-2337",10.08808263,5.08525451200000e+02,2.99432000000,,1272.46,619.5809,4780.00,1.325000,3.220000,1,1,"Transit",2022
"HD 202206 c","HD 202206",13.10000000,9.82089777630000e+02,1299.22000000000,2.3900000000,183.35,0.1908,5764.23,1.060000,1.040000,1,2,"Radial Velocity",2004
"MOA-2010-BLG-477L b","MOA-2010-BLG-477L",13.60000000,4.80000000000000e+02,,2.0000000000,,,5950.00,0.670000,,1,1,"Microlensing",2012
"OGLE-2017-BLG-1522L b","OGLE-2017-BLG-1522L",14.00000000,2.40000000000000e+02,,0.5900000000,,,,0.045000,,1,1,"Microlensing",2018
"Kepler-566 b","Kepler-566",2.15000000,,18.42794624000,0.1247000000,526.00,16.8790,5132.00,0.830000,0.790000,1,1,"Transit",2016
"Kepler-1224 b","Kepler-1224",1.33000000,,13.32351601000,0.1162500000,872.00,132.6630,6155.00,1.180000,1.220000,1,1,"Transit",2016
"WASP-149 b","WASP-149",15.24421375,3.14967951337000e+02,1.33281300000,0.0240000000,1855.00,1966.0000,5750.00,1.050000,1.080000,1,1,"Transit",2025
"KMT-2019-BLG-1042L b","KMT-2019-BLG-1042L",9.05000000,6.03873973300000e+01,,1.7000000000,,,,0.300000,,1,1,"Microlensing",2022
"KMT-2019-BLG-0298L b","KMT-2019-BLG-0298L",13.40000000,5.75269416670000e+02,,5.6700000000,,,,0.700000,,1,1,"Microlensing",2023
"WASP-60 b","WASP-60",9.86392000,1.74806500000000e+02,4.30500000000,0.0554800000,1479.00,925.4935,5900.00,1.190000,1.170000,1,1,"Transit",2012
"KMT-2019-BLG-0371L b","KMT-2019-BLG-0371L",12.60000000,2.44727873390000e+03,,0.7900000000,,,,0.090000,,1,1,"Microlensing",2021
"TOI-5916 b","TOI-5916",11.80000000,2.19000000000000e+02,2.36712341000,0.0278900000,716.00,43.8000,3541.00,0.518000,0.487000,1,1,"Transit",2026
"OGLE-2017-BLG-1237L b","OGLE-2017-BLG-1237L",13.00000000,1.20774794660000e+03,,2.5300000000,,,,0.460000,,1,1,"Microlensing",2024
"OGLE-2017-BLG-0640L b","OGLE-2017-BLG-0640L",13.50000000,5.14882019340000e+02,,1.1400000000,,,,0.320000,,1,1,"Microlensing",2024
"MXB 1658-298 b","MXB 1658-298",12.00000000,7.53257100000000e+03,760.00000000000,1.6130000000,,,,1.980000,,2,1,"Eclipse Timing Variations",2017
"KMT-2018-BLG-0029L b","KMT-2018-BLG-0029L",2.67000000,7.59000000000000e+00,,4.2700000000,,,,1.140000,,1,1,"Microlensing",2020
"Kepler-619 c","Kepler-619",1.69000000,,1.20846502600,0.0221600000,1767.00,1652.9070,5980.00,1.090000,1.110000,1,3,"Transit",2016
"Kepler-186 b","Kepler-186",1.07000000,,3.88679070000,0.0343000000,571.00,37.3720,3788.00,0.478000,0.472000,1,5,"Transit",2014
"K2-183 d","K2-183",2.30000000,,22.62034400000,0.1527000000,615.00,31.6618,5482.00,0.942219,0.870000,1,3,"Transit",2018
"Kepler-1677 b","Kepler-1677",2.70216183,,22.06400000000,0.1599000000,712.00,59.4000,6013.72,1.110000,1.249590,1,1,"Transit",2020
"KMT-2018-BLG-0087L b","KMT-2018-BLG-0087L",10.10000000,7.31005336100000e+01,,0.8700000000,,,,0.100000,,1,1,"Microlensing",2022
"KOI-55 c","KOI-55",0.86700000,6.55000000000000e-01,0.34288700000,0.0076000000,6910.74,396618.3609,27730.00,0.496000,0.203000,1,2,"Orbital Brightness Modulation",2011
"KMT-2024-BLG-1044L b","KMT-2024-BLG-1044L",2.70000000,7.75000000000000e+00,,,,,,0.069000,,1,1,"Microlensing",2024
"KMT-2019-BLG-0297L b","KMT-2019-BLG-0297L",12.10000000,6.03873973300000e+03,,0.9600000000,,,,0.210000,,1,1,"Microlensing",2023
"OGLE-2012-BLG-0724L b","OGLE-2012-BLG-0724L",14.30000000,1.50000000000000e+02,,1.6000000000,,,,0.290000,,1,1,"Microlensing",2016
"TOI-603 b","TOI-603",7.37000000,3.30000000000000e+01,16.17984600000,0.1282000000,899.00,157.0000,6027.00,1.240000,1.477000,1,1,"Transit",2026
"Kepler-1620 b","Kepler-1620",1.61000000,,101.95182900000,0.4322000000,428.00,7.9200,6157.00,1.150000,1.230000,1,1,"Transit",2016
"KMT-2019-BLG-0578L b","KMT-2019-BLG-0578L",13.70000000,3.81394088400000e+02,,2.0000000000,,,,0.280000,,1,1,"Microlensing",2025
"Kepler-85 e","Kepler-85",1.27000000,6.00000000000000e-01,25.21675100000,0.1630000000,559.00,24.3180,5436.00,0.947000,0.893000,1,4,"Transit",2014
"TOI-2128 b","TOI-2128",2.08874836,4.50000000000000e+00,16.34136000000,0.1270000000,780.53,86.2315,5968.00,1.025100,1.117400,1,1,"Transit",2024
"Kepler-1693 c","Kepler-1693",0.97698289,,5.36370992700,0.0588000000,1059.00,296.7300,5553.00,0.941000,1.098000,1,2,"Transit",2021
"TOI-5174 b","TOI-5174",5.35100000,,12.21428600000,,808.37,100.9112,5643.77,1.000000,1.094570,1,1,"Transit",2022
"WASP-172 b","WASP-172",17.59813000,1.49380100000000e+02,5.47743300000,0.0694000000,1740.00,1506.5000,6900.00,1.490000,1.910000,1,1,"Transit",2018
"Kepler-403 b","Kepler-403",1.25000000,,7.03146200000,0.0760000000,1194.00,689.4570,6090.00,1.299000,1.329000,1,3,"Transit",2014
"KMT-2022-BLG-2286L b","KMT-2022-BLG-2286L",12.10000000,6.03873973300000e+03,,2.0200000000,,,,0.200000,,1,1,"Microlensing",2024
"Kepler-1493 b","Kepler-1493",1.41000000,,15.02179830000,0.1197000000,874.00,137.9100,5863.00,1.060000,1.290000,1,1,"Transit",2016
"OGLE-2019-BLG-0249L b","OGLE-2019-BLG-0249L",12.70000000,2.26293825784000e+03,,1.8400000000,,,,0.910000,,1,1,"Microlensing",2023
"Kepler-137 c","Kepler-137",1.88000000,,18.73575300000,0.1300000000,568.00,29.7750,5187.00,0.850000,0.802000,1,2,"Transit",2014
"TOI-2114 b","TOI-2114",14.54925695,3.24184975140000e+02,6.20995900000,0.0760000000,1472.00,1130.0000,6400.00,1.309000,1.970000,1,1,"Transit",2026
"TOI-5806 b","TOI-5806",15.13212395,7.21470483890000e+02,3.18563810000,0.0484000000,1621.00,1660.0000,6730.00,1.333000,1.387000,2,1,"Transit",2026
"OGLE-2018-BLG-1011L c","OGLE-2018-BLG-1011L",13.20000000,8.90000000000000e+02,,0.8000000000,,,,0.180000,,1,2,"Microlensing",2019
"TOI-7169 b","TOI-7169",16.53324653,1.30309646870000e+02,3.43731250000,0.0428000000,1631.00,1169.0000,5714.00,0.885000,1.500000,1,1,"Transit",2026
"OGLE-2018-BLG-0677L b","OGLE-2018-BLG-0677L",1.82000000,3.96000000000000e+00,,0.6300000000,,,,0.120000,,1,1,"Microlensing",2020
"OGLE-2019-BLG-0679L b","OGLE-2019-BLG-0679L",13.10000000,1.06154687938000e+03,,6.9900000000,,,,0.660000,,1,1,"Microlensing",2023
"MOA-bin-1L b","MOA-bin-1L",13.00000000,1.20000000000000e+03,,8.3000000000,,,,0.750000,,1,1,"Microlensing",2012
"Kepler-365 b","Kepler-365",2.04000000,,10.66490300000,0.0980000000,865.00,132.1500,6012.00,1.020000,1.048000,1,2,"Transit",2014
"KMT-2020-BLG-0414L c","KMT-2020-BLG-0414L",11.90000000,8.58136698900000e+03,,22.3000000000,,,,0.490000,,1,2,"Microlensing",2021
"HD 11977 b","HD 11977",12.70000000,,711.00000000000,1.9300000000,547.97,18.5126,4970.00,1.910000,10.090000,1,1,"Radial Velocity",2005
"Kepler-1038 b","Kepler-1038",3.53000000,,148.46033820000,0.5238000000,285.00,1.5120,5335.00,0.870000,0.830000,1,2,"Transit",2016
"Kepler-250 c","Kepler-250",2.28000000,,7.15680400000,0.0690000000,782.00,71.4990,5160.00,0.806000,0.805000,1,3,"Transit",2014
"eps CrB b","eps CrB",12.70000000,,417.90000000000,1.3000000000,853.92,101.7001,4406.00,1.700000,21.000000,1,1,"Radial Velocity",2012
"TOI-521 b","TOI-521",1.98000000,5.30000000000000e+00,1.54285047000,0.0195000000,794.00,66.0000,3544.00,0.420000,0.421000,1,1,"Transit",2025
"OGLE-2015-BLG-0954L b","OGLE-2015-BLG-0954L",13.10000000,1.10000000000000e+03,,1.6000000000,,,,0.300000,,1,1,"Microlensing",2016
"KMT-2019-BLG-0953L b","KMT-2019-BLG-0953L",4.06000000,1.55000000000000e+01,,1.1000000000,,,,0.280000,,1,1,"Microlensing",2022
"OGLE-2017-BLG-1691L b","OGLE-2017-BLG-1691L",3.92000000,1.46201067220000e+01,,2.4100000000,,,,0.450000,,1,1,"Microlensing",2022
"alf Ari b","alf Ari",13.40000000,,380.80000000000,1.2000000000,747.22,59.6537,4553.00,1.500000,13.900000,1,1,"Radial Velocity",2010
"TOI-2180 b","TOI-2180",11.32107051,8.75617261285000e+02,260.79000000000,0.8280000000,348.00,2.7100,5695.00,1.111000,1.636000,1,1,"Transit",2022
"KMT-2024-BLG-0404L c","KMT-2024-BLG-0404L",4.33000000,1.73000000000000e+01,,,,,,0.090000,,1,2,"Microlensing",2025
"OGLE-2018-BLG-1428L b","OGLE-2018-BLG-1428L",14.00000000,2.40000000000000e+02,,3.3000000000,,,,0.430000,,1,1,"Microlensing",2021
"KMT-2021-BLG-1689L b","KMT-2021-BLG-1689L",7.71000000,4.60000000000000e+01,,2.5000000000,,,4570.00,0.580000,,1,1,"Microlensing",2022
"MOA-2010-BLG-073L b","MOA-2010-BLG-073L",12.40000000,3.50000000000000e+03,,1.2100000000,,,,0.160000,,1,1,"Microlensing",2012
"KMT-2017-BLG-2197L b","KMT-2017-BLG-2197L",12.50000000,2.80960311788000e+03,,15.9100000000,,,,0.360000,,1,1,"Microlensing",2025
"KMT-2018-BLG-1988L b","KMT-2018-BLG-1988L",2.22000000,5.56000000000000e+00,,3.0900000000,,,,0.470000,,1,1,"Microlensing",2022
"Kepler-302 b","Kepler-302",4.06000000,,30.18410400000,0.1930000000,634.00,31.2470,5740.00,1.021000,1.220000,1,2,"Transit",2014
"GJ 3779 b","GJ 3779",2.75000000,,3.02320000000,0.0260000000,526.94,12.8254,3324.00,0.270000,0.281000,1,1,"Radial Velocity",2018
"Kepler-985 b","Kepler-985",2.98000000,,116.33190100000,0.4466400000,323.00,2.4000,5434.00,0.910000,0.850000,1,1,"Transit",2016
"Kepler-248 b","Kepler-248",3.02000000,,6.30820500000,0.0660000000,819.00,79.3110,5190.00,0.838000,0.831000,1,2,"Transit",2014
"Kepler-836 b","Kepler-836",2.73000000,,11.36112327000,0.1013000000,869.00,135.7970,5895.00,1.030000,1.040000,1,1,"Transit",2016
"TOI-1224 c","TOI-1224",2.88400000,,17.94546600000,,303.12,1.9952,3326.00,0.400000,0.404000,1,2,"Transit",2024
"Kepler-142 d","Kepler-142",2.16000000,,41.80911800000,0.2420000000,582.00,22.0720,5790.00,0.978000,1.269000,1,3,"Transit",2014
"OGLE-2019-BLG-0304L b","OGLE-2019-BLG-0304L",14.20000000,1.62092487570000e+02,,1.2300000000,,,,0.270000,,2,1,"Microlensing",2021
"MOA-2022-BLG-563L b","MOA-2022-BLG-563L",14.00000000,1.27131362800000e+02,,2.1500000000,,,,0.480000,,1,1,"Microlensing",2024
"KMT-2021-BLG-2010L b","KMT-2021-BLG-2010L",13.80000000,3.40076395490000e+02,,1.7900000000,,,,0.370000,,1,1,"Microlensing",2023
"KMT-2024-BLG-1005L b","KMT-2024-BLG-1005L",12.10000000,6.67439654700000e+03,,0.7800000000,,,,0.055000,,1,1,"Microlensing",2025
"KMT-2021-BLG-1077L c","KMT-2021-BLG-1077L",10.60000000,7.94571017500000e+01,,0.9300000000,,,,0.140000,,1,2,"Microlensing",2022
"Kepler-1676 b","Kepler-1676",3.37695960,,29.92210000000,0.1954000000,782.00,33.4500,5878.30,1.070000,1.060660,1,1,"Transit",2020
"K2-65 b","K2-65",1.58000000,,12.64750000000,0.1014000000,723.51,45.0000,5213.00,0.870000,0.840000,1,1,"Transit",2016
"OGLE-2018-BLG-0799L b","OGLE-2018-BLG-0799L",10.90000000,8.26353858200000e+01,,1.2800000000,,,,0.093000,,1,1,"Microlensing",2022
"KMT-2023-BLG-0466L b","KMT-2023-BLG-0466L",13.10000000,1.03294232275000e+03,,2.6800000000,,,,0.440000,,1,1,"Microlensing",2026
"BD+63 1405 b","BD+63 1405",12.40000000,3.30541543280000e+03,1198.48000000000,2.0600000000,150.69,0.0911,5000.00,0.816000,0.804724,1,1,"Radial Velocity",2021
"WASP-73 b","WASP-73",15.91678000,9.08993800000000e+02,4.08722000000,0.0551200000,1790.00,2242.3605,6030.00,2.520000,2.550000,1,1,"Transit",2014
"Kepler-733 b","Kepler-733",2.82000000,,20.83424726000,0.1483000000,595.00,24.5070,5418.00,0.900000,0.860000,1,1,"Transit",2016
"Kepler-124 d","Kepler-124",1.11000000,,30.95085100000,0.1700000000,428.00,10.4990,4984.00,0.706000,0.636000,1,3,"Transit",2014
"Kepler-244 c","Kepler-244",2.05000000,,9.76729200000,0.0870000000,791.00,81.5740,5554.00,0.933000,0.803000,1,3,"Transit",2014
"Kepler-2001 c","Kepler-2001",1.82000000,,14.09258318900,0.1084000000,597.00,30.1000,5081.00,0.864000,0.770000,1,2,"Transit",2023
"KMT-2021-BLG-0852L b","KMT-2021-BLG-0852L",14.20000000,1.55735919430000e+02,,7.7800000000,,,,0.750000,,1,1,"Microlensing",2026
"Kepler-32 b","Kepler-32",2.20000000,1.30300000000000e+03,5.90124000000,0.0500000000,514.00,22.0250,3900.00,0.580000,0.530000,1,5,"Transit",2011
"TOI-5108 b","TOI-5108",6.60000000,3.20000000000000e+01,6.75358100000,0.0730000000,1180.00,122.7850,5808.00,1.100000,1.290000,1,1,"Transit",2025
"KMT-2016-BLG-2605L b","KMT-2016-BLG-2605L",14.00000000,2.45045701797000e+02,,0.6810000000,,,,0.064000,,1,1,"Microlensing",2021
"OGLE-2018-BLG-0977L b","OGLE-2018-BLG-0977L",2.41000000,6.40000000000000e+00,,2.0000000000,,,,0.470000,,1,1,"Microlensing",2022
"OGLE-2007-BLG-368L b","OGLE-2007-BLG-368L",4.72000000,2.00000000000000e+01,,2.8000000000,,,,0.640000,,1,1,"Microlensing",2009
"MOA-2011-BLG-262L b","MOA-2011-BLG-262L",4.29000000,1.70000000000000e+01,,0.9500000000,,,,0.110000,,1,1,"Microlensing",2014
"Kepler-132 c","Kepler-132",1.28000000,,6.41491400000,0.0680000000,1069.00,271.0000,6003.00,0.929000,1.178000,2,4,"Transit",2014
"KMT-2025-BLG-0481L b","KMT-2025-BLG-0481L",14.10000000,1.87518760130000e+02,,2.1800000000,,,,0.220000,,1,1,"Microlensing",2026
"KMT-2019-BLG-1339L b","KMT-2019-BLG-1339L",13.70000000,3.97000000000000e+02,,2.1500000000,,,,0.480000,,1,1,"Microlensing",2020
"OGLE-2017-BLG-1140L b","OGLE-2017-BLG-1140L",13.50000000,5.05000000000000e+02,,1.0200000000,,,,0.211000,,1,1,"Microlensing",2018
"KMT-2022-BLG-1790L b","KMT-2022-BLG-1790L",13.50000000,5.49843144110000e+02,,5.2500000000,,,,0.580000,,1,1,"Microlensing",2025
"KMT-2018-BLG-1996L b","KMT-2018-BLG-1996L",13.70000000,3.46432963630000e+02,,4.2700000000,,,,0.690000,,1,1,"Microlensing",2021
"Kepler-47 b","Kepler-47",3.05000000,2.07000000000000e+00,49.46430000000,0.2877000000,490.20,10.1419,5636.00,0.957000,0.936000,2,3,"Transit",2012
"HD 190007 b","HD 190007",4.06000000,,11.72412800000,0.0920000000,651.41,24.6845,4610.00,0.770000,0.790000,1,1,"Radial Velocity",2020
"Kepler-1219 b","Kepler-1219",2.12000000,,16.10467749000,0.1414600000,1159.00,430.6910,5944.00,1.250000,1.940000,1,1,"Transit",2016
"Kepler-1808 b","Kepler-1808",3.02511302,,23.34040070000,0.1467000000,601.00,30.9400,5530.00,0.773000,0.892000,1,1,"Transit",2021
"Kepler-824 b","Kepler-824",1.87000000,,4.51436633000,0.0550000000,1231.00,454.6040,6035.00,1.150000,1.220000,1,1,"Transit",2016
"HD 95089 b","HD 95089",13.70000000,,464.40000000000,1.3600000000,458.34,7.2989,4918.00,1.540000,5.080000,1,2,"Radial Velocity",2009
"Kepler-610 c","Kepler-610",3.30000000,,151.86392000000,0.5594000000,318.00,2.2970,5943.00,1.100000,1.130000,1,2,"Transit",2016
"Kepler-410 A b","Kepler-410 A",2.83800000,,17.83364800000,0.1226000000,866.00,159.5000,6273.00,1.214000,1.352000,2,1,"Transit",2013
"DMPP-6 b","DMPP-6",2.28000000,,7.60270000000,0.0779000000,1203.65,340.6970,6182.09,1.079000,1.270000,1,2,"Radial Velocity",2026
"Gaia22dkvL b","Gaia22dkvL",14.10000000,1.87836588537000e+02,,1.4000000000,,,,1.145000,,1,1,"Microlensing",2024
"MOA-2022-BLG-249L b","MOA-2022-BLG-249L",2.04000000,4.83000000000000e+00,,1.6300000000,,,,0.180000,,1,1,"Microlensing",2023
"Kepler-1063 b","Kepler-1063",1.49000000,,14.07971466000,0.1176000000,931.00,54.9300,5945.00,1.090000,1.140000,2,1,"Transit",2016
"KMT-2021-BLG-1303L b","KMT-2021-BLG-1303L",13.60000000,1.20774794660000e+02,,2.8900000000,,,,0.570000,,1,1,"Microlensing",2022
"OGLE-2018-BLG-0596L b","OGLE-2018-BLG-0596L",3.81000000,1.39300000000000e+01,,0.9700000000,,,,0.231000,,1,1,"Microlensing",2019
"KMT-2023-BLG-0830L b","KMT-2023-BLG-0830L",4.41000000,1.77983907920000e+01,,1.7000000000,,,,0.220000,,1,1,"Microlensing",2025
"KMT-2023-BLG-0735L b","KMT-2023-BLG-0735L",6.97000000,3.87750656540000e+01,,2.9600000000,,,,0.610000,,1,1,"Microlensing",2024
"KMT-2021-BLG-0320L b","KMT-2021-BLG-0320L",6.20000000,3.17828407000000e+01,,1.5400000000,,,,0.320000,,1,1,"Microlensing",2022
"OGLE-2023-BLG-0766L b","OGLE-2023-BLG-0766L",13.70000000,3.49611247700000e+02,,2.5000000000,,,,0.390000,,1,1,"Microlensing",2026
"Kepler-1628 b","Kepler-1628",6.43000000,,76.37803300000,0.2952000000,240.00,0.7900,3724.00,0.550000,0.520000,1,1,"Transit",2016
"OGLE2-TR-L9 b","OGLE2-TR-L9",18.04600000,1.43017500000000e+03,2.48553350000,0.0308000000,2034.00,4135.4482,6933.00,1.520000,1.530000,1,1,"Transit",2008
"TOI-5736 b","TOI-5736",1.56000000,,0.64899000000,,1311.00,493.4827,3949.00,0.570000,0.580000,1,1,"Transit",2025
"Kepler-1577 b","Kepler-1577",1.13000000,,6.30560247000,0.0657000000,1125.00,57.7510,4862.00,0.780000,0.740000,1,1,"Transit",2016
"K2-13 b","K2-13",1.89000000,,39.91488000000,0.2114000000,511.00,22.8000,5698.00,0.800000,0.780000,1,1,"Transit",2015
"TOI-1533 b","TOI-1533",2.89000000,2.81000000000000e+01,3.64579740000,0.0445000000,1011.00,173.9080,5146.00,0.880000,0.849000,1,2,"Transit",2026
"Kepler-675 b","Kepler-675",2.44000000,,2.33743801000,0.0325000000,1070.00,308.5470,4945.00,0.790000,0.750000,1,1,"Transit",2016
"Kepler-1489 c","Kepler-1489",0.51000000,,0.68074100000,,,,5565.53,0.977000,0.957000,1,2,"Transit",2024
"K2-190 c","K2-190",1.09308317,,21.57402300000,,,,5631.00,0.904597,0.912206,1,2,"Transit",2018
"Kepler-276 c","Kepler-276",2.90000000,1.66000000000000e+01,31.88400000000,0.1861900000,563.00,19.7930,5693.00,1.100000,1.030000,1,3,"Transit",2013
"HD 148164 b","HD 148164",13.70000000,,328.55000000000,0.9930000000,337.89,2.1682,6032.00,1.210000,1.340000,1,2,"Radial Velocity",2018
"Kepler-1996 b","Kepler-1996",2.26000000,,32.37618300000,0.1789000000,392.00,5.6100,4580.00,0.748000,0.675000,1,2,"Transit",2023
"HIP 107772 b","HIP 107772",3.64000000,,55.19900000000,0.2430000000,280.92,1.1630,4006.00,0.630000,0.513922,1,1,"Radial Velocity",2020
"Kepler-446 c","Kepler-446",1.11000000,,3.03617900000,0.0283000000,520.00,6.7050,3359.00,0.220000,0.240000,1,3,"Transit",2015
"KIC 3526061 b","KIC 3526061",12.10000000,,3552.00000000000,5.1400000000,248.63,0.6208,4829.00,1.420000,5.860000,1,1,"Radial Velocity",2022
"HD 11964 c","HD 11964",5.38000000,,37.91000000000,0.2290000000,757.54,54.8750,5303.00,0.910000,2.009710,2,2,"Radial Velocity",2008
"Kepler-1482 b","Kepler-1482",1.01000000,,12.25383217000,0.0996800000,678.00,86.4990,5381.00,0.880000,0.840000,1,1,"Transit",2016
"TOI-5515 b","TOI-5515",2.65362762,,8.59225810839,,778.10,86.6267,5483.65,0.963000,0.835682,1,1,"Transit",2026
"TOI-2184 b","TOI-2184",11.39953337,2.06588464550000e+02,6.90683000000,,1676.05,1429.0000,5966.00,1.530000,2.900000,1,1,"Transit",2022
"HD 102329 c","HD 102329",13.50000000,,1123.00000000000,,,,4830.00,1.300000,6.300000,1,2,"Radial Velocity",2016
"HD 39194 b","HD 39194",1.99000000,,5.63692000000,0.0589500000,915.16,112.2269,5205.00,0.860000,0.783742,1,3,"Radial Velocity",2021
"HD 199509 b","HD 199509",7.43000000,,99.62167000000,0.4260000000,410.73,4.5393,5796.02,1.040000,0.920000,1,1,"Radial Velocity",2022
"Kepler-325 d","Kepler-325",2.79000000,,38.71518500000,0.2200000000,498.00,12.0830,5752.00,0.914000,1.003000,1,3,"Transit",2014
"Kepler-1940 b","Kepler-1940",1.54732469,,4.95061016100,0.0525000000,885.00,145.2300,5431.00,0.802000,0.717000,1,1,"Transit",2021
"TOI-2545 b","TOI-2545",2.75000000,,7.99403700000,,1022.99,258.8217,5846.29,1.055000,1.253240,1,1,"Transit",2022
"Kepler-1612 b","Kepler-1612",1.03000000,,3.91795101000,0.0482000000,1030.00,269.2480,5643.00,0.960000,0.940000,1,1,"Transit",2016
"HD 136352 c","HD 136352",2.91600000,1.12400000000000e+01,27.59221000000,0.1721000000,677.00,35.1000,5664.00,0.870000,1.058000,1,3,"Radial Velocity",2019
"EPIC 201615463 c","K2-166",1.22000000,,3.80464000000,,,,5960.00,1.073000,1.610000,1,2,"Transit",2019
"Kepler-225 b","Kepler-225",1.20000000,,6.73897500000,0.0560000000,579.00,38.8830,3682.00,0.593000,0.480000,1,2,"Transit",2014
"HD 20868 b","HD 20868",13.70000000,,380.85001000000,0.9500000000,207.11,0.3278,4802.00,0.390000,0.760000,1,1,"Radial Velocity",2008
"Kepler-1930 b","Kepler-1930",1.52955541,,13.02680016000,0.1023300000,643.00,31.6000,5083.00,0.844000,0.844000,1,1,"Transit",2021
"Kepler-1439 b","Kepler-1439",1.46000000,,8.07392849000,0.0594000000,420.00,9.0810,3578.00,0.460000,0.430000,1,1,"Transit",2016
"HD 155193 b","HD 155193",14.00000000,,352.65000000000,1.0400000000,391.86,4.0461,6239.00,1.221000,1.764390,1,1,"Radial Velocity",2021
"TOI-1266 c","TOI-1266",1.98000000,3.17000000000000e+00,18.80270000000,0.1050000000,346.00,2.4200,3563.00,0.437000,0.423200,1,3,"Transit",2020
"Kepler-1536 b","Kepler-1536",3.14000000,,364.75803100000,0.8507000000,166.00,0.1930,4434.00,0.710000,0.670000,1,1,"Transit",2016
"HD 134987 b","HD 134987",13.50000000,,258.17999000000,0.8100000000,339.45,2.7435,5736.00,1.100000,1.220000,1,2,"Radial Velocity",1999
"Kepler-961 b","Kepler-961",2.55000000,,16.87727414000,0.1258500000,642.00,40.4000,5582.00,0.960000,0.900000,1,1,"Transit",2016
"TOI-262 b","TOI-262",2.07000000,,11.14529000000,0.1630000000,584.00,56.9133,5310.00,0.913000,0.853000,1,1,"Transit",2023
"Kepler-539 b","Kepler-539",8.37312300,3.08295100000000e+02,125.63243000000,0.4988000000,387.60,3.6810,5820.00,1.048000,0.952000,1,2,"Transit",2016
"HD 5278 c","HD 5278",4.49000000,,40.87000000000,0.2416000000,664.95,32.6706,6203.00,1.126000,1.194000,1,2,"Radial Velocity",2021
"Kepler-319 c","Kepler-319",2.63000000,,6.94135700000,0.0690000000,876.00,136.3430,5526.00,0.933000,0.903000,1,3,"Transit",2014
"HD 179079 b","HD 179079",,4.19533497240000e+03,14.47900000000,0.1214000000,997.61,162.7656,5646.00,1.140000,1.630000,1,1,"Radial Velocity",2008
"Kepler-1099 b","Kepler-1099",2.83000000,,2.16845259300,0.0337000000,1558.00,766.3440,5837.00,1.010000,1.000000,1,1,"Transit",2016
"Kepler-244 d","Kepler-244",2.31000000,1.52000000000000e+01,20.05040100000,0.1400000000,622.00,31.2670,5554.00,0.933000,0.803000,1,3,"Transit",2014
"NY Vir c","NY Vir",12.80000000,,8799.00000000000,,,,32780.00,0.459000,0.151000,2,2,"Eclipse Timing Variations",2019
"Kepler-377 b","Kepler-377",1.39000000,,12.50952900000,0.1090000000,875.00,139.1120,5949.00,1.043000,1.224000,1,2,"Transit",2014
"Kepler-879 b","Kepler-879",2.57000000,,33.38559380000,0.2012000000,580.00,29.1280,5792.00,1.020000,1.020000,1,2,"Transit",2016
"Kepler-705 b","Kepler-705",2.11000000,,56.05605380000,0.2320000000,265.00,0.7290,3722.00,0.530000,0.510000,1,1,"Transit",2016
"Kepler-163 c","Kepler-163",2.26000000,,21.34726200000,0.1520000000,648.00,30.2380,5776.00,0.882000,0.917000,1,2,"Transit",2014
"TOI-778 b","TOI-778",15.40000000,8.78000000000000e+02,4.63361100000,0.0600000000,1561.00,734.6720,6643.00,1.400000,1.710000,1,1,"Transit",2023
"Kepler-1355 b","Kepler-1355",1.46000000,,1.28958811200,0.0224000000,1448.00,944.8730,5352.00,0.880000,0.830000,1,1,"Transit",2016
"Kepler-1542 e","Kepler-1542",0.76000000,,5.10115756000,0.0564900000,1065.00,369.9990,5564.00,0.940000,0.990000,1,4,"Transit",2016
"Kepler-1579 b","Kepler-1579",0.84000000,,0.84990788900,0.0140000000,1139.00,396.6400,4584.00,0.750000,0.700000,1,1,"Transit",2016
"K2-264 c","K2-264",2.66800000,,19.66030200000,0.1128300000,331.00,2.5922,3660.00,0.496000,0.473000,1,2,"Transit",2018
"Kepler-1073 d","Kepler-1073",1.48770949,,2.50476002700,0.0352000000,1369.00,828.5900,5509.00,0.924000,1.116000,1,3,"Transit",2021
"Kepler-510 b","Kepler-510",2.47000000,,19.55659418000,0.1352000000,797.00,114.3890,5746.00,0.910000,1.410000,1,1,"Transit",2016
"HD 164509 b","HD 164509",14.30000000,,280.17000000000,0.8700000000,319.12,1.7417,5859.00,1.120000,1.110000,2,1,"Radial Velocity",2012
"TIC 34085383 b","TIC 34085383",3.91982296,,3.47793368523,,,,4694.84,0.733000,0.809951,1,1,"Transit",2026
"TYC 3667-1280-1 b","TYC 3667-1280-1",12.80000000,,26.46800000000,0.2100000000,1350.00,543.9530,5130.00,1.870000,6.260000,1,1,"Radial Velocity",2016
"HATS-59 c","HATS-59",12.30000000,,1422.00000000000,2.5040000000,175.90,0.1590,5670.00,1.038000,1.036000,1,2,"Radial Velocity",2018
"Kepler-1605 b","Kepler-1605",1.08000000,,85.75654950000,0.3656700000,528.00,16.7340,5280.00,0.860000,0.820000,1,1,"Transit",2016
"Ross 458 c","Ross 458",14.01125000,1.90698000000000e+03,,1100.0000000000,4.32,0.0000,3965.42,0.556419,0.562566,2,1,"Imaging",2010
"SR 12 AB c","SR 12 AB",12.30000000,4.13162000000000e+03,,,,,3828.93,,1.103075,2,1,"Imaging",2010
"HD 187123 b","HD 187123",14.20000000,,3.09658280000,0.0426000000,1450.90,738.4255,5790.00,1.040000,1.150430,1,2,"Radial Velocity",1998
"OGLE-TR-132 b","OGLE-TR-132",13.45000000,3.75020000000000e+02,1.68986800000,0.0303500000,2013.00,2550.8364,6210.00,1.305000,1.320000,1,1,"Transit",2004
"OGLE-TR-56 b","OGLE-TR-56",15.27800000,4.41770000000000e+02,1.21191890000,0.0238300000,2212.00,3942.3204,6050.00,1.228000,1.363000,1,1,"Transit",2002
"WASP-156 b","WASP-156",6.15000000,4.20000000000000e+01,3.83616290000,0.0460000000,934.50,150.0000,5036.00,0.871200,0.826800,1,1,"Transit",2017
"HD 22781 b","HD 22781",12.30000000,,528.07000000000,1.1670000000,193.48,0.2456,5027.00,0.750000,0.743475,1,1,"Radial Velocity",2011
"Kepler-16 b","Kepler-16",8.44930000,1.05833000000000e+02,228.77600000000,0.7048000000,205.90,0.2517,4450.00,0.689700,0.648900,2,1,"Transit",2011
"Kepler-27 c","Kepler-27",4.90000000,4.38587000000000e+03,31.33090000000,0.1910000000,481.00,11.0670,5400.00,0.650000,0.590000,1,3,"Transit",2011
"WASP-23 b","WASP-23",10.78300000,2.80950000000000e+02,2.94442560000,0.0376000000,1076.55,317.4314,5150.00,0.780000,0.765000,1,1,"Transit",2010
"Kepler-27 b","Kepler-27",4.00000000,2.89531000000000e+03,15.33480000000,0.1180000000,610.00,28.6810,5400.00,0.650000,0.590000,1,3,"Transit",2011
"HD 114783 b","HD 114783",13.70000000,,493.70000000000,1.1600000000,210.79,0.3152,5135.00,0.853000,0.840622,1,2,"Radial Velocity",2001
"HD 19994 b","HD 19994",13.60000000,,466.20000000000,1.3050000000,350.10,2.2324,6188.00,1.365000,1.796470,3,1,"Radial Velocity",2003
"47 UMa b","47 UMa",13.20000000,,1078.00000000000,2.1000000000,215.23,0.3576,5872.00,1.060000,1.213340,1,3,"Radial Velocity",1996
"Kepler-18 c","Kepler-18",5.49000000,1.73000000000000e+01,7.64159000000,0.0752000000,899.00,126.0810,5345.00,0.972000,1.108000,1,3,"Transit",2011
"Kepler-18 b","Kepler-18",2.00000000,6.90000000000000e+00,3.50472500000,0.0447000000,1165.00,355.7350,5345.00,0.972000,1.108000,1,3,"Transit",2011
"Kepler-31 c","Kepler-31",5.30000000,1.49370000000000e+03,42.63180000000,0.2600000000,615.00,35.2540,6340.00,1.210000,1.220000,1,3,"Transit",2011
"Kepler-32 e","Kepler-32",1.50000000,4.08181000000000e+00,2.89600000000,0.0330000000,652.00,56.6490,3900.00,0.580000,0.530000,1,5,"Transit",2012
"61 Vir b","61 Vir",2.11000000,,4.21500000000,0.0502010000,1177.85,318.8418,5577.00,0.942000,0.963000,1,3,"Radial Velocity",2009
"61 Vir c","61 Vir",4.46000000,,38.02100000000,0.2175000000,565.87,16.9856,5577.00,0.942000,0.963000,1,3,"Radial Velocity",2009
"47 UMa d","47 UMa",13.50000000,,14002.00000000000,11.6000000000,91.58,0.0117,5872.00,1.060000,1.213340,1,3,"Radial Velocity",2009
"47 UMa c","47 UMa",14.20000000,,2391.00000000000,3.6000000000,164.38,0.1217,5872.00,1.060000,1.213340,1,3,"Radial Velocity",2001
"BD-08 2823 c","BD-08 2823",12.50000000,,237.60000000000,0.6800000000,233.85,0.5117,4746.00,0.740000,0.710000,1,2,"Radial Velocity",2009
"CoRoT-23 b","CoRoT-23",11.77000000,8.89900000000000e+02,3.63130000000,0.0480000000,1660.00,530.0221,5900.00,1.140000,1.610000,1,1,"Transit",2011
"Kepler-18 d","Kepler-18",6.98000000,1.64000000000000e+01,14.85888000000,0.1172000000,720.00,51.9220,5345.00,0.972000,1.108000,1,3,"Transit",2011
"HATS-1 b","HATS-1",14.59400000,5.89550000000000e+02,3.44645900000,0.0444000000,1359.00,489.9461,5870.00,0.986000,1.038000,1,1,"Transit",2012
"HD 47186 c","HD 47186",13.00000000,,1353.60000000000,2.3950000000,183.18,0.1925,5657.00,0.960000,1.080000,1,2,"Radial Velocity",2008
"HD 196885 A b","HD 196885 A",13.20000000,,1333.00000000000,2.3700000000,224.21,0.4271,6254.00,1.280000,1.310000,2,1,"Radial Velocity",2007
"CoRoT-6 b","CoRoT-6",13.06800000,9.40740000000000e+02,8.88659300000,0.0855000000,1017.00,145.1436,6090.00,1.050000,1.025000,1,1,"Transit",2009
"HR 8799 b","HR 8799",13.00000000,2.00000000000000e+03,170000.00000000000,68.0000000000,1200.00,0.0011,7204.58,1.500000,1.493380,1,4,"Imaging",2008
"HAT-P-37 b","HAT-P-37",13.20400000,3.71528000000000e+02,2.79743600000,0.0379000000,1271.00,412.3914,5500.00,0.929000,0.877000,1,1,"Transit",2011
"Kepler-42 b","Kepler-42",0.78000000,7.05944000000000e-01,1.21376720000,0.0116000000,519.00,22.3880,3068.00,0.130000,0.170000,1,3,"Transit",2011
"Kepler-32 d","Kepler-32",2.70000000,3.99089000000000e+01,22.78020000000,0.1300000000,328.00,3.6310,3900.00,0.580000,0.530000,1,5,"Transit",2012
"Kepler-32 f","Kepler-32",0.82000000,1.86211000000000e+03,0.74296000000,0.0130000000,1026.00,349.6450,3900.00,0.580000,0.530000,1,5,"Transit",2012
"BD+20 2457 b","BD+20 2457",12.10000000,,379.63000000000,1.4500000000,1159.67,703.4998,4137.00,2.800000,49.000000,1,2,"Radial Velocity",2009
"HR 8799 d","HR 8799",13.00000000,3.00000000000000e+03,37000.00000000000,24.0000000000,1300.00,0.0085,7204.58,1.500000,1.493380,1,4,"Imaging",2008
"GJ 179 b","GJ 179",13.80000000,3.01936986650000e+02,2288.00000000000,2.4100000000,64.53,0.0028,3370.00,0.357000,0.380000,1,1,"Radial Velocity",2009
"SWEEPS-4 b","SWEEPS-4",9.07900000,1.20770000000000e+03,4.20000000000,0.0550000000,,,,1.240000,1.180000,1,1,"Transit",2006
"Kepler-42 c","Kepler-42",0.73000000,6.03370000000000e+01,0.45328509000,0.0060000000,720.00,82.1250,3068.00,0.130000,0.170000,1,3,"Transit",2011
"Kepler-33 c","Kepler-33",3.20000000,3.90000000000000e-01,13.17562000000,0.1189000000,1009.00,241.7590,5904.00,1.291000,1.820000,1,5,"Transit",2011
"Kepler-35 b","Kepler-35",8.16000000,4.03630000000000e+01,131.45800000000,0.6034700000,352.89,2.5804,5606.00,0.887700,1.028400,2,1,"Transit",2011
"CoRoT-16 b","CoRoT-16",13.11000000,1.70032000000000e+02,5.35227000000,0.0618000000,1195.53,96.1756,5650.00,1.098000,1.190000,1,1,"Transit",2011
"HD 240210 b","HD 240210",12.80000000,,501.75000000000,1.1600000000,970.67,26.3684,4297.00,0.820000,25.456816,1,1,"Radial Velocity",2009
"BD+20 2457 c","BD+20 2457",12.40000000,,621.99000000000,2.0100000000,984.96,366.1069,4137.00,2.800000,49.000000,1,2,"Radial Velocity",2009
"HD 110014 b","HD 110014",12.40000000,,835.47700000000,2.1400000000,669.84,43.9799,4445.00,2.170000,20.900000,1,1,"Radial Velocity",2009
"HIP 5158 b","HIP 5158",13.60000000,,345.72000000000,0.8900000000,219.65,0.1389,4962.00,0.780000,0.750000,1,2,"Radial Velocity",2009
"Kepler-33 e","Kepler-33",4.02000000,5.57000000000000e+00,31.78440000000,0.2138000000,752.00,74.7200,5904.00,1.291000,1.820000,1,5,"Transit",2011
"Kepler-33 d","Kepler-33",5.35000000,3.91000000000000e+00,21.77596000000,0.1662000000,853.00,123.6910,5904.00,1.291000,1.820000,1,5,"Transit",2011
"BD+20 274 b","BD+20 274",13.00000000,,578.20000000000,1.3000000000,755.70,53.9651,4296.00,0.800000,17.300000,1,1,"Radial Velocity",2012
"KELT-1 b","KELT-1",12.44200000,8.65415000000000e+03,1.21751400000,0.0246600000,2361.00,5165.9200,6516.00,1.335000,1.471000,1,1,"Transit",2012
"CoRoT-5 b","CoRoT-5",15.55800000,1.48420000000000e+02,4.03789620000,0.0494700000,1438.00,786.2949,6100.00,1.000000,1.186000,1,1,"Transit",2009
"HD 134987 c","HD 134987",13.90000000,,5000.00000000000,5.8000000000,125.03,0.0535,5585.00,1.100000,1.250000,1,2,"Radial Velocity",2009
"HD 147018 b","HD 147018",13.40000000,,44.23600000000,0.2388000000,519.98,12.4842,5441.00,0.927000,0.937948,1,2,"Radial Velocity",2009
"Kepler-33 f","Kepler-33",4.46000000,9.60000000000000e+00,41.02902000000,0.2535000000,691.00,53.1830,5904.00,1.291000,1.820000,1,5,"Transit",2011
"Kepler-31 b","Kepler-31",5.50000000,3.67418000000000e+01,20.86130000000,0.1600000000,781.00,91.4740,6340.00,1.210000,1.220000,1,3,"Transit",2011
"Kepler-34 b","Kepler-34",8.56400000,6.99200000000000e+01,288.82200000000,1.0896000000,294.42,1.2545,5913.00,1.047900,1.161800,2,1,"Transit",2011
"HD 45350 b","HD 45350",13.50000000,,963.60000000000,1.9200000000,217.81,0.3750,5566.00,0.980000,1.264420,1,1,"Radial Velocity",2004
"HD 147018 c","HD 147018",12.70000000,,1008.00000000000,1.9220000000,183.28,0.1927,5441.00,0.927000,0.937948,1,2,"Radial Velocity",2009
"CFBDSIR J145829+101343 b","CFBDSIR J145829+101343",12.40000000,3.33710000000000e+03,10037.50000000000,2.6000000000,370.00,,580.50,0.021000,,1,1,"Imaging",2011
"HD 220773 b","HD 220773",13.60000000,,3724.70000000000,4.9400000000,167.02,0.1290,5940.00,1.160000,1.679696,1,1,"Radial Velocity",2011
"HD 147513 b","HD 147513",13.70000000,,528.40000000000,1.3200000000,244.43,0.5609,5883.00,1.110000,0.980000,2,1,"Radial Velocity",2003
"HD 129445 b","HD 129445",13.30000000,7.97749301570000e+02,1840.00000000000,2.9000000000,173.36,0.1462,5646.00,0.990000,1.175816,1,1,"Radial Velocity",2009
"WASP-5 b","WASP-5",12.18400000,5.02150000000000e+02,1.62842790000,0.0267000000,1706.00,1559.4762,5700.00,0.960000,1.029000,1,1,"Transit",2008
"OGLE-TR-111 b","OGLE-TR-111",11.42197100,1.74799000000000e+02,4.01444630000,0.0473000000,1019.00,204.9529,5040.00,0.820000,0.830000,1,1,"Transit",2004
"HD 8535 b","HD 8535",14.00000000,,1313.00000000000,2.4500000000,206.21,0.3584,6136.00,1.130000,1.190000,2,1,"Radial Velocity",2010
"MOA-2009-BLG-266L b","MOA-2009-BLG-266L",3.21000000,1.04000000000000e+01,2800.00000000000,3.2000000000,,,,0.560000,,1,1,"Microlensing",2011
"GJ 667 C b","GJ 667 C",2.25000000,,7.20300000000,0.0504310000,,5.3902,3350.00,0.330000,,3,5,"Radial Velocity",2012
"HIP 5158 c","HIP 5158",12.20000000,,9017.76000000000,7.7000000000,72.63,0.0046,4813.00,0.780000,0.754089,1,2,"Radial Velocity",2011
"HAT-P-23 b","HAT-P-23",15.33400000,6.64237000000000e+02,1.21288400000,0.0232000000,2056.00,2796.2342,5905.00,1.130000,1.203000,1,1,"Transit",2010
"HAT-P-20 b","HAT-P-20",9.71800000,2.30289900000000e+03,2.87531700000,0.0361000000,970.00,85.1168,4595.00,0.756000,0.694000,1,1,"Transit",2010
"CoRoT-17 b","CoRoT-17",11.43000000,7.72290000000000e+02,3.76810000000,0.0461000000,1626.00,640.9232,5740.00,1.040000,1.590000,1,1,"Transit",2011
"HD 132563 b","HD 132563",13.60000000,,1544.00000000000,2.6200000000,213.27,0.3447,6289.00,1.231000,1.295770,3,1,"Radial Velocity",2011
"Kepler-45 b","Kepler-45",10.76000000,1.60497000000000e+02,2.45523900000,0.0300000000,1000.00,68.3700,3820.00,0.590000,0.550000,1,1,"Transit",2011
"HU Aqr AB b","HU Aqr",12.80000000,,2390.00000000000,3.6000000000,,,5952.00,0.880000,,2,2,"Eclipse Timing Variations",2011
"GJ 3634 b","GJ 3634",2.83000000,8.40000000000000e+00,2.64561000000,0.0287000000,656.45,24.2793,3517.00,0.450000,0.430000,1,1,"Radial Velocity",2010
"Kepler-14 b","Kepler-14",12.73300000,2.66966000000000e+03,6.79012300000,0.0771000000,1605.00,1029.5100,6395.00,1.512000,2.048000,2,1,"Transit",2011
"CoRoT-18 b","CoRoT-18",14.68000000,1.10282000000000e+03,1.90006930000,0.0295000000,1550.00,823.7009,5440.00,0.950000,1.000000,1,1,"Transit",2011
"Kepler-15 b","Kepler-15",10.76000000,2.09760000000000e+02,4.94278200000,0.0571400000,1251.00,430.6770,5515.00,1.018000,0.992000,1,1,"Transit",2011
"KOI-55 b","KOI-55",0.75900000,4.40000000000000e-01,0.24010400000,0.0060000000,7777.78,636352.1258,27730.00,0.496000,0.203000,1,2,"Orbital Brightness Modulation",2011
"PSR J1719-1438 b","PSR J1719-1438",,3.82800000000000e+02,0.09070629300,0.0044000000,,,4500.00,1.400000,,1,1,"Pulsar Timing",2011
"CoRoT-14 b","CoRoT-14",12.22000000,2.41540000000000e+03,1.51214000000,0.0270000000,1952.00,1803.4781,6035.00,1.130000,1.210000,1,1,"Transit",2010
"HD 11964 b","HD 11964",14.10000000,,1945.00000000000,3.1600000000,203.93,0.2882,5303.00,0.910000,2.009710,2,2,"Radial Velocity",2005
"HAT-P-4 b","HAT-P-4",14.28000000,2.13255000000000e+02,3.05653600000,0.0443800000,1686.00,1438.0000,5860.00,1.248000,1.596000,2,1,"Transit",2007
"OGLE-TR-10 b","OGLE-TR-10",14.01100000,1.97046000000000e+02,3.10127800000,0.0434000000,1702.00,818.5035,5950.00,1.140000,1.170000,1,1,"Transit",2004
"OGLE-TR-113 b","OGLE-TR-113",12.25100000,4.00449000000000e+02,1.43247520000,0.0228900000,1342.00,528.4147,4790.00,0.779000,0.774000,1,1,"Transit",2004
"HD 192310 b","HD 192310",4.27000000,,74.72000000000,0.3200000000,355.00,3.7598,5166.00,0.800000,0.857922,1,2,"Radial Velocity",2011
"OGLE-2014-BLG-1760L b","OGLE-2014-BLG-1760L",13.80000000,2.95898246917000e+02,,1.8870000000,,,,0.803000,,1,1,"Microlensing",2016
"OGLE-2013-BLG-0132L b","OGLE-2013-BLG-0132L",11.60000000,9.20000000000000e+01,,3.6000000000,,,,0.540000,,1,1,"Microlensing",2017
"Kepler-277 b","Kepler-277",2.92000000,8.73000000000000e+01,17.32400000000,0.1416800000,964.00,198.2450,5946.00,1.120000,1.690000,1,2,"Transit",2013
"KMT-2017-BLG-1194L b","KMT-2017-BLG-1194L",1.70000000,3.54000000000000e+00,,1.7800000000,,,,0.410000,,1,1,"Microlensing",2023
"KMT-2017-BLG-2331L b","KMT-2017-BLG-2331L",14.20000000,1.71000000000000e+02,,2.1400000000,,,,0.400000,,1,1,"Microlensing",2024
"HD 41004 A b","HD 41004 A",13.20000000,,963.00000000000,,,,5310.00,0.950000,0.850000,2,2,"Radial Velocity",2004
"OGLE-2019-BLG-0299L b","OGLE-2019-BLG-0299L",12.70000000,1.97689269154000e+03,,2.8000000000,,,,0.590000,,1,1,"Microlensing",2021
"Kepler-476 b","Kepler-476",3.08000000,,14.00640607000,0.1126000000,807.00,100.0900,5837.00,1.030000,1.090000,1,1,"Transit",2016
"KMT-2021-BLG-2294L b","KMT-2021-BLG-2294L",5.02000000,2.22479884900000e+01,,1.1500000000,,,,0.140000,,1,1,"Microlensing",2022
"KMT-2022-BLG-1013L b","KMT-2022-BLG-1013L",12.10000000,9.85268061700000e+01,,1.3800000000,,,,0.180000,,1,1,"Microlensing",2023
"WASP-155 b","WASP-155",13.45077684,2.76828542497000e+02,3.11041300000,0.0430000000,1468.00,771.0000,5660.00,1.090000,1.240000,1,1,"Transit",2025
"KMT-2019-BLG-0414L b","KMT-2019-BLG-0414L",12.90000000,1.45247581999000e+03,,1.1600000000,,,,0.740000,,1,1,"Microlensing",2022
"HD 62509 b","HD 62509",13.30000000,,589.64000000000,1.6400000000,549.60,15.2164,4892.63,2.000000,8.900000,1,1,"Radial Velocity",2006
"Kepler-65 b","Kepler-65",1.42000000,2.40000000000000e+00,2.15491000000,0.0350000000,1740.00,2316.0950,6211.00,1.250000,1.410000,1,4,"Transit",2012
"RR Cae b","RR Cae",13.00000000,,4343.50000000000,5.3000000000,35.94,0.0003,3904.00,0.440000,0.193119,2,1,"Eclipse Timing Variations",2012
"WASP-65 b","WASP-65",12.46400000,4.92620000000000e+02,2.31142430000,0.0334000000,1480.00,957.0053,5600.00,0.930000,1.010000,1,1,"Transit",2013
"Kepler-30 c","Kepler-30",12.30000000,6.40000000000000e+02,60.32310500000,0.3000000000,411.00,6.2170,5498.00,0.990000,0.950000,1,3,"Transit",2012
"Kepler-38 b","Kepler-38",4.30000000,1.22000000000000e+02,105.59900000000,0.4632000000,475.00,14.4568,5623.00,0.941000,1.752000,2,1,"Transit",2012
"WASP-8 c","WASP-8",12.50000000,,4323.00000000000,5.2800000000,116.99,0.0314,5690.00,1.040000,0.960000,2,2,"Radial Velocity",2013
"ROXs 42 B b","ROXs 42 B",12.50000000,2.86000000000000e+03,,157.0000000000,1975.00,0.0000,3433.00,1.000000,1.336580,2,1,"Imaging",2013
"WASP-1 b","WASP-1",16.62300000,2.71415000000000e+02,2.51994540000,0.0388900000,1812.00,2121.5175,6110.00,1.240000,1.470000,2,1,"Transit",2007
"Kepler-50 c","Kepler-50",2.17000000,8.20000000000000e+00,9.37647000000,0.0870000000,1125.00,388.4440,6225.00,1.240000,1.580000,1,2,"Transit",2012
"BD+15 2940 b","BD+15 2940",13.70000000,,137.48000000000,0.5390000000,1207.75,352.2269,4796.00,1.100000,14.700000,1,1,"Radial Velocity",2013
"Kepler-87 b","Kepler-87",13.49000000,3.24200000000000e+02,114.73635000000,0.4810000000,478.00,9.2030,5600.00,1.100000,1.820000,1,2,"Transit",2013
"WASP-75 b","WASP-75",14.23500000,3.40060000000000e+02,2.48419300000,0.0375000000,1710.00,1657.0000,6100.00,1.140000,1.260000,2,1,"Transit",2013
"Kepler-87 c","Kepler-87",6.14000000,6.40000000000000e+00,191.23180000000,0.6760000000,403.00,4.6560,5600.00,1.100000,1.820000,1,2,"Transit",2013
"HD 40307 b","HD 40307",,1.18899607058700e+03,4.31230000000,0.0468000000,910.00,104.8355,4956.00,0.770000,0.716684,1,5,"Radial Velocity",2009
"WTS-1 b","WTS-1",16.70000000,1.27444000000000e+03,3.35205700000,0.0470000000,1500.00,554.9183,6250.00,1.200000,1.150000,1,1,"Transit",2012
"HD 40307 c","HD 40307",,1.86851320475300e+03,9.61840000000,0.0799000000,696.00,35.9672,4956.00,0.770000,0.716684,1,5,"Radial Velocity",2009
"CoRoT-26 b","CoRoT-26",14.12000000,1.65260000000000e+02,4.20474000000,0.0526000000,1600.00,1021.0065,5590.00,1.090000,1.790000,1,1,"Transit",2013
"91 Aqr b","91 Aqr",13.10000000,,181.40000000000,0.7000000000,891.73,100.5060,4665.00,1.400000,11.000000,3,1,"Radial Velocity",2013
"tau Gem b","tau Gem",12.10000000,,305.50000000000,1.1700000000,1012.69,241.3109,4388.00,2.300000,26.800000,1,1,"Radial Velocity",2013
"HAT-P-42 b","HAT-P-42",14.34800000,3.31801000000000e+02,4.64187800000,0.0575000000,1428.00,684.0973,5743.00,1.178000,1.530000,1,1,"Transit",2012
"Kepler-56 c","Kepler-56",9.80000000,1.81000000000000e+02,21.40239000000,0.1652000000,1087.00,317.2060,4840.00,1.320000,4.230000,1,3,"Transit",2012
"HD 40307 d","HD 40307",,1.77538948150200e+03,20.43200000000,0.1321000000,541.00,13.1581,4956.00,0.770000,0.716684,1,5,"Radial Velocity",2009
"HD 40307 f","HD 40307",2.13000000,,51.76000000000,0.2470000000,398.00,3.7636,4956.00,0.770000,0.716684,1,5,"Radial Velocity",2013
"Kepler-186 e","Kepler-186",1.27000000,,22.40770400000,0.1100000000,319.00,3.6080,3788.00,0.478000,0.472000,1,5,"Transit",2014
"Kepler-186 c","Kepler-186",1.25000000,,7.26730200000,0.0451000000,464.00,13.9800,3788.00,0.478000,0.472000,1,5,"Transit",2014
"GJ 163 c","GJ 163",2.50000000,,25.63058000000,0.1254000000,305.07,1.2457,3500.00,0.400000,0.409738,1,3,"Radial Velocity",2013
"GJ 163 d","GJ 163",5.92000000,,603.95116000000,1.0304000000,106.43,0.0184,3500.00,0.400000,0.409738,1,3,"Radial Velocity",2013
"Kepler-56 b","Kepler-56",6.51000000,2.21000000000000e+01,10.50160000000,0.1028000000,1378.00,819.2450,4840.00,1.320000,4.230000,1,3,"Transit",2012
"HD 208527 b","HD 208527",12.50000000,,875.50000000000,2.1000000000,959.79,165.4934,4035.00,1.600000,51.100000,1,1,"Radial Velocity",2012
"HD 40307 g","HD 40307",2.56000000,,197.80000000000,0.6000000000,255.00,0.6378,4956.00,0.770000,0.716684,1,5,"Radial Velocity",2013
"Kepler-186 d","Kepler-186",1.40000000,,13.34299600000,0.0781000000,379.00,7.2040,3788.00,0.478000,0.472000,1,5,"Transit",2014
"GU Psc b","GU Psc",14.17900000,3.59130000000000e+03,,2000.0000000000,1050.00,0.0000,4031.81,0.325000,0.450458,1,1,"Imaging",2014
"HIP 63242 b","HIP 63242",12.50000000,,124.60000000000,0.5650000000,993.26,133.6297,4830.00,1.540000,10.275655,1,1,"Radial Velocity",2013
"Kepler-11 b","Kepler-11",1.80000000,1.90000000000000e+00,10.30390000000,0.0910000000,849.00,146.3600,5663.00,0.961000,1.065000,1,6,"Transit",2010
"KOI-351 f","KOI-351",2.88000000,,124.91440000000,0.4800000000,407.00,6.7960,6080.00,1.200000,1.200000,1,8,"Transit",2013
"CoRoT-1 b","CoRoT-1",16.70000000,3.27350000000000e+02,1.50895570000,0.0275200000,1898.00,2852.6300,5950.00,0.950000,1.110000,1,1,"Transit",2008
"HAT-P-45 b","HAT-P-45",15.98400000,2.83492000000000e+02,3.12899200000,0.0452000000,1652.00,1052.2390,6330.00,1.259000,1.319000,1,1,"Transit",2014
"HAT-P-44 b","HAT-P-44",13.92200000,1.11871000000000e+02,4.30121900000,0.0507000000,1108.00,185.1190,5295.00,0.942000,0.949000,1,2,"Transit",2014
"Kepler-11 e","Kepler-11",4.19000000,8.00000000000000e+00,31.99960000000,0.1950000000,582.00,32.3400,5663.00,0.961000,1.065000,1,6,"Transit",2010
"HD 95086 b","HD 95086",12.90000000,1.58900000000000e+03,,55.7000000000,1000.00,0.0021,7595.00,1.600000,1.486670,1,1,"Imaging",2013
"BD-06 1339 b","BD-06 1339",,1.52303372634400e+03,3.87280000000,0.0428000000,834.97,51.8934,4324.00,0.700000,0.686355,1,2,"Radial Velocity",2013
"HD 103774 b","HD 103774",13.30000000,,5.88810000000,0.0700000000,1487.08,714.1738,6489.00,1.335000,1.581047,2,1,"Radial Velocity",2013
"HAT-P-44 c","HAT-P-44",13.00000000,,872.20000000000,1.7520000000,187.92,0.2084,5295.00,0.942000,0.949000,1,2,"Radial Velocity",2014
"HATS-5 b","HATS-5",10.22300000,7.53230000000000e+01,4.76338700000,0.0542000000,1025.00,183.2395,5304.00,0.936000,0.871000,1,1,"Transit",2014
"Kepler-11 g","Kepler-11",3.33000000,2.50000000000000e+01,118.38070000000,0.4660000000,376.00,5.6500,5663.00,0.961000,1.065000,1,6,"Transit",2010
"KOI-351 e","KOI-351",2.66000000,,91.93913000000,0.4200000000,450.00,10.2280,6080.00,1.200000,1.200000,1,8,"Transit",2013
"KOI-351 c","KOI-351",1.19000000,,8.71937500000,0.0890000000,987.00,236.3150,6080.00,1.200000,1.200000,1,8,"Transit",2013
"HD 109271 b","HD 109271",4.31000000,,7.85430000000,0.0790000000,1128.86,320.4393,5783.00,1.047000,1.294595,1,2,"Radial Velocity",2013
"HD 109271 c","HD 109271",5.27000000,,30.93000000000,0.1960000000,716.68,52.0580,5783.00,1.047000,1.294595,1,2,"Radial Velocity",2013
"bet Cnc b","bet Cnc",12.60000000,,605.20000000000,1.7000000000,1039.74,274.8541,4092.10,1.700000,47.200000,2,1,"Radial Velocity",2014
"mu Leo b","mu Leo",13.30000000,,357.80000000000,1.1000000000,704.49,51.7863,4538.20,1.500000,11.400000,1,1,"Radial Velocity",2014
"Kepler-11 c","Kepler-11",2.87000000,2.90000000000000e+00,13.02410000000,0.1070000000,786.00,107.2240,5663.00,0.961000,1.065000,1,6,"Transit",2010
"OGLE-2012-BLG-0358L b","OGLE-2012-BLG-0358L",13.40000000,5.88000000000000e+02,,0.8700000000,,,,0.022000,,1,1,"Microlensing",2013
"HD 166724 b","HD 166724",13.00000000,1.20774794660000e+03,5144.00000000000,5.4200000000,94.83,0.0105,5127.00,0.810000,0.797485,1,1,"Radial Velocity",2012
"WASP-64 b","WASP-64",14.24700000,4.03945000000000e+02,1.57329180000,0.0264800000,1689.00,1563.6374,5400.00,1.004000,1.058000,2,1,"Transit",2012
"Kepler-67 b","Kepler-67",2.94000000,,15.72590000000,0.1171000000,602.00,30.6000,5331.00,0.865000,0.778000,1,1,"Transit",2013
"GJ 667 C c","GJ 667 C",1.77000000,,28.14000000000,0.1250000000,,0.8774,3350.00,0.330000,,3,5,"Radial Velocity",2013
"HAT-P-38 b","HAT-P-38",9.24700000,8.48570000000000e+01,4.64038200000,0.0523000000,1082.00,243.0337,5330.00,0.886000,0.923000,1,1,"Transit",2012
"WASP-7 b","WASP-7",14.90797000,3.05116800000000e+02,4.95464160000,0.0617000000,1487.00,612.6860,6400.00,1.276000,1.432000,1,1,"Transit",2008
"OGLE-2011-BLG-0251L b","OGLE-2011-BLG-0251L",14.20000000,1.70000000000000e+02,,2.7200000000,,,,0.260000,,1,1,"Microlensing",2012
"PH1 b","PH1",6.18000000,1.69000000000000e+02,138.31700000000,0.6520000000,481.00,10.7524,6407.00,1.528000,1.734000,4,1,"Transit",2012
"Kepler-1544 b","Kepler-1544",1.78000000,,168.81117400000,0.5446500000,269.00,0.8330,4886.00,0.810000,0.740000,1,1,"Transit",2016
"GJ 667 C e","GJ 667 C",1.45000000,,62.24000000000,0.2130000000,,0.3022,3350.00,0.330000,,3,5,"Radial Velocity",2013
"HD 207832 c","HD 207832",14.00000000,,1155.70000000000,2.1120000000,179.84,0.1732,5710.00,0.940000,0.901000,3,2,"Radial Velocity",2012
"HAT-P-39 b","HAT-P-39",17.60900000,1.90372000000000e+02,3.54387000000,0.0509000000,1752.00,1915.6934,6430.00,1.404000,1.625000,2,1,"Transit",2012
"HD 150706 b","HD 150706",13.30000000,7.72323029010000e+02,5894.00000000000,6.7000000000,108.81,0.0240,5961.00,1.170000,0.960000,1,1,"Radial Velocity",2012
"HIP 57274 d","HIP 57274",14.20000000,,431.70000000000,1.0100000000,183.59,1.5183,4640.00,0.730000,0.680000,1,3,"Radial Velocity",2011
"CoRoT-2 b","CoRoT-2",16.43200000,1.10282000000000e+03,1.74299350000,0.0279800000,1521.00,932.9076,5625.00,0.960000,0.906000,2,1,"Transit",2008
"Oph 11 b","Oph 11",12.30000000,4.44962000000000e+03,7300000.00000000000,243.0000000000,2175.00,0.0000,2375.00,0.016000,0.232692,1,1,"Imaging",2006
"Kepler-418 b","Kepler-418",13.45000000,3.49611247700000e+02,86.67856000000,0.3924900000,434.00,8.8770,5820.00,0.980000,1.090000,1,2,"Transit",2014
"DP Leo b","DP Leo",12.70000000,1.99588832000000e+03,10220.00000000000,8.1900000000,24.39,0.0001,13500.00,0.690000,0.011500,2,1,"Eclipse Timing Variations",2009
"Kepler-58 b","Kepler-58",2.78000000,3.55000000000000e+01,10.21849540000,0.0929100000,920.00,112.9920,5843.00,0.950000,1.030000,1,4,"Transit",2012
"Kepler-59 c","Kepler-59",1.98000000,3.81000000000000e+00,17.98012350000,0.1311400000,752.00,107.7410,6074.00,1.040000,0.940000,1,2,"Transit",2012
"Kepler-130 c","Kepler-130",2.90000000,,27.50868000000,0.1780000000,683.00,46.0110,5879.00,1.000000,1.170000,2,3,"Transit",2014
"CoRoT-27 b","CoRoT-27",11.28700000,3.30211000000000e+03,3.57532000000,0.0476000000,1500.00,300.8697,5900.00,1.050000,1.080000,1,1,"Transit",2014
"HIP 105854 b","HIP 105854",12.60000000,,184.20000000000,0.8100000000,822.14,71.2902,4780.00,2.100000,10.305119,1,1,"Radial Velocity",2014
"Kapteyn c","Kapteyn",2.54000000,,121.54000000000,0.3110000000,165.59,0.1666,3550.00,0.281000,0.291000,1,1,"Radial Velocity",2014
"2MASS J01225093-2439505 b","2MASS J01225093-2439505",11.20900000,7.78650000000000e+03,,52.0000000000,1600.00,0.0000,3530.00,0.400000,0.366450,1,1,"Imaging",2013
"Kepler-63 b","Kepler-63",6.11000000,1.20000000000000e+02,9.43415050000,0.0800000000,791.00,100.3710,5576.00,0.984000,0.901000,1,1,"Transit",2013
"Kepler-53 c","Kepler-53",3.17000000,3.60000000000000e+01,38.55830380000,0.2209100000,550.00,23.1760,5858.00,0.980000,0.890000,1,3,"Transit",2012
"Kepler-54 c","Kepler-54",1.23000000,7.00000000000000e-01,12.07172490000,0.0809000000,395.00,3.0700,3705.00,0.510000,0.500000,1,3,"Transit",2012
"Kepler-83 c","Kepler-83",2.36000000,2.03000000000000e+00,20.09000000000,0.1179600000,362.00,5.9000,4082.00,0.660000,0.610000,2,3,"Transit",2012
"Kepler-81 b","Kepler-81",2.42000000,1.72000000000000e+01,5.95500000000,0.0522000000,635.00,39.9500,4385.00,0.640000,0.590000,1,3,"Transit",2012
"Kepler-55 c","Kepler-55",2.21000000,6.98000000000000e+01,42.15164180000,0.2095000000,349.00,3.8400,4362.00,0.620000,0.580000,1,5,"Transit",2012
"Kepler-59 b","Kepler-59",1.10000000,4.10000000000000e+00,11.86817070000,0.0994300000,864.00,187.5100,6074.00,1.040000,0.940000,1,2,"Transit",2012
"HD 82943 b","HD 82943",13.50000000,5.34250000000000e+02,441.47000000000,1.1830600000,286.13,1.1170,5935.00,1.080000,1.182600,1,2,"Radial Velocity",2003
"HD 154857 c","HD 154857",13.20000000,,3452.00000000000,5.3600000000,154.88,0.1601,5605.00,1.718000,1.760000,1,2,"Radial Velocity",2014
"Kepler-62 d","Kepler-62",1.95000000,1.40000000000000e+01,18.16406000000,0.1200000000,510.00,17.2100,4925.00,0.690000,0.640000,1,5,"Transit",2013
"Kepler-62 b","Kepler-62",1.31000000,9.00000000000000e+00,5.71493200000,0.0553000000,750.00,80.3260,4925.00,0.690000,0.640000,1,5,"Transit",2013
"Kepler-83 b","Kepler-83",2.83000000,2.94000000000000e+00,9.77000000000,0.0729500000,460.00,15.4120,4082.00,0.660000,0.610000,2,3,"Transit",2012
"POTS-1 b","POTS-1",10.54800000,7.34160000000000e+02,3.16062960000,0.0373400000,841.95,58.7159,4400.00,0.695000,0.588000,1,1,"Transit",2013
"Kepler-54 b","Kepler-54",2.10000000,9.80000000000000e-01,8.01094340000,0.0619000000,453.00,12.3570,3705.00,0.510000,0.500000,1,3,"Transit",2012
"Kepler-55 b","Kepler-55",2.43000000,4.30000000000000e+01,27.94814490000,0.1593000000,400.00,6.6420,4362.00,0.620000,0.580000,1,5,"Transit",2012
"HD 82943 c","HD 82943",13.40000000,6.22603000000000e+02,220.07800000000,0.7434500000,360.95,2.8285,5935.00,1.080000,1.182600,1,2,"Radial Velocity",2003
"Kepler-413 b","Kepler-413",4.34700000,6.70000000000000e+01,66.26200000000,0.3553000000,334.96,2.9436,4700.00,0.820000,0.776100,2,1,"Transit",2014
"Kepler-61 b","Kepler-61",2.15000000,,59.87756000000,0.2486100000,273.00,1.6900,4017.00,0.635000,0.620000,1,1,"Transit",2013
"HAT-P-27 b","HAT-P-27",11.43000000,1.97050000000000e+02,3.03957700000,0.0400000000,1091.99,336.0384,5316.00,0.916000,0.864673,2,1,"Transit",2011
"Qatar-4 b","Qatar-4",12.72221500,1.93876300000000e+03,1.80535640000,0.0280300000,1385.00,614.0000,5215.00,0.896000,0.849000,1,1,"Transit",2017
"WTS-2 b","WTS-2",15.27786700,3.55969600000000e+02,1.01870680000,0.0185500000,2000.00,2544.6509,5000.00,0.820000,0.752000,1,1,"Transit",2014
"HD 4203 c","HD 4203",13.30000000,,6700.00000000000,6.9500000000,124.96,0.0406,5582.00,0.990000,1.497950,1,2,"Radial Velocity",2014
"Kepler-193 c","Kepler-193",2.75000000,,50.69749400000,0.2860000000,595.00,16.0260,6335.00,1.051000,1.147000,1,2,"Transit",2014
"Kepler-207 b","Kepler-207",1.57000000,,1.61186500000,0.0290000000,1930.00,4097.3180,5920.00,1.313000,1.588000,1,3,"Transit",2014
"Kepler-313 b","Kepler-313",2.53000000,,14.97041800000,0.1250000000,883.00,142.4000,5727.00,1.114000,1.536000,1,2,"Transit",2014
"Kepler-120 c","Kepler-120",1.53000000,,12.79458500000,0.0880000000,455.00,16.6250,4096.00,0.654000,0.534000,1,2,"Transit",2014
"Kepler-238 e","Kepler-238",5.60000000,1.69700000000000e+02,23.65400000000,0.1728600000,731.00,98.4610,5800.00,1.060000,0.960000,1,5,"Transit",2013
"Kepler-328 b","Kepler-328",2.30000000,2.85000000000000e+01,34.92100000000,0.2199000000,602.00,57.0790,6064.00,1.150000,1.060000,1,2,"Transit",2013
"Kepler-280 b","Kepler-280",1.45000000,,2.13954200000,0.0320000000,1425.00,821.8940,5744.00,0.962000,0.886000,1,2,"Transit",2014
"Kepler-275 c","Kepler-275",3.38000000,,16.08813400000,0.1320000000,875.00,146.5000,6165.00,1.189000,1.383000,1,3,"Transit",2014
"Kepler-214 b","Kepler-214",2.61000000,,15.66054400000,0.1300000000,758.00,196.4020,6169.00,1.110000,1.352000,1,2,"Transit",2014
"Kepler-219 c","Kepler-219",3.58000000,,22.71461300000,0.1650000000,766.00,54.1050,5786.00,1.164000,1.491000,1,3,"Transit",2014
"Kepler-331 b","Kepler-331",1.82000000,,8.45749600000,0.0650000000,540.00,35.9840,4347.00,0.653000,0.492000,1,3,"Transit",2014
"Kepler-340 c","Kepler-340",3.37000000,,22.82466900000,0.1780000000,946.00,154.6530,6620.00,1.650000,1.850000,1,2,"Transit",2014
"TOI-4438 b","TOI-4438",2.40000000,4.11000000000000e+00,7.44629500000,0.0523000000,446.00,6.0000,3501.00,0.345000,0.365000,1,1,"Transit",2024
"Kepler-293 b","Kepler-293",3.07000000,,19.25419600000,0.1440000000,657.00,28.9440,5804.00,0.934000,0.957000,1,2,"Transit",2014
"Kepler-291 b","Kepler-291",2.16000000,,3.54651100000,0.0470000000,1212.00,627.3740,6002.00,1.023000,1.016000,1,2,"Transit",2014
"Kepler-224 d","Kepler-224",2.30000000,,11.34939300000,0.0890000000,610.00,36.2930,5018.00,0.777000,0.676000,1,4,"Transit",2014
"Kepler-124 c","Kepler-124",1.75000000,,13.82137500000,0.1000000000,560.00,30.7160,4984.00,0.706000,0.636000,1,3,"Transit",2014
"Kepler-111 b","Kepler-111",1.58000000,,3.34181500000,0.0460000000,1356.00,677.5030,5952.00,1.171000,1.157000,1,2,"Transit",2014
"Kepler-148 c","Kepler-148",3.60000000,,4.18004300000,0.0500000000,957.00,187.1970,5272.00,0.860000,0.851000,1,3,"Transit",2014
"Kepler-179 b","Kepler-179",1.64000000,,2.73592600000,0.0360000000,1075.00,360.2620,5302.00,0.893000,0.759000,1,2,"Transit",2014
"Kepler-290 c","Kepler-290",2.70000000,,36.77031000000,0.2050000000,437.00,6.5960,5147.00,0.756000,0.743000,1,3,"Transit",2014
"Kepler-302 c","Kepler-302",12.45000000,,127.28218400000,0.5030000000,392.00,4.5850,5740.00,1.021000,1.220000,1,2,"Transit",2014
"Kepler-226 b","Kepler-226",1.55000000,2.40000000000000e+01,3.94099700000,0.0470000000,1018.00,270.4020,5571.00,0.904000,0.802000,1,3,"Transit",2014
"Kepler-333 b","Kepler-333",1.32000000,2.82000000000000e+01,12.55115800000,0.0870000000,480.00,16.8190,4259.00,0.601000,0.534000,2,2,"Transit",2014
"Kepler-343 b","Kepler-343",2.41000000,,8.96855000000,0.0880000000,1024.00,206.0720,5807.00,1.055000,1.433000,1,2,"Transit",2014
"Kepler-197 d","Kepler-197",1.22000000,,15.67756300000,0.1190000000,810.00,109.0910,6004.00,0.857000,1.120000,2,4,"Transit",2014
"TOI-762 A b","TOI-762 A",8.33948164,7.97749301570000e+01,3.47168260000,0.0341800000,555.40,17.0012,3266.00,0.442000,0.425000,2,1,"Transit",2024
"Kepler-125 b","Kepler-125",2.37000000,,4.16438900000,0.0410000000,590.00,33.1840,3810.00,0.542101,0.512000,1,2,"Transit",2014
"Kepler-306 c","Kepler-306",2.35000000,,7.24019300000,0.0670000000,716.00,70.4490,4954.00,0.750000,0.719000,1,4,"Transit",2014
"Kepler-53 d","Kepler-53",2.12000000,1.66503000000000e+02,9.75196200000,0.0910000000,870.00,144.8520,6085.00,0.966000,0.958000,1,3,"Transit",2014
"Kepler-238 d","Kepler-238",3.07000000,2.31000000000000e+01,13.23354900000,0.1150000000,888.00,213.4800,5751.00,1.229000,1.430000,1,5,"Transit",2014
"Kepler-127 d","Kepler-127",2.64000000,,48.63040800000,0.2800000000,590.00,31.5190,6106.00,1.248000,1.359000,1,3,"Transit",2014
"Kepler-222 c","Kepler-222",4.64000000,,10.08881000000,0.0910000000,734.00,59.0760,5433.00,0.933000,0.869000,1,3,"Transit",2014
"Kepler-257 d","Kepler-257",4.95000000,,24.66455100000,0.1600000000,567.00,15.2000,5180.00,0.916000,1.037000,1,3,"Transit",2014
"Kepler-308 b","Kepler-308",2.12000000,,9.69492800000,0.0900000000,833.00,108.6400,5895.00,0.920000,0.941000,1,2,"Transit",2014
"Kepler-310 c","Kepler-310",3.38000000,,56.47542000000,0.2810000000,417.00,7.1090,5797.00,0.854000,0.876000,1,3,"Transit",2014
"Kepler-242 c","Kepler-242",2.00000000,,14.49648100000,0.1090000000,613.00,20.4980,5020.00,0.748000,0.850000,1,2,"Transit",2014
"Kepler-241 c","Kepler-241",2.57000000,,36.06597800000,0.1890000000,397.00,5.8800,4699.00,0.671000,0.668000,1,2,"Transit",2014
"Kepler-351 c","Kepler-351",3.19000000,1.11000000000000e+01,57.24809000000,0.2870000000,431.00,6.7120,5643.00,0.810000,0.854000,1,3,"Transit",2014
"Kepler-341 c","Kepler-341",1.70000000,,8.01041000000,0.0800000000,940.00,237.4300,6012.00,0.976000,1.024000,1,4,"Transit",2014
"Kepler-166 c","Kepler-166",2.38000000,,34.26028100000,0.1950000000,468.00,10.5070,5413.00,0.811000,0.742000,1,3,"Transit",2014
"Kepler-108 c","Kepler-108",8.18000000,,190.32349400000,0.7210000000,426.00,7.8000,5854.00,1.247000,2.192000,2,2,"Transit",2014
"Kepler-311 b","Kepler-311",1.70000000,,9.17609200000,0.0870000000,960.00,201.3620,5905.00,0.994000,1.188000,1,3,"Transit",2014
"Kepler-276 b","Kepler-276",2.87000000,7.31209000000000e+02,14.12841000000,0.1190000000,739.00,58.5860,6105.00,0.845000,1.046000,1,3,"Transit",2014
"Kepler-254 c","Kepler-254",2.15000000,3.20000000000000e+00,12.41218300000,0.1050000000,787.00,67.2250,5957.00,0.849000,0.910000,1,3,"Transit",2014
"Kepler-268 c","Kepler-268",3.38000000,,83.44639300000,0.3910000000,471.00,13.6620,6081.00,1.109000,1.274000,1,2,"Transit",2014
"Kepler-321 c","Kepler-321",2.32000000,,13.09392100000,0.1100000000,752.00,80.1030,5740.00,1.024000,1.194000,1,2,"Transit",2014
"Kepler-349 b","Kepler-349",1.90000000,9.45000000000000e+01,5.92977800000,0.0650000000,972.00,248.2740,5956.00,1.083000,0.927000,1,2,"Transit",2014
"Kepler-108 b","Kepler-108",8.65000000,,49.18392100000,0.2920000000,669.00,47.4000,5854.00,1.247000,2.192000,2,2,"Transit",2014
"Kepler-264 b","Kepler-264",3.33000000,,40.80623100000,0.2490000000,772.00,79.4780,6158.00,1.426000,1.550000,1,2,"Transit",2014
"Kepler-279 b","Kepler-279",3.62000000,4.18093000000000e+03,12.30968100000,0.1120000000,1104.00,249.0210,6363.00,1.200000,1.746000,1,4,"Transit",2014
"Kepler-286 c","Kepler-286",1.37000000,,3.46809500000,0.0420000000,1098.00,353.0000,5580.00,0.830000,0.863000,1,4,"Transit",2014
"Kepler-171 c","Kepler-171",2.56000000,,11.46346200000,0.0980000000,752.00,78.9050,5642.00,0.978000,0.839000,1,3,"Transit",2014
"Kepler-238 b","Kepler-238",1.73000000,3.30502000000000e+03,2.09087600000,0.0340000000,1642.00,2500.5880,5751.00,1.229000,1.430000,1,5,"Transit",2014
"Kepler-329 c","Kepler-329",1.93000000,,18.68473700000,0.1130000000,402.00,11.8690,4257.00,0.602000,0.523000,1,2,"Transit",2014
"Kepler-345 c","Kepler-345",1.20000000,2.20000000000000e+00,9.38742700000,0.0770000000,575.00,25.8300,4504.00,0.610000,0.623000,1,2,"Transit",2014
"Kepler-263 b","Kepler-263",2.67000000,,16.56808700000,0.1200000000,548.00,24.3080,5265.00,0.793000,0.785000,1,2,"Transit",2014
"Kepler-268 b","Kepler-268",2.55000000,,25.93413800000,0.1800000000,695.00,64.9330,6081.00,1.109000,1.274000,1,2,"Transit",2014
"Kepler-287 b","Kepler-287",2.33000000,8.30000000000000e+01,20.34219900000,0.1450000000,667.00,35.7500,5806.00,0.963000,1.032000,1,2,"Transit",2014
"Kepler-290 b","Kepler-290",2.25000000,,14.58934700000,0.1100000000,594.00,22.6370,5147.00,0.756000,0.743000,1,3,"Transit",2014
"Kepler-148 b","Kepler-148",1.80000000,,1.72936600000,0.0280000000,1284.00,609.0170,5272.00,0.860000,0.851000,1,3,"Transit",2014
"HD 13908 c","HD 13908",12.80000000,,931.00000000000,2.0300000000,273.57,0.9705,6255.00,1.290000,1.670000,1,2,"Radial Velocity",2013
"HD 159243 b","HD 159243",13.70000000,,12.62000000000,0.1100000000,942.13,107.4520,6123.00,1.125000,1.120000,1,2,"Radial Velocity",2013
"Kepler-292 d","Kepler-292",2.23000000,,7.05567900000,0.0680000000,808.00,103.0050,5299.00,0.865000,0.826000,1,5,"Transit",2014
"Kepler-297 c","Kepler-297",6.54000000,4.21000000000000e+01,74.92013700000,0.3360000000,409.00,6.8600,5619.00,0.927000,0.915000,1,3,"Transit",2014
"Kepler-150 e","Kepler-150",3.12000000,,30.82655700000,0.1890000000,544.00,19.6710,5560.00,0.956000,0.939000,1,5,"Transit",2014
"Kepler-178 c","Kepler-178",2.88000000,,20.55280200000,0.1420000000,656.00,30.5460,5676.00,0.852000,1.066000,1,3,"Transit",2014
"HD 73526 c","HD 73526",13.30000000,,379.10000000000,1.0300000000,329.17,2.0521,5601.00,1.014000,1.530000,1,2,"Radial Velocity",2005
"HD 106906 b","HD 106906",12.40000000,3.49600000000000e+03,,650.0000000000,1800.00,0.0000,6516.00,1.500000,2.123510,1,1,"Imaging",2013
"Kepler-267 b","Kepler-267",1.98000000,3.79000000000000e+01,3.35372800000,0.0370000000,615.00,45.8430,4258.00,0.541571,0.555000,1,3,"Transit",2014
"Kepler-273 b","Kepler-273",1.50000000,,2.93653200000,0.0370000000,1209.00,285.6360,5626.00,0.756000,0.815000,1,2,"Transit",2014
"Kepler-306 b","Kepler-306",1.52000000,,4.64618600000,0.0500000000,830.00,127.2550,4954.00,0.750000,0.719000,1,4,"Transit",2014
"Kepler-309 c","Kepler-309",2.51000000,,105.35638300000,0.4010000000,204.00,2.1420,4713.00,0.816000,0.721000,1,2,"Transit",2014
"Kepler-207 c","Kepler-207",1.50000000,,3.07157100000,0.0440000000,1556.00,1742.7150,5920.00,1.313000,1.588000,1,3,"Transit",2014
"Kepler-224 b","Kepler-224",1.39000000,,3.13292400000,0.0380000000,937.00,201.4890,5018.00,0.777000,0.676000,1,4,"Transit",2014
"Kepler-265 c","Kepler-265",2.63000000,,17.02893700000,0.1270000000,755.00,65.3590,5835.00,0.970000,1.103000,1,4,"Transit",2014
"Kepler-269 b","Kepler-269",2.47000000,,5.32671800000,0.0610000000,1007.00,604.9000,5847.00,0.920000,0.959000,1,2,"Transit",2014
"Kepler-119 c","Kepler-119",0.92000000,,4.12510300000,0.0490000000,1016.00,367.3220,5595.00,0.918000,0.839000,1,2,"Transit",2014
"Kepler-130 b","Kepler-130",1.02000000,,8.45745800000,0.0790000000,982.00,221.7310,5884.00,0.927000,1.127000,2,3,"Transit",2014
"Kepler-235 e","Kepler-235",2.22000000,,46.18366900000,0.2130000000,306.00,1.3300,4255.00,0.581000,0.554000,1,4,"Transit",2014
"Kepler-228 b","Kepler-228",1.53000000,,2.56654600000,0.0380000000,1360.00,863.7760,6043.00,1.006000,1.014000,1,3,"Transit",2014
"Kepler-305 b","Kepler-305",3.60000000,1.05000000000000e+01,5.48700000000,0.0574600000,836.00,112.9140,5080.00,0.760000,0.800000,1,4,"Transit",2013
"Kepler-277 c","Kepler-277",3.36000000,6.42000000000000e+01,33.00600000000,0.2178100000,778.00,83.8980,5946.00,1.120000,1.690000,1,2,"Transit",2013
"Kepler-301 b","Kepler-301",1.35000000,,2.50855300000,0.0360000000,1278.00,665.4370,5815.00,1.022000,0.900000,1,3,"Transit",2014
"Kepler-300 c","Kepler-300",2.25000000,,40.71495500000,0.2320000000,516.00,43.2480,5986.00,1.070000,0.900000,1,2,"Transit",2014
"Kepler-133 b","Kepler-133",1.76000000,,8.12997600000,0.0830000000,1041.00,408.5800,5736.00,1.020000,1.425000,1,2,"Transit",2014
"Kepler-152 c","Kepler-152",2.39000000,,88.25505500000,0.3560000000,326.00,2.5700,5088.00,0.779000,0.724000,1,2,"Transit",2014
"Kepler-299 c","Kepler-299",2.65000000,,6.88587500000,0.0700000000,946.00,198.5540,5617.00,1.004000,1.032000,1,4,"Transit",2014
"Kepler-298 b","Kepler-298",1.96000000,,10.47546400000,0.0800000000,540.00,24.7070,4465.00,0.660000,0.582000,1,3,"Transit",2014
"Kepler-157 b","Kepler-157",1.32000000,,1.73234200000,0.0280000000,1546.00,1572.3090,5774.00,0.950000,1.044000,1,3,"Transit",2014
"Kepler-162 b","Kepler-162",1.26000000,,6.91979800000,0.0690000000,961.00,305.9460,5816.00,1.053000,0.958000,1,2,"Transit",2014
"Kepler-249 d","Kepler-249",1.57000000,,15.36845900000,0.0970000000,332.00,4.4740,3568.00,0.510238,0.482000,1,3,"Transit",2014
"Kepler-254 d","Kepler-254",2.50000000,,18.74647700000,0.1390000000,686.00,38.8440,5957.00,0.849000,0.910000,1,3,"Transit",2014
"Kepler-114 c","Kepler-114",1.60000000,2.80000000000000e+00,8.04100000000,0.0648200000,507.00,51.6230,4660.00,0.560000,0.540000,1,3,"Transit",2013
"Kepler-145 b","Kepler-145",2.65000000,3.71000000000000e+01,22.95100000000,0.1730800000,873.00,154.7050,6022.00,1.320000,1.850000,1,2,"Transit",2013
"Kepler-295 b","Kepler-295",1.22000000,,12.64516400000,0.0990000000,741.00,287.5000,5603.00,0.890000,0.898000,1,3,"Transit",2014
"Kepler-288 c","Kepler-288",2.85000000,,19.30577200000,0.1400000000,815.00,53.1480,5918.00,0.842000,1.091000,1,3,"Transit",2014
"Kepler-286 d","Kepler-286",1.33000000,,5.91432300000,0.0610000000,919.00,173.9000,5580.00,0.830000,0.863000,1,4,"Transit",2014
"Kepler-312 c","Kepler-312",3.15000000,,19.74741200000,0.1530000000,754.00,165.8240,6115.00,1.314000,1.467000,1,2,"Transit",2014
"Kepler-287 c","Kepler-287",3.26000000,6.60000000000000e+01,44.85189600000,0.2460000000,513.00,12.4570,5806.00,0.963000,1.032000,1,2,"Transit",2014
"Kepler-285 b","Kepler-285",1.34000000,,2.63386700000,0.0360000000,1131.00,428.4070,5411.00,0.915000,0.808000,1,2,"Transit",2014
"Kepler-178 d","Kepler-178",3.95000000,,96.67898800000,0.3970000000,392.00,3.8740,5676.00,0.852000,1.066000,1,3,"Transit",2014
"Kepler-183 b","Kepler-183",2.06000000,,5.68794500000,0.0640000000,1088.00,281.8450,5888.00,0.990000,0.958000,1,2,"Transit",2014
"Kepler-315 b","Kepler-315",3.77000000,,96.10114100000,0.4020000000,409.00,6.6740,5796.00,0.831000,1.037000,1,2,"Transit",2014
"Kepler-316 c","Kepler-316",1.16000000,,6.82776600000,0.0580000000,577.00,37.3770,4204.00,0.587000,0.520000,1,2,"Transit",2014
"Kepler-284 b","Kepler-284",2.24000000,,12.69914900000,0.1040000000,686.00,38.3660,5615.00,0.766000,0.814000,1,2,"Transit",2014
"Kepler-281 c","Kepler-281",5.31000000,1.61124000000000e+02,36.33737300000,0.2150000000,513.00,35.2030,5723.00,0.950000,0.899000,1,3,"Transit",2014
"Kepler-85 d","Kepler-85",1.20000000,8.69679000000000e+00,17.91323000000,0.1300000000,626.00,38.3900,5436.00,0.947000,0.893000,1,4,"Transit",2014
"Kepler-353 b","Kepler-353",0.89000000,,5.79527800000,0.0510000000,534.00,27.1890,3903.00,0.553000,0.504000,2,2,"Transit",2014
"Kepler-372 c","Kepler-372",2.09000000,,20.05376300000,0.1540000000,755.00,91.8810,6509.00,1.202000,1.137000,1,3,"Transit",2014
"Kepler-374 c","Kepler-374",1.10000000,,3.28280700000,0.0420000000,1467.00,966.5910,5977.00,1.033000,0.911000,1,3,"Transit",2014
"Kepler-151 c","Kepler-151",2.09000000,,24.67461200000,0.1600000000,544.00,21.4070,5460.00,0.870000,0.830000,1,2,"Transit",2014
"Kepler-386 c","Kepler-386",1.58000000,,25.19345800000,0.1550000000,513.00,16.6570,5178.00,0.825000,0.767000,1,2,"Transit",2014
"Kepler-213 c","Kepler-213",2.34000000,,4.82296200000,0.0570000000,1060.00,339.5360,5696.00,1.070000,1.195000,1,2,"Transit",2014
"Kepler-211 b","Kepler-211",1.26000000,,4.13857500000,0.0480000000,954.00,158.1880,5123.00,0.867000,0.816000,1,2,"Transit",2014
"Kepler-355 b","Kepler-355",1.46000000,,11.03189000000,0.1020000000,840.00,154.8030,6184.00,0.933000,1.066000,1,2,"Transit",2014
"Kepler-356 b","Kepler-356",1.57000000,,4.61269600000,0.0570000000,1294.00,844.9790,6133.00,1.163000,1.335000,1,2,"Transit",2014
"Kepler-355 c","Kepler-355",2.71000000,,25.76229400000,0.1790000000,633.00,49.9730,6184.00,0.933000,1.066000,1,2,"Transit",2014
"Kepler-356 c","Kepler-356",1.81000000,,13.12163200000,0.1150000000,913.00,209.3680,6133.00,1.163000,1.335000,1,2,"Transit",2014
"Kepler-387 b","Kepler-387",1.03000000,,6.79163600000,0.0680000000,994.00,304.0810,5774.00,0.850000,1.046000,1,2,"Transit",2014
"Kepler-388 b","Kepler-388",0.81000000,,3.17331500000,0.0360000000,830.00,112.2100,4498.00,0.635000,0.586000,1,2,"Transit",2014
"Kepler-404 b","Kepler-404",1.27000000,,11.82985100000,0.1020000000,730.00,44.5340,5654.00,0.860000,0.884000,1,2,"Transit",2014
"Kepler-221 d","Kepler-221",2.73000000,3.61000000000000e+00,10.04156000000,0.0870000000,712.00,56.2930,5243.00,0.854000,0.821000,1,4,"Transit",2014
"Kepler-357 b","Kepler-357",1.84000000,,6.47543400000,0.0630000000,793.00,69.5700,5036.00,0.794000,0.834000,1,3,"Transit",2014
"Kepler-358 b","Kepler-358",2.72000000,,34.06046700000,0.2100000000,554.00,21.8050,5908.00,0.940000,0.954000,1,2,"Transit",2014
"Kepler-376 c","Kepler-376",1.79000000,,14.17232700000,0.1150000000,873.00,168.2900,5900.00,0.968000,1.175000,1,2,"Transit",2014
"Kepler-378 b","Kepler-378",0.75000000,,16.09236100000,0.1120000000,503.00,17.8190,4661.00,0.780000,0.671000,1,2,"Transit",2014
"Kepler-389 b","Kepler-389",1.51000000,,3.24410700000,0.0410000000,1047.00,167.0580,5376.00,0.765000,0.792000,1,2,"Transit",2014
"Kepler-118 b","Kepler-118",1.96000000,,7.51849600000,0.0730000000,784.00,79.7530,5274.00,0.811000,1.094000,1,2,"Transit",2014
"Kepler-359 b","Kepler-359",3.53000000,,25.56322200000,0.1780000000,671.00,23.9000,6248.00,0.827000,1.086000,1,3,"Transit",2014
"Kepler-363 c","Kepler-363",1.69000000,6.64000000000000e+01,7.54242700000,0.0790000000,1054.00,376.2900,5593.00,1.226000,1.485000,1,3,"Transit",2014
"Kepler-379 c","Kepler-379",2.29000000,,62.78469700000,0.3260000000,530.00,19.7930,6054.00,1.125000,1.306000,1,2,"Transit",2014
"Kepler-112 c","Kepler-112",2.40000000,,28.57426300000,0.1720000000,538.00,24.2550,5544.00,0.782000,0.841000,1,2,"Transit",2014
"Kepler-163 b","Kepler-163",1.05000000,,7.81093700000,0.0780000000,906.00,115.6120,5776.00,0.882000,0.917000,1,2,"Transit",2014
"Kepler-390 b","Kepler-390",0.82000000,,6.73808800000,0.0650000000,786.00,99.9720,5166.00,0.787000,0.776000,2,2,"Transit",2014
"Kepler-52 d","Kepler-52",1.95000000,8.88775000000000e+01,36.44517100000,0.1820000000,332.00,2.9450,4263.00,0.577000,0.556000,1,3,"Transit",2014
"Kepler-231 b","Kepler-231",1.73000000,3.54000000000000e+01,10.06527500000,0.0740000000,488.00,14.8790,3767.00,0.580000,0.490000,1,2,"Transit",2014
"Kepler-357 d","Kepler-357",3.43000000,,49.49987500000,0.2460000000,402.00,4.6190,5036.00,0.794000,0.834000,1,3,"Transit",2014
"Kepler-358 c","Kepler-358",2.85000000,,83.48836900000,0.3810000000,411.00,6.5990,5908.00,0.940000,0.954000,1,2,"Transit",2014
"Kepler-139 b","Kepler-139",2.94000000,7.00000000000000e+00,15.77104400000,0.1270000000,752.00,64.7800,5594.00,1.078000,1.300000,1,5,"Transit",2014
"Kepler-172 d","Kepler-172",2.25000000,,14.62711900000,0.1180000000,736.00,75.2900,5526.00,1.081000,1.085000,1,4,"Transit",2014
"Kepler-237 b","Kepler-237",1.41000000,,4.71510600000,0.0500000000,823.00,124.9610,4861.00,0.696000,0.725000,1,2,"Transit",2014
"Kepler-235 c","Kepler-235",1.28000000,,7.82490400000,0.0650000000,555.00,14.2000,4255.00,0.581000,0.554000,1,4,"Transit",2014
"Kepler-363 b","Kepler-363",1.16000000,,3.61456800000,0.0480000000,1347.00,1000.2430,5593.00,1.226000,1.485000,1,3,"Transit",2014
"Kepler-272 b","Kepler-272",1.43000000,7.80000000000000e+01,2.97135300000,0.0380000000,1200.00,801.7410,5297.00,0.910000,0.929000,1,3,"Transit",2014
"Kepler-353 c","Kepler-353",1.38000000,,8.41089400000,0.0650000000,472.00,16.5610,3903.00,0.553000,0.504000,2,2,"Transit",2014
"Kepler-359 c","Kepler-359",4.30000000,2.90000000000000e+00,57.68802000000,0.3070000000,512.00,8.1000,6248.00,0.827000,1.086000,1,3,"Transit",2014
"Kepler-173 b","Kepler-173",1.29000000,,4.26374200000,0.0480000000,1179.00,599.4950,6031.00,1.067000,0.949000,1,2,"Transit",2014
"Kepler-175 c","Kepler-175",3.10000000,,34.03525700000,0.2130000000,583.00,31.9500,6064.00,0.969000,1.010000,1,2,"Transit",2014
"Kepler-141 c","Kepler-141",1.41000000,,7.01060600000,0.0670000000,738.00,77.4120,4910.00,0.878000,0.787000,1,2,"Transit",2014
"Kepler-239 c","Kepler-239",2.51000000,,56.22809800000,0.2680000000,366.00,4.3150,4914.00,0.757000,0.763000,1,2,"Transit",2014
"Kepler-367 c","Kepler-367",1.20000000,,53.57863700000,0.2530000000,357.00,3.7610,4710.00,0.768000,0.695000,1,2,"Transit",2014
"Kepler-143 c","Kepler-143",3.37000000,,27.08251100000,0.1810000000,703.00,58.7000,5848.00,0.982000,1.359000,1,2,"Transit",2014
"Kepler-360 b","Kepler-360",1.65000000,,3.28967200000,0.0440000000,1116.00,415.4340,6053.00,0.994000,1.058000,1,2,"Transit",2014
"Kepler-49 e","Kepler-49",1.56000000,1.03815000000000e+00,18.59610800000,0.1160000000,371.00,6.0630,4252.00,0.549000,0.559000,1,4,"Transit",2014
"Kepler-140 b","Kepler-140",1.61000000,,3.25427000000,0.0450000000,1301.00,848.6950,6077.00,1.044000,1.288000,1,2,"Transit",2014
"Kepler-392 b","Kepler-392",1.00000000,,5.34185300000,0.0590000000,1125.00,450.6540,5938.00,0.874000,1.129000,1,2,"Transit",2014
"Kepler-243 c","Kepler-243",1.99000000,,20.02621800000,0.1420000000,559.00,21.7200,5228.00,0.904000,0.842000,1,2,"Transit",2014
"Kepler-374 d","Kepler-374",1.31000000,,5.02821900000,0.0560000000,1272.00,548.0990,5977.00,1.033000,0.911000,1,3,"Transit",2014
"Kepler-375 b","Kepler-375",1.45000000,,12.12593400000,0.1010000000,851.00,64.4440,5826.00,0.891000,0.837000,1,2,"Transit",2014
"Kepler-116 c","Kepler-116",2.30000000,,13.07163000000,0.1160000000,964.00,208.9820,6142.00,1.198000,1.454000,1,2,"Transit",2014
"Kepler-280 c","Kepler-280",2.01000000,,4.80709100000,0.0560000000,1088.00,279.0850,5744.00,0.962000,0.886000,1,2,"Transit",2014
"Kepler-133 c","Kepler-133",2.84000000,,31.51758600000,0.2040000000,663.00,67.1610,5736.00,1.020000,1.425000,1,2,"Transit",2014
"Kepler-246 c","Kepler-246",1.50000000,,11.18716100000,0.0950000000,667.00,43.2080,5206.00,0.853000,0.831000,1,2,"Transit",2014
"Kepler-251 e","Kepler-251",2.77000000,,99.64016100000,0.4040000000,360.00,3.5480,5526.00,0.891000,0.890000,1,4,"Transit",2014
"Kepler-326 c","Kepler-326",1.40000000,1.74000000000000e+01,4.58035800000,0.0510000000,889.00,303.6200,5105.00,0.910000,0.801000,1,3,"Transit",2014
"K2-24 b","K2-24",5.63800000,2.06000000000000e+01,20.88959610000,0.1673000000,732.00,52.0000,5726.00,1.091000,1.185000,1,2,"Transit",2016
"Kepler-281 b","Kepler-281",2.82000000,3.24000000000000e+02,14.64600800000,0.1170000000,694.00,118.2460,5723.00,0.950000,0.899000,1,3,"Transit",2014
"Kepler-288 b","Kepler-288",1.67000000,,6.09732600000,0.0650000000,1197.00,247.3010,5918.00,0.842000,1.091000,1,3,"Transit",2014
"Kepler-393 b","Kepler-393",1.29000000,,9.18241700000,0.0910000000,1052.00,429.8130,6189.00,1.256000,1.382000,1,2,"Transit",2014
"Kepler-394 b","Kepler-394",1.60000000,,8.00501300000,0.0830000000,1035.00,164.7800,6402.00,0.870000,1.132000,1,3,"Transit",2014
"Kepler-26 e","Kepler-26",2.41000000,,46.82791500000,0.2200000000,276.00,1.7530,4486.00,0.593000,0.571000,1,4,"Transit",2014
"Kepler-255 b","Kepler-255",1.55000000,,5.71460600000,0.0630000000,971.00,174.3950,5573.00,0.867000,0.933000,1,3,"Transit",2014
"Kepler-344 b","Kepler-344",2.61000000,,21.96394500000,0.1530000000,643.00,27.3270,5774.00,0.931000,0.976000,1,2,"Transit",2014
"Kepler-342 b","Kepler-342",2.25000000,,15.17031800000,0.1280000000,905.00,160.2610,6175.00,1.213000,1.472000,1,4,"Transit",2014
"Kepler-291 c","Kepler-291",1.88000000,,5.70078600000,0.0650000000,1035.00,332.7370,6002.00,1.023000,1.016000,1,2,"Transit",2014
"Kepler-293 c","Kepler-293",3.83000000,,54.15574300000,0.2860000000,466.00,7.2870,5804.00,0.934000,0.957000,1,2,"Transit",2014
"Kepler-189 b","Kepler-189",1.21000000,,10.39993100000,0.0880000000,678.00,45.3890,5235.00,0.803000,0.750000,1,2,"Transit",2014
"Kepler-191 c","Kepler-191",1.86000000,,17.73850600000,0.1280000000,596.00,23.2000,5282.00,0.857000,0.789000,1,3,"Transit",2014
"Kepler-258 c","Kepler-258",3.61000000,,33.65307900000,0.1930000000,470.00,7.9850,4942.00,0.820000,0.915000,1,2,"Transit",2014
"Kepler-337 c","Kepler-337",2.05000000,,9.69320100000,0.0930000000,1017.00,376.2100,5684.00,1.081000,1.761000,1,2,"Transit",2014
"Kepler-298 c","Kepler-298",1.93000000,,22.92881000000,0.1360000000,416.00,8.6960,4465.00,0.660000,0.582000,1,3,"Transit",2014
"Kepler-300 b","Kepler-300",1.67000000,,10.44634700000,0.0940000000,812.00,265.1860,5986.00,1.070000,0.900000,1,2,"Transit",2014
"Kepler-137 b","Kepler-137",1.47000000,,8.43638700000,0.0770000000,742.00,86.3300,5187.00,0.850000,0.802000,1,2,"Transit",2014
"Kepler-261 c","Kepler-261",2.00000000,,24.57085800000,0.1560000000,505.00,14.5120,5098.00,0.834000,0.794000,1,2,"Transit",2014
"Kepler-265 b","Kepler-265",1.86000000,,6.84626200000,0.0690000000,1022.00,220.3280,5835.00,0.970000,1.103000,1,4,"Transit",2014
"Kepler-339 b","Kepler-339",1.42000000,,4.97765600000,0.0550000000,1023.00,159.9450,5631.00,0.870000,0.802000,1,3,"Transit",2014
"Kepler-325 b","Kepler-325",2.91000000,,4.54443900000,0.0530000000,1017.00,210.5540,5752.00,0.914000,1.003000,1,3,"Transit",2014
"Kepler-126 b","Kepler-126",1.52000000,,10.49571100000,0.0990000000,1009.00,298.0880,6239.00,1.108000,1.358000,1,3,"Transit",2014
"Kepler-380 b","Kepler-380",1.19000000,,3.93082100000,0.0500000000,1317.00,808.0930,6045.00,0.990000,1.224000,1,2,"Transit",2014
"Kepler-397 c","Kepler-397",6.18000000,,135.49852700000,0.4800000000,295.00,1.8000,5307.00,0.844000,0.767000,1,2,"Transit",2014
"TOI-4504 b","TOI-4504",2.65000000,1.40000000000000e+02,2.42615160000,0.0338000000,1345.00,548.0544,5315.00,0.875000,0.930000,1,3,"Transit",2024
"Kepler-188 b","Kepler-188",1.68000000,,2.06189700000,0.0320000000,1463.00,1069.2350,6021.00,1.021000,1.141000,1,2,"Transit",2014
"Kepler-362 c","Kepler-362",1.45000000,,37.86628100000,0.2070000000,543.00,36.6670,5788.00,0.904000,0.722000,1,2,"Transit",2014
"Kepler-136 c","Kepler-136",1.99000000,,16.39923500000,0.1330000000,847.00,162.0440,6165.00,1.204000,1.355000,2,2,"Transit",2014
"Kepler-381 c","Kepler-381",1.12000000,,13.39163500000,0.1170000000,1180.00,225.3310,6152.00,1.144000,1.568000,1,3,"Transit",2014
"Kepler-398 b","Kepler-398",0.93000000,,4.08142300000,0.0440000000,755.00,81.2870,4493.00,0.649000,0.613000,1,3,"Transit",2014
"Kepler-136 b","Kepler-136",2.05000000,1.98000000000000e+01,11.57890000000,0.1060000000,951.00,257.9840,6165.00,1.204000,1.355000,2,2,"Transit",2014
"Kepler-272 d","Kepler-272",2.25000000,,10.93730400000,0.0910000000,777.00,141.1350,5297.00,0.910000,0.929000,1,3,"Transit",2014
"Kepler-206 d","Kepler-206",1.19000000,,23.44281000000,0.1630000000,681.00,44.1700,5764.00,0.957000,1.185000,1,3,"Transit",2014
"Kepler-141 b","Kepler-141",0.69000000,,3.10767500000,0.0390000000,968.00,228.6630,4910.00,0.878000,0.787000,1,2,"Transit",2014
"Kepler-399 d","Kepler-399",1.89000000,,58.03461600000,0.2610000000,486.00,5.5700,5502.00,0.902000,0.680000,1,3,"Transit",2014
"Kepler-400 b","Kepler-400",1.65000000,,9.02438900000,0.0870000000,939.00,183.3900,5886.00,1.080000,1.145000,1,2,"Transit",2014
"Kepler-366 b","Kepler-366",1.46000000,,3.28195900000,0.0450000000,1326.00,1873.3110,6209.00,1.088000,1.048000,1,2,"Transit",2014
"Kepler-367 b","Kepler-367",1.30000000,,37.81572400000,0.2010000000,401.00,5.9850,4710.00,0.768000,0.695000,1,2,"Transit",2014
"Kepler-135 b","Kepler-135",1.81000000,,6.00253000000,0.0670000000,1209.00,496.6780,6090.00,1.047000,1.275000,1,2,"Transit",2014
"Kepler-383 b","Kepler-383",1.32000000,,12.90453200000,0.0950000000,545.00,20.9100,4710.00,0.669000,0.672000,1,2,"Transit",2014
"Kepler-401 b","Kepler-401",1.71000000,,14.38303500000,0.1220000000,889.00,254.2500,6117.00,1.173000,1.333000,1,3,"Transit",2014
"Kepler-402 c","Kepler-402",1.56000000,,6.12482100000,0.0680000000,1140.00,353.9730,6090.00,1.072000,1.264000,1,4,"Transit",2014
"Kepler-351 b","Kepler-351",3.06000000,4.80000000000000e+00,37.05491900000,0.2140000000,498.00,11.9830,5643.00,0.810000,0.854000,1,3,"Transit",2014
"Kepler-350 b","Kepler-350",1.85000000,1.69000000000000e+01,11.18956200000,0.1040000000,1037.00,257.7210,6186.00,1.190000,1.534000,1,3,"Transit",2014
"Kepler-369 c","Kepler-369",1.41000000,,14.87157200000,0.0940000000,391.00,4.2100,3591.00,0.500000,0.471000,1,2,"Transit",2014
"Kepler-371 b","Kepler-371",1.89000000,,34.76327800000,0.2000000000,554.00,41.7370,5666.00,0.876000,0.992000,1,2,"Transit",2014
"Kepler-147 b","Kepler-147",1.53000000,,12.61058400000,0.1130000000,953.00,224.6100,6012.00,1.145000,1.468000,1,2,"Transit",2014
"Kepler-132 d","Kepler-132",1.55000000,,18.01019900000,0.1360000000,758.00,68.6000,6003.00,0.929000,1.178000,2,4,"Transit",2014
"Kepler-200 c","Kepler-200",1.59000000,,10.22215700000,0.0900000000,806.00,126.3610,5678.00,0.972000,0.944000,1,2,"Transit",2014
"Kepler-215 e","Kepler-215",1.75000000,,68.16101000000,0.3140000000,405.00,7.4440,5739.00,0.788000,1.027000,1,4,"Transit",2014
"Kepler-347 c","Kepler-347",1.75000000,,27.32087100000,0.1830000000,705.00,65.7070,6088.00,0.922000,1.005000,1,3,"Transit",2014
"Kepler-202 b","Kepler-202",1.63000000,,4.06942700000,0.0450000000,802.00,108.5040,4668.00,0.683000,0.667000,1,2,"Transit",2014
"Kepler-84 f","Kepler-84",2.20000000,,44.55216900000,0.2500000000,572.00,25.3000,6031.00,1.060000,1.169000,1,5,"Transit",2014
"Kepler-310 b","Kepler-310",1.19000000,,13.93069800000,0.1110000000,665.00,45.9700,5797.00,0.854000,0.876000,1,3,"Transit",2014
"Kepler-270 c","Kepler-270",1.77000000,,25.26288700000,0.1800000000,756.00,62.2410,6067.00,1.170000,1.461000,1,2,"Transit",2014
"Kepler-24 d","Kepler-24",1.67000000,2.93959000000000e+02,4.24438400000,0.0510000000,1305.00,601.8950,5897.00,1.046000,1.289000,1,4,"Transit",2014
"Kepler-217 c","Kepler-217",1.85000000,,8.58600400000,0.0890000000,1208.00,730.8080,6171.00,1.342000,1.799000,1,3,"Transit",2014
"Kepler-220 e","Kepler-220",1.33000000,,45.90273300000,0.2260000000,341.00,4.2740,4632.00,0.729000,0.666000,1,4,"Transit",2014
"Kepler-313 c","Kepler-313",2.57000000,,32.27327300000,0.2080000000,683.00,51.1000,5727.00,1.114000,1.536000,1,2,"Transit",2014
"Kepler-311 c","Kepler-311",1.43000000,,19.73828600000,0.1450000000,744.00,72.4560,5905.00,0.994000,1.188000,1,3,"Transit",2014
"Kepler-282 c","Kepler-282",1.20000000,,13.63872300000,0.1060000000,717.00,116.1170,5602.00,0.860000,0.904000,1,4,"Transit",2014
"Kepler-286 e","Kepler-286",1.77000000,,29.22128900000,0.1760000000,539.00,20.6000,5580.00,0.830000,0.863000,1,4,"Transit",2014
"Kepler-204 b","Kepler-204",2.53000000,,14.40097400000,0.1170000000,828.00,79.7030,5812.00,1.038000,1.238000,1,2,"Transit",2014
"Kepler-359 d","Kepler-359",4.01000000,2.70000000000000e+00,77.09569100000,0.3720000000,464.00,5.5000,6248.00,0.827000,1.086000,1,3,"Transit",2014
"Kepler-314 b","Kepler-314",0.83000000,,2.46106900000,0.0350000000,1195.00,488.6740,5378.00,0.990000,0.950000,1,2,"Transit",2014
"Kepler-316 b","Kepler-316",1.06000000,,2.24050800000,0.0270000000,837.00,164.7760,4204.00,0.587000,0.520000,1,2,"Transit",2014
"Kepler-288 d","Kepler-288",2.67000000,,56.63374200000,0.2870000000,570.00,12.6590,5918.00,0.842000,1.091000,1,3,"Transit",2014
"Kepler-149 b","Kepler-149",4.21000000,,29.19894300000,0.1840000000,540.00,23.6400,5381.00,1.013000,0.953000,1,3,"Transit",2014
"Kepler-372 b","Kepler-372",1.36000000,,6.84969200000,0.0750000000,1081.00,384.6270,6509.00,1.202000,1.137000,1,3,"Transit",2014
"Kepler-205 b","Kepler-205",1.51000000,,2.75564000000,0.0320000000,757.00,102.5620,4321.00,0.592000,0.546000,1,2,"Transit",2014
"Kepler-361 b","Kepler-361",1.45000000,,8.48661600000,0.0860000000,1060.00,411.9050,6169.00,1.191000,1.343000,1,2,"Transit",2014
"Kepler-317 c","Kepler-317",1.72000000,,8.77501000000,0.0830000000,837.00,81.7610,5497.00,0.865000,0.941000,1,2,"Transit",2014
"Kepler-319 d","Kepler-319",2.29000000,,31.78192500000,0.1910000000,528.00,17.9620,5526.00,0.933000,0.903000,1,3,"Transit",2014
"Kepler-295 d","Kepler-295",1.36000000,,33.88405400000,0.1920000000,533.00,104.9620,5603.00,0.890000,0.898000,1,3,"Transit",2014
"Kepler-308 c","Kepler-308",2.16000000,,15.38231000000,0.1230000000,714.00,58.6790,5895.00,0.920000,0.941000,1,2,"Transit",2014
"Kepler-234 b","Kepler-234",3.70000000,,2.71150600000,0.0400000000,1420.00,1007.7160,6224.00,1.129000,1.113000,1,2,"Transit",2014
"Kepler-378 c","Kepler-378",0.70000000,,28.90600900000,0.1660000000,414.00,8.1660,4661.00,0.780000,0.671000,1,2,"Transit",2014
"Kepler-321 b","Kepler-321",1.77000000,,4.91537900000,0.0570000000,1042.00,296.1550,5740.00,1.024000,1.194000,1,2,"Transit",2014
"Kepler-322 b","Kepler-322",1.01000000,,1.65388800000,0.0270000000,1373.00,735.1790,5388.00,0.908000,0.890000,1,2,"Transit",2014
"Kepler-397 b","Kepler-397",2.46000000,,22.25094900000,0.1440000000,539.00,20.0100,5307.00,0.844000,0.767000,1,2,"Transit",2014
"Kepler-198 b","Kepler-198",2.82000000,,17.79003700000,0.1310000000,655.00,44.5490,5574.00,0.995000,0.940000,1,3,"Transit",2014
"Kepler-386 b","Kepler-386",1.39000000,,12.31043000000,0.0960000000,651.00,43.2620,5178.00,0.825000,0.767000,1,2,"Transit",2014
"Kepler-206 c","Kepler-206",1.77000000,,13.13747100000,0.1110000000,825.00,95.5100,5764.00,0.957000,1.185000,1,3,"Transit",2014
"Kepler-173 c","Kepler-173",2.43000000,,8.00577700000,0.0740000000,956.00,258.4180,6031.00,1.067000,0.949000,1,2,"Transit",2014
"Kepler-250 b","Kepler-250",1.13000000,,4.14814100000,0.0480000000,938.00,148.1030,5160.00,0.806000,0.805000,1,3,"Transit",2014
"Kepler-325 c","Kepler-325",2.54000000,,12.76217200000,0.1050000000,721.00,53.0440,5752.00,0.914000,1.003000,1,3,"Transit",2014
"Kepler-157 c","Kepler-157",2.24000000,,13.54050000000,0.1100000000,779.00,101.7540,5774.00,0.950000,1.044000,1,3,"Transit",2014
"Kepler-392 c","Kepler-392",1.10000000,,10.42311800000,0.0930000000,901.00,185.0980,5938.00,0.874000,1.129000,1,2,"Transit",2014
"Kepler-365 c","Kepler-365",1.64000000,,17.78412900000,0.1370000000,729.00,66.8700,6012.00,1.020000,1.048000,1,2,"Transit",2014
"Kepler-243 b","Kepler-243",2.45000000,,5.71544200000,0.0620000000,850.00,115.5050,5228.00,0.904000,0.842000,1,2,"Transit",2014
"Kepler-402 e","Kepler-402",1.46000000,,11.24286100000,0.1020000000,931.00,157.4810,6090.00,1.072000,1.264000,1,4,"Transit",2014
"Kepler-402 d","Kepler-402",1.38000000,,8.92109900000,0.0870000000,1006.00,214.2770,6090.00,1.072000,1.264000,1,4,"Transit",2014
"Kepler-147 c","Kepler-147",2.43000000,,33.41642300000,0.2160000000,689.00,61.2870,6012.00,1.145000,1.468000,1,2,"Transit",2014
"Kepler-183 c","Kepler-183",2.27000000,3.57000000000000e+01,11.63707100000,0.1030000000,857.00,108.7170,5888.00,0.990000,0.958000,1,2,"Transit",2014
"Kepler-244 b","Kepler-244",2.76000000,,4.31179200000,0.0500000000,1038.00,242.4710,5554.00,0.933000,0.803000,1,3,"Transit",2014
"Kepler-209 b","Kepler-209",2.26000000,,16.08784500000,0.1220000000,668.00,48.6620,5513.00,0.971000,0.935000,1,2,"Transit",2014
"Kepler-127 b","Kepler-127",1.40000000,,14.43588900000,0.1250000000,884.00,159.1630,6106.00,1.248000,1.359000,1,3,"Transit",2014
"Kepler-403 c","Kepler-403",1.75000000,,54.28074900000,0.2970000000,604.00,45.1540,6090.00,1.299000,1.329000,1,3,"Transit",2014
"Kepler-376 b","Kepler-376",1.07000000,,4.92019900000,0.0570000000,1242.00,689.9120,5900.00,0.968000,1.175000,1,2,"Transit",2014
"Kepler-331 c","Kepler-331",1.84000000,,17.28111000000,0.1050000000,425.00,13.8880,4347.00,0.653000,0.492000,1,3,"Transit",2014
"Kepler-256 e","Kepler-256",2.35000000,,10.68157200000,0.0960000000,897.00,98.9000,5551.00,1.037000,1.301000,1,4,"Transit",2014
"Kepler-209 c","Kepler-209",3.10000000,,41.74988200000,0.2310000000,486.00,13.6370,5513.00,0.971000,0.935000,1,2,"Transit",2014
"Kepler-229 d","Kepler-229",3.85000000,,41.19491200000,0.2200000000,439.00,6.1620,5120.00,0.808000,0.728000,1,3,"Transit",2014
"Kepler-237 c","Kepler-237",2.08000000,,8.10363600000,0.0710000000,687.00,60.6420,4861.00,0.696000,0.725000,1,2,"Transit",2014
"Kepler-383 c","Kepler-383",1.24000000,,31.20075100000,0.1720000000,406.00,6.4400,4710.00,0.669000,0.672000,1,2,"Transit",2014
"Kepler-333 c","Kepler-333",1.11000000,,24.08821000000,0.1350000000,386.00,7.0490,4259.00,0.601000,0.534000,2,2,"Transit",2014
"Kepler-334 d","Kepler-334",1.41000000,,25.09849000000,0.1680000000,656.00,39.4750,5828.00,1.022000,1.068000,1,3,"Transit",2014
"Kepler-156 c","Kepler-156",2.55000000,,15.90680100000,0.1170000000,588.00,28.6420,5094.00,0.864000,0.807000,1,2,"Transit",2014
"Kepler-405 c","Kepler-405",4.66000000,,29.72668200000,0.1880000000,557.00,14.0860,5818.00,0.873000,0.893000,1,2,"Transit",2014
"Kepler-274 c","Kepler-274",1.84000000,,33.19786100000,0.2040000000,678.00,36.5180,6023.00,0.883000,1.007000,1,2,"Transit",2014
"Kepler-315 c","Kepler-315",4.15000000,,265.46933500000,0.7910000000,291.00,1.7220,5796.00,0.831000,1.037000,1,2,"Transit",2014
"Kepler-387 c","Kepler-387",0.89000000,,11.83754900000,0.0980000000,826.00,144.9630,5774.00,0.850000,1.046000,1,2,"Transit",2014
"Kepler-388 c","Kepler-388",0.86000000,,13.29700400000,0.0930000000,515.00,16.6400,4498.00,0.635000,0.586000,1,2,"Transit",2014
"Kepler-337 b","Kepler-337",1.54000000,,3.29278100000,0.0450000000,1458.00,1589.0120,5684.00,1.081000,1.761000,1,2,"Transit",2014
"Kepler-134 c","Kepler-134",1.26000000,,10.10578500000,0.0920000000,892.00,128.0860,5983.00,0.956000,1.176000,1,2,"Transit",2014
"Kepler-140 c","Kepler-140",1.80000000,,91.35328200000,0.4140000000,428.00,9.9570,6077.00,1.044000,1.288000,1,2,"Transit",2014
"Kepler-159 b","Kepler-159",2.38000000,,10.13962300000,0.0820000000,447.00,33.4630,4625.00,0.628000,0.663000,1,2,"Transit",2014
"Kepler-320 c","Kepler-320",1.37000000,,17.93493700000,0.1420000000,1002.00,101.6190,6435.00,1.072000,1.108000,1,2,"Transit",2014
"Kepler-292 c","Kepler-292",1.47000000,,3.71533500000,0.0450000000,1001.00,242.4160,5299.00,0.865000,0.826000,1,5,"Transit",2014
"Kepler-149 c","Kepler-149",1.61000000,,55.32832800000,0.2810000000,436.00,10.0840,5381.00,1.013000,0.953000,1,3,"Transit",2014
"Kepler-164 b","Kepler-164",1.41000000,,5.03503000000,0.0580000000,1141.00,370.9220,5888.00,1.036000,1.148000,1,4,"Transit",2014
"Kepler-320 b","Kepler-320",1.14000000,,8.37155400000,0.0850000000,1292.00,280.5590,6435.00,1.072000,1.108000,1,2,"Transit",2014
"Kepler-395 b","Kepler-395",1.03000000,,7.05434600000,0.0610000000,576.00,17.8000,4262.00,0.622827,0.556000,1,2,"Transit",2014
"Kepler-341 d","Kepler-341",1.85000000,,27.66631300000,0.1820000000,622.00,45.4230,6012.00,0.976000,1.024000,1,4,"Transit",2014
"Kepler-341 e","Kepler-341",1.99000000,,42.47326900000,0.2420000000,539.00,25.6670,6012.00,0.976000,1.024000,1,4,"Transit",2014
"Kepler-169 b","Kepler-169",1.13000000,,3.25061900000,0.0400000000,962.00,195.2210,4997.00,0.825000,0.763000,1,5,"Transit",2014
"Kepler-169 f","Kepler-169",2.58000000,,87.09019500000,0.3590000000,321.00,2.4390,4997.00,0.825000,0.763000,1,5,"Transit",2014
"Kepler-332 c","Kepler-332",1.09000000,,15.99562200000,0.1140000000,550.00,19.9860,4955.00,0.743000,0.720000,1,3,"Transit",2014
"Kepler-143 b","Kepler-143",2.41000000,,16.00758300000,0.1270000000,838.00,118.3340,5848.00,0.982000,1.359000,1,2,"Transit",2014
"Kepler-299 b","Kepler-299",1.32000000,,2.92712800000,0.0400000000,1258.00,622.0670,5617.00,1.004000,1.032000,1,4,"Transit",2014
"Kepler-301 c","Kepler-301",1.35000000,,5.41902600000,0.0600000000,989.00,238.4810,5815.00,1.022000,0.900000,1,3,"Transit",2014
"Kepler-342 d","Kepler-342",2.49000000,,39.45935700000,0.2420000000,658.00,44.8280,6175.00,1.213000,1.472000,1,4,"Transit",2014
"Kepler-233 c","Kepler-233",2.71000000,,60.41895500000,0.2870000000,390.00,6.1950,5360.00,0.855000,0.758000,1,2,"Transit",2014
"Kepler-171 d","Kepler-171",1.89000000,,39.59551900000,0.2230000000,497.00,15.1030,5642.00,0.978000,0.839000,1,3,"Transit",2014
"HD 60779 b","HD 60779",3.24600000,1.41900000000000e+01,29.98617500000,0.1922000000,650.00,42.3921,6081.00,1.050000,1.129000,1,2,"Transit",2026
"Kepler-335 c","Kepler-335",3.07000000,,67.84446900000,0.3560000000,592.00,32.0350,5877.00,1.367000,1.854000,1,2,"Transit",2014
"Kepler-332 d","Kepler-332",1.18000000,,34.21154000000,0.1890000000,427.00,7.2530,4955.00,0.743000,0.720000,1,3,"Transit",2014
"Kepler-262 b","Kepler-262",1.36000000,,13.06085500000,0.1080000000,734.00,50.1690,5841.00,0.816000,0.881000,1,2,"Transit",2014
"Kepler-263 c","Kepler-263",2.47000000,,47.33277300000,0.2420000000,386.00,5.9940,5265.00,0.793000,0.785000,1,2,"Transit",2014
"Kepler-191 b","Kepler-191",1.34000000,,9.93963200000,0.0870000000,722.00,50.2000,5282.00,0.857000,0.789000,1,3,"Transit",2014
"Kepler-197 e","Kepler-197",0.91000000,,25.20971500000,0.1640000000,691.00,57.9410,6004.00,0.857000,1.120000,2,4,"Transit",2014
"Kepler-200 b","Kepler-200",2.13000000,,8.59480500000,0.0800000000,854.00,159.0690,5678.00,0.972000,0.944000,1,2,"Transit",2014
"Kepler-201 b","Kepler-201",2.46000000,,25.67208300000,0.1750000000,683.00,64.5490,6065.00,1.098000,1.229000,1,2,"Transit",2014
"Kepler-84 e","Kepler-84",2.60000000,,27.43438900000,0.1810000000,672.00,48.2900,6031.00,1.060000,1.169000,1,5,"Transit",2014
"Kepler-265 e","Kepler-265",2.59000000,,67.83102400000,0.3190000000,476.00,10.3540,5835.00,0.970000,1.103000,1,4,"Transit",2014
"Kepler-24 e","Kepler-24",2.78000000,2.62118000000000e+01,18.99835500000,0.1380000000,792.00,81.5060,5897.00,1.046000,1.289000,1,4,"Transit",2014
"Kepler-441 b","Kepler-441",1.64000000,,207.24820000000,0.6400000000,189.00,0.2100,4340.00,0.572000,0.550000,1,1,"Transit",2015
"Kepler-253 c","Kepler-253",2.65000000,,10.28195100000,0.0890000000,680.00,51.2730,5208.00,0.860000,0.786000,1,3,"Transit",2014
"Kepler-214 c","Kepler-214",2.13000000,,28.77980000000,0.1940000000,619.00,87.2440,6169.00,1.110000,1.352000,1,2,"Transit",2014
"Kepler-170 c","Kepler-170",2.86000000,,16.66586300000,0.1310000000,702.00,50.6820,5679.00,1.066000,1.035000,1,2,"Transit",2014
"Kepler-205 c","Kepler-205",1.64000000,,20.30654600000,0.1220000000,389.00,7.1400,4321.00,0.592000,0.546000,1,2,"Transit",2014
"CoRoT-22 b","CoRoT-22",4.88000000,1.22000000000000e+01,9.75598000000,0.0920000000,885.00,121.8837,5939.00,1.099000,1.136000,1,1,"Transit",2014
"Kepler-437 b","Kepler-437",2.14000000,,66.65062000000,0.2880000000,308.00,2.1500,4551.00,0.707000,0.680000,1,1,"Transit",2015
"Kepler-192 b","Kepler-192",2.74000000,,9.92674600000,0.0900000000,803.00,105.2970,5479.00,1.028000,1.007000,1,3,"Transit",2014
"Kepler-254 b","Kepler-254",3.87000000,,5.82666200000,0.0640000000,1013.00,184.3410,5957.00,0.849000,0.910000,1,3,"Transit",2014
"Kepler-196 c","Kepler-196",2.24000000,,47.42773700000,0.2400000000,407.00,6.8800,5128.00,0.839000,0.782000,1,3,"Transit",2014
"Kepler-101 b","Kepler-101",5.77000000,5.11000000000000e+01,3.48768120000,0.0474000000,1513.00,1240.3320,5667.00,1.170000,1.560000,1,2,"Transit",2014
"Kepler-439 b","Kepler-439",2.24000000,,178.13960000000,0.5630000000,291.00,1.8300,5431.00,0.884000,0.866000,1,1,"Transit",2015
"Kepler-256 c","Kepler-256",2.15000000,,3.38802000000,0.0450000000,1315.00,457.0660,5551.00,1.037000,1.301000,1,4,"Transit",2014
"Kepler-216 c","Kepler-216",3.04000000,,17.40666900000,0.1360000000,814.00,182.0570,6091.00,1.126000,1.260000,1,2,"Transit",2014
"Kepler-184 c","Kepler-184",1.97000000,8.80000000000000e+00,20.30300500000,0.1410000000,630.00,29.8750,5788.00,0.872000,0.873000,1,3,"Transit",2014
"KIC 10001893 d","KIC 10001893",,,0.81161000000,,,,27500.00,0.470000,0.180000,1,3,"Orbital Brightness Modulation",2014
"KIC 10001893 b","KIC 10001893",,,0.21970000000,,,,27500.00,0.470000,0.180000,1,3,"Orbital Brightness Modulation",2014
"HD 113538 c","HD 113538",13.80000000,,1818.00000000000,2.4400000000,100.28,0.0151,4462.00,0.585000,0.530000,1,2,"Radial Velocity",2010
"HD 30669 b","HD 30669",14.30000000,,1684.00000000000,2.6900000000,151.45,0.0987,5400.00,0.920000,0.910000,1,1,"Radial Velocity",2014
"Kepler-217 b","Kepler-217",2.23000000,,5.37494300000,0.0650000000,1413.00,1366.4770,6171.00,1.342000,1.799000,1,3,"Transit",2014
"Kepler-83 d","Kepler-83",1.94000000,4.10000000000000e+00,5.16979600000,0.0510000000,569.00,28.8100,4648.00,0.580000,0.594000,2,3,"Transit",2014
"Kepler-253 d","Kepler-253",3.17000000,,18.11986900000,0.1300000000,563.00,24.0840,5208.00,0.860000,0.786000,1,3,"Transit",2014
"Kepler-424 c","Kepler-424",12.70000000,,223.30000000000,0.7300000000,298.76,1.3285,5460.00,1.010000,0.940000,1,2,"Radial Velocity",2014
"Kepler-422 b","Kepler-422",12.89000000,1.36660000000000e+02,7.89144830000,0.0820000000,1028.00,264.9830,5972.00,1.150000,1.240000,1,1,"Transit",2014
"Kepler-445 c","Kepler-445",2.51000000,,4.87122900000,0.0301000000,341.00,9.1770,3157.00,0.180000,0.210000,1,3,"Transit",2015
"Kepler-446 b","Kepler-446",1.50000000,,1.56540900000,0.0182000000,648.00,16.2130,3359.00,0.220000,0.240000,1,3,"Transit",2015
"Kepler-259 b","Kepler-259",2.80000000,,8.11531700000,0.0790000000,879.00,113.4510,5938.00,0.867000,0.898000,1,2,"Transit",2014
"Kepler-193 b","Kepler-193",2.39000000,,11.38848000000,0.1060000000,979.00,117.3030,6335.00,1.051000,1.147000,1,2,"Transit",2014
"Kepler-215 b","Kepler-215",1.62000000,,9.36067200000,0.0840000000,784.00,105.0730,5739.00,0.788000,1.027000,1,4,"Transit",2014
"Kepler-192 c","Kepler-192",2.79000000,,21.22340000000,0.1500000000,623.00,38.2160,5479.00,1.028000,1.007000,1,3,"Transit",2014
"Kepler-426 b","Kepler-426",12.22000000,1.08060000000000e+02,3.21751883000,0.0414000000,1300.00,410.7230,5725.00,0.910000,0.920000,1,1,"Transit",2014
"Kepler-424 b","Kepler-424",9.98000000,3.27350000000000e+02,3.31186440000,0.0440000000,1116.00,470.7540,5460.00,1.010000,0.940000,1,2,"Transit",2014
"Kepler-427 b","Kepler-427",13.79000000,9.21700000000000e+01,10.29099400000,0.0910000000,1100.00,208.7210,5800.00,0.960000,1.350000,1,1,"Transit",2014
"HD 103720 b","HD 103720",14.10000000,,4.55570000000,0.0498000000,926.24,140.3478,5017.00,0.794000,0.730000,1,1,"Radial Velocity",2014
"Kepler-434 b","Kepler-434",12.67000000,9.08960000000000e+02,12.87470990000,0.1143000000,1000.00,158.2850,5977.00,1.198000,1.380000,1,1,"Transit",2015
"Kepler-221 c","Kepler-221",2.93000000,9.30000000000000e+00,5.69058600000,0.0590000000,860.00,119.8360,5243.00,0.854000,0.821000,1,4,"Transit",2014
"Kepler-222 b","Kepler-222",3.16000000,,3.93698100000,0.0480000000,1004.00,206.7690,5433.00,0.933000,0.869000,1,3,"Transit",2014
"Kepler-94 c","Kepler-94",12.50000000,3.12600000000000e+03,820.30000000000,1.5968066210,159.05,0.0955,4781.00,0.810000,0.760000,1,2,"Radial Velocity",2014
"Kepler-48 e","Kepler-48",13.40000000,6.57000000000000e+02,982.00000000000,1.8982747480,171.49,0.1426,5194.00,0.880000,0.890000,1,5,"Radial Velocity",2014
"Kepler-428 b","Kepler-428",12.11000000,4.03630000000000e+02,3.52563254000,0.0433000000,1070.00,195.0880,5150.00,0.870000,0.800000,1,1,"Transit",2014
"Kepler-425 b","Kepler-425",10.96200000,7.94500000000000e+01,3.79701816000,0.0464000000,1070.00,229.0360,5170.00,0.930000,0.860000,1,1,"Transit",2014
"Kepler-224 c","Kepler-224",3.12000000,,5.92500300000,0.0580000000,758.00,86.3320,5018.00,0.777000,0.676000,1,4,"Transit",2014
"Kepler-407 c","Kepler-407",12.30000000,4.00000000000000e+03,3000.00000000000,3.2709036900,146.73,0.0854,5476.00,1.000000,1.010000,1,2,"Radial Velocity",2014
"Kepler-106 c","Kepler-106",2.50000000,1.04400000000000e+01,13.57080000000,0.1098700000,785.00,96.9050,5858.00,1.000000,1.040000,1,4,"Transit",2014
"TYC 1422-614-1 b","TYC 1422-614-1",13.30000000,,198.40000000000,0.6900000000,730.19,47.0221,4806.00,1.150000,6.850000,1,2,"Radial Velocity",2014
"TYC 1422-614-1 c","TYC 1422-614-1",12.50000000,,559.30000000000,1.3700000000,518.21,11.9278,4806.00,1.150000,6.850000,1,2,"Radial Velocity",2014
"Kepler-445 b","Kepler-445",1.58000000,,2.98415100000,0.0217000000,401.00,17.6570,3157.00,0.180000,0.210000,1,3,"Transit",2015
"Kepler-446 d","Kepler-446",1.35000000,,5.14892100000,0.0403000000,436.00,3.3070,3359.00,0.220000,0.240000,1,3,"Transit",2015
"Kepler-164 c","Kepler-164",2.73000000,,10.94572300000,0.0970000000,881.00,131.4870,5888.00,1.036000,1.148000,1,4,"Transit",2014
"Kepler-165 b","Kepler-165",2.32000000,,8.18084800000,0.0720000000,716.00,59.7990,5211.00,0.746000,0.770000,1,2,"Transit",2014
"OGLE-2005-BLG-071L b","OGLE-2005-BLG-071L",13.00000000,1.20000000000000e+03,,3.6000000000,55.00,,,0.460000,,1,1,"Microlensing",2005
"OGLE-2008-BLG-092L b","OGLE-2008-BLG-092L",8.74000000,5.70000000000000e+01,,15.0000000000,,,,0.710000,,2,1,"Microlensing",2014
"Kepler-246 b","Kepler-246",2.34000000,,4.60182000000,0.0520000000,896.00,141.6130,5206.00,0.853000,0.831000,1,2,"Transit",2014
"Kepler-226 c","Kepler-226",2.27000000,4.52000000000000e+01,5.34955500000,0.0580000000,919.00,180.5130,5571.00,0.904000,0.802000,1,3,"Transit",2014
"Kepler-227 b","Kepler-227",3.11000000,,9.48801500000,0.0900000000,793.00,104.6410,5854.00,0.954000,1.091000,1,2,"Transit",2014
"Kepler-113 b","Kepler-113",1.82000000,1.17000000000000e+01,4.75400000000,0.0512300000,775.00,105.3330,4725.00,0.750000,0.690000,1,2,"Transit",2014
"Kepler-48 d","Kepler-48",2.04000000,7.93000000000000e+00,42.89610000000,0.2330200000,448.00,9.2920,5194.00,0.880000,0.890000,1,5,"Transit",2014
"Qatar-2 b","Qatar-2",14.05600000,7.92635000000000e+02,1.33711647000,0.0215300000,1344.00,447.4134,4645.00,0.743000,0.776000,1,1,"Transit",2011
"Kepler-117 c","Kepler-117",12.34100000,5.84780000000000e+02,50.79039100000,0.2804000000,704.00,41.8630,6150.00,1.129000,1.606000,1,2,"Transit",2014
"Kepler-161 b","Kepler-161",2.12000000,2.63000000000000e+00,4.92135500000,0.0540000000,868.00,123.4000,5078.00,0.853000,0.806000,1,2,"Transit",2014
"Kepler-153 b","Kepler-153",2.92000000,,18.87022700000,0.1290000000,621.00,21.6090,5404.00,0.756000,0.892000,1,2,"Transit",2014
"Kepler-229 c","Kepler-229",4.92000000,,16.06863800000,0.1170000000,600.00,21.6370,5120.00,0.808000,0.728000,1,3,"Transit",2014
"Kepler-100 d","Kepler-100",1.61000000,3.00000000000000e+00,35.33310000000,0.2174700000,670.00,53.9810,5825.00,1.080000,1.490000,1,4,"Transit",2014
"Kepler-98 b","Kepler-98",1.99000000,3.55000000000000e+00,1.54168000000,0.0261400000,1592.00,1107.3890,5539.00,0.990000,1.110000,1,1,"Transit",2014
"Kepler-117 b","Kepler-117",8.05900000,2.98750000000000e+01,18.79592280000,0.1445000000,984.00,157.5410,6150.00,1.129000,1.606000,1,2,"Transit",2014
"Kepler-430 b","Kepler-430",3.25000000,,35.96800000000,0.2244000000,667.00,40.8440,5884.00,1.166000,1.485000,1,2,"Transit",2015
"Kepler-230 b","Kepler-230",4.26000000,,32.62555500000,0.1910000000,506.00,11.8160,5588.00,0.784000,0.817000,1,2,"Transit",2014
"Kepler-166 b","Kepler-166",2.27000000,,7.65025400000,0.0720000000,772.00,77.5430,5413.00,0.811000,0.742000,1,3,"Transit",2014
"Kepler-131 b","Kepler-131",2.41000000,1.61300000000000e+01,16.09200000000,0.1278900000,718.00,66.1220,5685.00,1.020000,1.030000,1,2,"Transit",2014
"Kepler-406 b","Kepler-406",1.43000000,6.35000000000000e+00,2.42629000000,0.0359900000,1302.00,826.9330,5538.00,1.070000,1.070000,1,2,"Transit",2014
"Kepler-249 c","Kepler-249",1.51000000,,7.11370200000,0.0580000000,429.00,12.5290,3568.00,0.510238,0.482000,1,3,"Transit",2014
"Kepler-162 c","Kepler-162",3.03000000,,19.44635500000,0.1370000000,681.00,77.0520,5816.00,1.053000,0.958000,1,2,"Transit",2014
"Kepler-180 c","Kepler-180",3.01000000,,41.88577500000,0.2290000000,540.00,16.4230,5731.00,0.950000,1.063000,1,2,"Transit",2014
"Kepler-182 c","Kepler-182",3.43000000,,20.68434200000,0.1570000000,729.00,88.8520,6250.00,1.114000,1.146000,1,2,"Transit",2014
"HD 10180 c","HD 10180",,2.74158783878200e+03,5.75969000000,0.0641200000,1185.40,362.4092,5911.00,1.060000,1.109000,1,6,"Radial Velocity",2010
"Kepler-174 b","Kepler-174",1.96000000,,13.98179000000,0.1000000000,553.00,24.4180,4880.00,0.602000,0.622000,1,3,"Transit",2014
"Kepler-176 c","Kepler-176",2.60000000,1.33000000000000e+00,12.75971200000,0.1020000000,633.00,39.6310,5232.00,0.860000,0.891000,1,4,"Transit",2014
"Kepler-96 b","Kepler-96",2.67000000,8.46000000000000e+00,16.23850000000,0.1261000000,711.00,57.5240,5690.00,1.000000,1.020000,1,1,"Transit",2014
"Kepler-48 b","Kepler-48",1.88000000,3.94000000000000e+00,4.77800000000,0.0539400000,932.00,173.1200,5194.00,0.880000,0.890000,1,5,"Transit",2012
"HD 10180 d","HD 10180",,3.29588058059000e+03,16.35700000000,0.1285900000,837.06,90.1098,5911.00,1.060000,1.109000,1,6,"Radial Velocity",2010
"HD 10180 e","HD 10180",5.39000000,,49.74800000000,0.2699000000,577.77,20.4541,5911.00,1.060000,1.109000,1,6,"Radial Velocity",2010
"Kepler-55 d","Kepler-55",1.59000000,,2.21109900000,0.0290000000,931.00,195.0050,4503.00,0.631000,0.619000,1,5,"Transit",2014
"Kepler-187 c","Kepler-187",2.67000000,,10.64026300000,0.0990000000,963.00,324.1340,6105.00,1.081000,1.287000,1,2,"Transit",2014
"Kepler-233 b","Kepler-233",2.43000000,,8.47238200000,0.0770000000,751.00,85.1310,5360.00,0.855000,0.758000,1,2,"Transit",2014
"Kepler-234 c","Kepler-234",3.51000000,,7.21205000000,0.0770000000,1025.00,273.3040,6224.00,1.129000,1.113000,1,2,"Transit",2014
"MOA-2011-BLG-322L b","MOA-2011-BLG-322L",12.40000000,3.69000000000000e+03,,4.3000000000,,,,0.390000,,1,1,"Microlensing",2013
"CoRoT-24 b","CoRoT-24",3.70000000,5.70000000000000e+00,5.11340000000,0.0560000000,1070.00,79.8260,4950.00,0.910000,0.860000,1,2,"Transit",2014
"HD 10180 h","HD 10180",9.40000000,,2205.00000000000,3.3810000000,163.24,0.1303,5911.00,1.060000,1.109000,1,6,"Radial Velocity",2010
"Kepler-440 b","Kepler-440",1.86000000,,101.11141000000,0.2420000000,229.00,1.2000,4134.00,0.575000,0.559000,1,1,"Transit",2015
"Kepler-251 c","Kepler-251",2.77000000,,16.51404300000,0.1220000000,655.00,38.9530,5526.00,0.891000,0.890000,1,4,"Transit",2014
"Kepler-146 c","Kepler-146",3.13000000,,76.73217100000,0.3640000000,473.00,9.8870,5948.00,1.079000,1.208000,1,2,"Transit",2014
"Kepler-150 d","Kepler-150",2.79000000,,12.56093000000,0.1040000000,734.00,65.1420,5560.00,0.956000,0.939000,1,5,"Transit",2014
"OGLE-2008-BLG-355L b","OGLE-2008-BLG-355L",12.90000000,1.50000000000000e+03,,1.7000000000,,,,0.370000,,1,1,"Microlensing",2014
"CoRoT-24 c","CoRoT-24",5.00000000,2.80000000000000e+01,11.75900000000,0.0980000000,850.00,26.0656,4950.00,0.910000,0.860000,1,2,"Transit",2014
"Kepler-186 f","Kepler-186",1.17000000,,129.94410000000,0.4320000000,177.00,0.3000,3755.00,0.544000,0.523000,1,5,"Transit",2014
"Kepler-252 c","Kepler-252",2.15000000,,10.84846300000,0.0800000000,499.00,20.5070,4208.00,0.610000,0.549000,1,2,"Transit",2014
"Kepler-213 b","Kepler-213",1.62000000,,2.46236000000,0.0360000000,1326.00,833.4690,5696.00,1.070000,1.195000,1,2,"Transit",2014
"Kepler-159 c","Kepler-159",3.41000000,,43.59579200000,0.2180000000,275.00,4.7910,4625.00,0.628000,0.663000,1,2,"Transit",2014
"Kepler-202 c","Kepler-202",1.85000000,,16.28249300000,0.1130000000,505.00,17.0700,4668.00,0.683000,0.667000,1,2,"Transit",2014
"HD 35759 b","HD 35759",13.00000000,,82.46700000000,0.3890000000,621.56,22.7689,6060.00,1.150000,1.759974,1,1,"Radial Velocity",2016
"Kepler-477 b","Kepler-477",2.07000000,,11.11990653000,0.0911000000,649.00,38.7100,5240.00,0.870000,0.790000,2,1,"Transit",2016
"HD 67087 c","HD 67087",12.90000000,,2374.00000000000,3.8600000000,193.42,0.2327,6330.00,1.360000,1.550000,1,2,"Radial Velocity",2015
"Kepler-6 b","Kepler-6",14.61653600,2.12310440000000e+02,3.23469960000,0.0485200000,1460.00,792.2180,5647.00,1.209000,1.391000,1,1,"Transit",2009
"HD 220842 b","HD 220842",13.10000000,,218.47000000000,0.7400000000,397.62,4.1550,5960.00,1.130000,1.416470,2,1,"Radial Velocity",2016
"HIP 65407 c","HIP 65407",13.90000000,,67.30000000000,0.3160000000,457.04,6.5252,5460.00,0.930000,0.952252,1,2,"Radial Velocity",2016
"Kepler-505 b","Kepler-505",2.60000000,,27.52197994000,0.1445000000,314.00,3.6410,3931.00,0.550000,0.530000,1,1,"Transit",2016
"CoRoT-29 b","CoRoT-29",10.08810000,2.70155500000000e+02,2.85057000000,0.0386000000,1224.75,540.3673,5260.00,0.970000,0.900000,1,1,"Transit",2015
"tau Boo b","tau Boo",12.80000000,1.89100000000000e+03,3.31245680000,0.0490000000,1682.02,1333.7826,6466.27,1.320000,1.425880,2,1,"Radial Velocity",1996
"Kepler-412 b","Kepler-412",15.03126900,2.99078030000000e+02,1.72086040000,0.0289700000,1850.00,2144.3070,5750.00,1.167000,1.287000,1,1,"Transit",2014
"HD 141399 b","HD 141399",14.30000000,,94.44000000000,0.4150000000,493.71,9.2321,5600.00,1.070000,1.387236,1,4,"Radial Velocity",2014
"HD 141399 c","HD 141399",13.60000000,,201.99000000000,0.6890000000,383.17,3.3493,5600.00,1.070000,1.387236,1,4,"Radial Velocity",2014
"Kepler-754 b","Kepler-754",2.01000000,,14.55962370000,0.1160000000,758.00,216.4730,5935.00,1.060000,1.080000,1,1,"Transit",2016
"Kepler-753 b","Kepler-753",1.91000000,,5.74772501200,0.0540000000,641.00,41.6740,4346.00,0.680000,0.650000,1,1,"Transit",2016
"HAT-P-54 b","HAT-P-54",10.58129600,2.41550800000000e+02,3.79984700000,0.0411700000,818.00,88.6713,4390.00,0.645000,0.617000,1,1,"Transit",2015
"TrES-5 b","TrES-5",13.38354600,5.68915700000000e+02,1.48224686000,0.0245900000,1480.00,442.9930,5171.00,0.901000,0.868000,1,1,"Transit",2011
"KOI-13 b","KOI-13",16.94800800,2.94946240000000e+03,1.76358800000,0.0364100000,2550.00,25339.9010,7650.00,1.720000,1.740000,3,1,"Transit",2011
"WASP-42 b","WASP-42",12.57649800,1.67496410000000e+02,4.98168190000,0.0561000000,1021.00,137.1180,5315.00,0.951000,0.892000,1,1,"Transit",2012
"Kepler-766 b","Kepler-766",3.39000000,,6.10027804000,0.0660000000,990.00,227.1500,5992.00,1.100000,1.150000,1,1,"Transit",2016
"Kepler-771 b","Kepler-771",1.82000000,,8.73485836000,0.0843000000,890.00,339.2960,5906.00,1.030000,1.050000,1,1,"Transit",2016
"HD 100546 b","HD 100546",77.34210000,2.70154145950000e+03,,53.0000000000,94.67,0.0113,10500.00,2.400000,1.852880,1,1,"Imaging",2014
"Kepler-432 c","Kepler-432",13.30000000,,406.20000000000,,,,4995.00,1.320000,4.060000,2,2,"Radial Velocity",2015
"Kepler-76 b","Kepler-76",15.24424000,6.38838300000000e+02,1.54492980000,0.0274000000,2140.00,3583.6730,6409.00,1.200000,1.320000,1,1,"Orbital Brightness Modulation",2013
"OGLE-2003-BLG-235L b","OGLE-2003-BLG-235L",13.20000000,8.30000000000000e+02,,4.3000000000,,,,0.630000,,1,1,"Microlensing",2004
"Kepler-765 b","Kepler-765",2.43000000,,27.66552260000,0.1754000000,641.00,48.9470,5901.00,1.050000,1.060000,1,1,"Transit",2016
"Kepler-432 b","Kepler-432",12.83430500,1.71946030000000e+03,52.50112900000,0.3010000000,812.00,97.8460,4995.00,1.320000,4.060000,2,2,"Transit",2015
"Kepler-5 b","Kepler-5",15.98403400,6.70939130000000e+02,3.54846570000,0.0538000000,1750.00,1822.7580,6297.00,1.374000,1.793000,1,1,"Transit",2009
"Kepler-7 b","Kepler-7",18.18099800,1.40163030000000e+02,4.88548920000,0.0606700000,1630.00,1375.1100,5933.00,1.359000,1.966000,1,1,"Transit",2009
"HIP 74890 b","HIP 74890",13.30000000,,822.30000000000,2.1000000000,387.66,3.7188,4850.00,1.740000,5.770000,1,1,"Radial Velocity",2016
"K2-29 b","K2-29",13.33871000,2.32015900000000e+02,3.25883210000,0.0421700000,1171.00,293.0000,5358.00,0.940000,0.860000,2,1,"Transit",2016
"Kepler-767 b","Kepler-767",6.64000000,,161.52801010000,0.5874000000,366.00,9.3650,5694.00,0.960000,0.940000,1,1,"Transit",2016
"Kepler-773 b","Kepler-773",1.43000000,,3.74910006100,0.0468200000,1160.00,490.7070,5850.00,1.040000,1.010000,1,1,"Transit",2016
"Kepler-774 b","Kepler-774",3.17000000,,11.08957230000,0.1082000000,1422.00,451.1770,6403.00,1.570000,2.420000,1,1,"Transit",2016
"2MASS J02192210-3925225 b","2MASS J02192210-3925225",16.14096000,4.41783700000000e+03,,156.0000000000,6.27,0.0000,3064.00,0.108000,0.281000,1,1,"Imaging",2015
"HD 7924 d","HD 7924",,1.56816536013800e+03,24.45100000000,0.1551000000,499.00,15.1700,5075.00,0.832000,0.782100,1,3,"Radial Velocity",2015
"WASP-41 c","WASP-41",13.10000000,,421.00000000000,1.0700000000,241.00,0.5573,5545.00,0.930000,0.870000,1,2,"Radial Velocity",2015
"HAT-P-50 b","HAT-P-50",14.43719200,4.29070500000000e+02,3.12201090000,0.0453000000,1862.00,2108.4362,6280.00,1.273000,1.698000,1,1,"Transit",2015
"HD 133131 A b","HD 133131 A",13.60000000,,649.00000000000,1.4400000000,227.72,0.4642,5799.00,0.950000,0.955014,2,3,"Radial Velocity",2016
"HATS-17 b","HATS-17",8.70939300,4.25256540000000e+02,16.25461100000,0.1308000000,814.00,72.7000,5846.00,1.131000,1.091000,1,1,"Transit",2016
"Kepler-772 b","Kepler-772",1.82000000,,12.99207337000,0.1115300000,866.00,264.5760,5714.00,0.980000,1.110000,1,1,"Transit",2016
"Kepler-769 b","Kepler-769",2.92000000,,7.42608998000,0.0778000000,1037.00,241.1280,6186.00,1.190000,1.280000,1,2,"Transit",2016
"Kepler-449 c","Kepler-449",2.76400000,,33.67270000000,0.1979000000,661.00,45.0900,5649.18,1.020000,1.467000,1,2,"Transit",2015
"HD 133131 A c","HD 133131 A",14.30000000,,3568.00000000000,4.4900000000,128.96,0.0477,5799.00,0.950000,0.955014,2,3,"Radial Velocity",2016
"WASP-92 b","WASP-92",16.37634900,2.55853150000000e+02,2.17467420000,0.0348000000,1871.00,1622.2528,6280.00,1.190000,1.341000,1,1,"Transit",2016
"Kepler-762 b","Kepler-762",12.68000000,,3.77055209800,0.0493000000,1302.00,1065.7340,5944.00,1.060000,1.080000,1,1,"Transit",2016
"Kepler-781 b","Kepler-781",2.89000000,,13.21407320000,0.1019000000,629.00,44.3970,5162.00,0.810000,0.780000,1,1,"Transit",2016
"Kepler-92 d","Kepler-92",2.06700000,,49.35680000000,0.2868200000,637.00,46.8440,5904.34,1.070000,1.817190,1,3,"Transit",2015
"Kepler-449 b","Kepler-449",2.05600000,,12.58242000000,0.1027000000,917.00,167.4100,5649.18,1.020000,1.467000,1,2,"Transit",2015
"HD 175607 b","HD 175607",,2.45617792929600e+03,29.01000000000,,,,5392.00,0.710000,0.700000,1,1,"Radial Velocity",2015
"HD 1461 c","HD 1461",2.23000000,,13.50520000000,0.1117000000,892.87,99.8365,5765.00,1.020000,1.152288,1,2,"Radial Velocity",2015
"WASP-93 b","WASP-93",17.90077300,4.67210100000000e+02,2.73253210000,0.0421100000,1942.00,2531.1336,6700.00,1.334000,1.524000,1,1,"Transit",2016
"HD 128311 c","HD 128311",13.00000000,1.20425787000000e+03,921.53800000000,1.7400000000,158.23,0.1017,4965.00,0.828000,0.760000,1,2,"Radial Velocity",2005
"alf Tau b","alf Tau",12.70000000,,628.96000000000,1.4600000000,1086.77,220.4420,4055.00,1.130000,45.100000,2,1,"Radial Velocity",2015
"Kepler-450 d","Kepler-450",0.83700000,1.76000000000000e+01,7.51464000000,0.0827000000,1199.00,557.2050,6197.21,1.190000,1.641620,1,3,"Transit",2015
"OGLE-2005-BLG-169L b","OGLE-2005-BLG-169L",3.84000000,1.41000000000000e+01,,3.5000000000,,,,0.690000,,1,1,"Microlensing",2006
"WASP-46 b","WASP-46",13.15936600,6.07055300000000e+02,1.43036763000,0.0233500000,1636.00,1281.2408,5600.00,0.828000,0.858000,1,1,"Transit",2011
"HD 60532 b","HD 60532",13.80000000,,201.90000000000,0.7700000000,550.16,16.9008,6245.00,1.500000,2.570000,1,2,"Radial Velocity",2008
"HD 60532 c","HD 60532",13.30000000,,600.10000000000,1.6000000000,381.66,3.9142,6245.00,1.500000,2.570000,1,2,"Radial Velocity",2008
"OGLE-2013-BLG-0102L b","OGLE-2013-BLG-0102L",12.30000000,4.10000000000000e+03,,0.8000000000,,,,0.096000,,1,1,"Microlensing",2014
"Kepler-41 b","Kepler-41",14.46000000,1.77980000000000e+02,1.85555820000,0.0310100000,1790.00,2036.7490,5750.00,1.150000,1.290000,1,1,"Transit",2011
"HIP 107773 b","HIP 107773",13.40000000,,144.30000000000,0.7200000000,957.11,142.9997,4945.00,2.420000,11.600000,1,1,"Radial Velocity",2015
"HATS-8 b","HATS-8",9.78545700,4.38605400000000e+01,3.58389300000,0.0466700000,1324.00,510.8195,5679.00,1.056000,1.086000,1,1,"Transit",2015
"LkCa 15 b","LkCa 15",,,,14.7000000000,66.87,0.0030,4194.00,,1.607110,1,2,"Imaging",2015
"LkCa 15 c","LkCa 15",,,,18.6000000000,59.45,0.0019,4194.00,,1.607110,1,2,"Imaging",2015
"Qatar-1 b","Qatar-1",12.81188700,4.11272020000000e+02,1.42002420000,0.0233200000,1418.00,382.3280,5013.00,0.838000,0.803000,1,1,"Transit",2010
"HAT-P-66 b","HAT-P-66",17.82231000,2.48860890000000e+02,2.97208600000,0.0436300000,1896.00,1939.5100,6002.00,1.255000,1.881000,1,1,"Transit",2016
"Kepler-75 b","Kepler-75",11.77000000,3.20990000000000e+03,8.88491160000,0.0818000000,767.00,106.4840,5200.00,0.910000,0.890000,1,1,"Transit",2013
"Kepler-453 b","Kepler-453",6.20400000,1.60000000000000e+01,240.50300000000,0.7903000000,273.62,0.9636,5527.00,0.944000,0.833000,2,1,"Transit",2015
"WASP-89 b","WASP-89",11.65736000,1.87519700000000e+03,3.35642270000,0.0427000000,1120.00,278.8533,5130.00,0.920000,0.880000,1,1,"Transit",2015
"KIC 3558849 b","KIC 3558849",6.90000000,,1322.30000000000,,,,6175.00,0.980000,1.010000,1,1,"Transit",2015
"KIC 8540376 c","KOI-7892",2.40000000,,75.20000000000,,,,6474.00,1.040000,1.260000,1,3,"Transit",2015
"OGLE-2007-BLG-349L AB c","OGLE-2007-BLG-349L A",10.70000000,8.00000000000000e+01,2557.00000000000,2.5900000000,,,,0.410000,,2,1,"Microlensing",2016
"Kepler-56 d","Kepler-56",12.80000000,,1002.00000000000,2.1600000000,324.75,1.7204,4819.44,1.290000,4.217990,1,3,"Radial Velocity",2016
"Kepler-444 b","Kepler-444",0.40300000,,3.60010530000,0.0417800000,938.00,225.7350,5046.00,0.758000,0.752000,3,5,"Transit",2015
"K2-6 b","K2-6",2.50000000,,30.94191000000,0.1898000000,615.00,28.6000,5850.00,0.970000,0.960000,1,1,"Transit",2015
"HD 42618 b","HD 42618",3.89000000,,149.61000000000,0.5540000000,337.00,3.1600,5727.00,1.015000,0.999000,1,1,"Radial Velocity",2016
"OGLE-2012-BLG-0950L b","OGLE-2012-BLG-0950L",6.56000000,3.50000000000000e+01,,2.6000000000,,,,0.570000,,1,1,"Microlensing",2016
"Kepler-444 e","Kepler-444",0.54600000,1.00000000000000e-01,7.74349300000,0.0696000000,727.00,81.3440,5046.00,0.758000,0.752000,3,5,"Transit",2015
"K2-15 b","K2-15",2.48000000,,11.81040000000,0.0910000000,676.00,48.0000,5131.00,0.720000,0.680000,1,1,"Transit",2015
"K2-14 b","K2-14",4.81000000,,8.36802000000,0.0627000000,488.00,8.0000,3789.00,0.470000,0.450000,1,1,"Transit",2015
"K2-17 b","K2-17",2.23000000,,17.96753000000,0.1190000000,487.00,4.9100,4320.00,0.710000,0.660000,1,1,"Transit",2015
"K2-9 b","K2-9",2.25000000,,18.44980000000,0.0910000000,314.00,1.3600,3390.00,0.300000,0.310000,1,1,"Transit",2015
"WASP-36 b","WASP-36",14.87434300,7.50396630000000e+02,1.53736596000,0.0267700000,1733.00,1422.6075,5959.00,1.081000,0.985000,2,1,"Transit",2011
"Kepler-26 b","Kepler-26",2.78000000,5.12000000000000e+00,12.28000000000,0.0855100000,431.00,7.6000,3914.00,0.544000,0.512000,1,4,"Transit",2011
"HATS-13 b","HATS-13",13.58530800,1.72581690000000e+02,3.04404990000,0.0405700000,1244.00,315.9878,5523.00,0.962000,0.887000,1,1,"Transit",2015
"HATS-14 b","HATS-14",11.64615100,3.40395930000000e+02,2.76676410000,0.0381500000,1276.00,505.8840,5346.00,0.967000,0.933000,1,1,"Transit",2015
"WASP-90 b","WASP-90",18.27067000,2.00232900000000e+02,3.91624300000,0.0562000000,1840.00,1704.4939,6430.00,1.550000,1.980000,1,1,"Transit",2016
"HD 5583 b","HD 5583",12.80000000,,139.35000000000,0.5300000000,964.55,145.0268,4830.00,1.010000,9.090000,1,1,"Radial Velocity",2016
"Kepler-26 c","Kepler-26",2.72000000,6.20000000000000e+00,17.25590000000,0.1072500000,385.00,4.8200,3914.00,0.544000,0.512000,1,4,"Transit",2011
"Kepler-447 b","Kepler-447",18.49000000,4.35410000000000e+02,7.79430132000,0.0769000000,882.00,119.0390,5493.00,1.000000,1.050000,1,1,"Transit",2015
"OGLE-2011-BLG-0265L b","OGLE-2011-BLG-0265L",13.90000000,2.80000000000000e+02,,1.8900000000,,,,0.211000,,1,1,"Microlensing",2015
"HD 130322 b","HD 130322",13.70000000,,10.70871000000,0.0925000000,720.00,67.9633,5387.00,0.920000,0.850000,1,1,"Radial Velocity",1999
"OGLE-2012-BLG-0563L b","OGLE-2012-BLG-0563L",13.60000000,1.20000000000000e+02,,0.7400000000,,,,0.340000,,1,1,"Microlensing",2015
"Kepler-296 d","Kepler-296",2.09000000,,19.85029100000,0.1180000000,403.00,2.9000,3740.00,0.498000,0.480000,2,5,"Transit",2014
"Pr0211 c","Pr0211",12.60000000,,4850.00000000000,5.5000000000,99.10,0.0152,5300.00,0.935000,0.827000,2,2,"Radial Velocity",2016
"BD+15 2375 b","BD+15 2375",13.80000000,,153.22000000000,0.5760000000,883.68,111.9838,4649.00,1.080000,8.950000,1,1,"Radial Velocity",2016
"Kepler-60 d","Kepler-60",1.99000000,4.16000000000000e+00,11.89810000000,0.1020300000,929.00,161.0000,5905.00,1.041000,1.257000,1,3,"Transit",2012
"HD 1666 b","HD 1666",12.70000000,,270.00000000000,0.9400000000,436.47,6.0778,6317.00,1.500000,1.930000,1,1,"Radial Velocity",2015
"HD 67087 b","HD 67087",13.10000000,,352.20000000000,1.0800000000,365.67,2.9727,6330.00,1.360000,1.550000,1,2,"Radial Velocity",2015
"Kepler-296 e","Kepler-296",1.53000000,,34.14211000000,0.1690000000,337.00,1.4100,3740.00,0.498000,0.480000,2,5,"Transit",2014
"Kepler-872 b","Kepler-872",1.99000000,,2.57885506800,0.0362000000,1230.00,553.0560,5902.00,1.050000,1.080000,1,1,"Transit",2016
"Kepler-871 b","Kepler-871",3.74000000,,22.04590180000,0.1572000000,640.00,79.7220,5993.00,1.110000,1.140000,1,1,"Transit",2016
"Kepler-603 c","Kepler-603",6.50000000,,127.90757740000,0.5343900000,401.00,8.8000,5808.00,1.010000,1.010000,1,3,"Transit",2016
"Kepler-908 b","Kepler-908",1.22000000,,1.34059746800,0.0252600000,1783.00,3304.1010,5973.00,1.110000,1.120000,3,1,"Transit",2016
"Kepler-499 b","Kepler-499",2.17000000,,5.63252845300,0.0598000000,844.00,148.4560,5312.00,0.870000,0.830000,1,1,"Transit",2016
"Kepler-801 b","Kepler-801",2.00000000,,11.41928253000,0.0795000000,419.00,14.4420,4435.00,0.670000,0.630000,1,1,"Transit",2016
"Kepler-799 b","Kepler-799",6.88000000,,133.46052350000,0.5167000000,433.00,6.3560,5681.00,0.950000,0.930000,1,2,"Transit",2016
"Kepler-870 b","Kepler-870",2.78000000,,21.35876210000,0.1539000000,691.00,54.8690,5857.00,1.010000,1.020000,1,1,"Transit",2016
"Kepler-869 b","Kepler-869",3.61000000,,40.42877550000,0.2244000000,494.00,17.2340,5664.00,0.970000,0.950000,1,1,"Transit",2016
"Kepler-907 b","Kepler-907",1.20000000,,15.86621821000,0.1225000000,879.00,137.6600,6106.00,1.080000,1.380000,1,1,"Transit",2016
"Kepler-912 b","Kepler-912",2.80000000,,2.53475627300,0.0339000000,1218.00,519.9500,5998.00,1.070000,1.110000,1,1,"Transit",2016
"Kepler-797 b","Kepler-797",2.17000000,,27.07237711000,0.1810000000,605.00,90.1000,5680.00,0.960000,0.950000,1,1,"Transit",2016
"Kepler-867 b","Kepler-867",4.64000000,,150.24212700000,0.5375000000,327.00,2.7200,5541.00,0.920000,0.910000,1,1,"Transit",2016
"Kepler-868 b","Kepler-868",2.05000000,,5.03251791000,0.0575000000,1047.00,417.0340,5614.00,0.930000,0.890000,1,1,"Transit",2016
"Kepler-866 b","Kepler-866",1.63000000,,2.61703253600,0.0331000000,996.00,196.1270,4751.00,0.750000,0.710000,1,1,"Transit",2016
"Kepler-913 b","Kepler-913",2.06000000,,10.29672521000,0.1009000000,1129.00,58.9000,4687.00,0.630000,0.610000,1,2,"Transit",2016
"Kepler-910 b","Kepler-910",0.82000000,,2.36436901500,0.0375200000,1752.00,2108.0730,6230.00,1.260000,1.500000,1,1,"Transit",2016
"Kepler-847 b","Kepler-847",1.18000000,,2.34323189500,0.0315000000,1054.00,292.3100,4940.00,0.830000,0.770000,1,1,"Transit",2016
"Kepler-846 b","Kepler-846",2.48000000,,19.80792185000,0.1399000000,624.00,35.2760,5579.00,0.940000,0.910000,1,1,"Transit",2016
"Kepler-795 b","Kepler-795",1.68000000,,29.61934210000,0.1803000000,580.00,28.9000,5631.00,0.940000,0.960000,2,1,"Transit",2016
"Kepler-794 b","Kepler-794",2.11000000,,11.13125132000,0.1003600000,952.00,299.9700,5839.00,1.190000,1.380000,1,1,"Transit",2016
"Kepler-865 b","Kepler-865",2.49000000,,14.16399294000,0.1057000000,694.00,46.3620,5570.00,0.930000,0.920000,1,2,"Transit",2016
"Kepler-909 b","Kepler-909",1.47000000,,13.93290318000,0.1187300000,852.00,127.2400,6154.00,1.170000,1.230000,1,1,"Transit",2016
"Kepler-916 b","Kepler-916",1.76000000,,32.29687980000,0.1885000000,503.00,14.6830,5248.00,0.850000,0.810000,1,1,"Transit",2016
"Kepler-845 b","Kepler-845",2.04000000,,0.92785982100,0.0166800000,1361.00,772.4980,4913.00,0.790000,0.750000,1,1,"Transit",2016
"Kepler-844 b","Kepler-844",1.68000000,,2.61302085600,0.0298000000,713.00,89.6520,4128.00,0.590000,0.570000,1,1,"Transit",2016
"Kepler-792 b","Kepler-792",1.96000000,,11.30119217000,0.0988000000,852.00,176.0320,5971.00,1.090000,1.120000,1,1,"Transit",2016
"Kepler-791 b","Kepler-791",3.05000000,,14.55397590000,0.1256000000,939.00,140.0570,6383.00,1.300000,1.470000,1,1,"Transit",2016
"Kepler-862 b","Kepler-862",2.21000000,,3.14866453400,0.0390000000,1097.00,547.2930,5333.00,0.880000,0.840000,1,1,"Transit",2016
"Kepler-861 b","Kepler-861",2.28000000,,3.94963137500,0.0463000000,966.00,197.2900,5047.00,0.820000,0.780000,1,1,"Transit",2016
"Kepler-930 b","Kepler-930",2.13000000,,71.45177750000,0.3459300000,561.00,16.8510,6335.00,1.250000,1.400000,1,1,"Transit",2016
"Kepler-842 b","Kepler-842",1.60000000,,1.21956827000,0.0204000000,1252.00,588.9500,4848.00,0.780000,0.730000,1,1,"Transit",2016
"Kepler-841 b","Kepler-841",5.23000000,,124.41983980000,0.4790000000,416.00,1.6480,5324.00,0.850000,0.810000,1,1,"Transit",2016
"Kepler-790 b","Kepler-790",2.18000000,,13.73469807000,0.1010000000,634.00,38.2740,5208.00,0.840000,0.800000,1,1,"Transit",2016
"Kepler-788 b","Kepler-788",2.55000000,,8.39846269000,0.0835000000,984.00,357.1910,6159.00,1.160000,1.230000,1,1,"Transit",2016
"Kepler-860 b","Kepler-860",3.24000000,,5.10137945400,0.0580000000,1050.00,233.6210,5836.00,1.040000,1.060000,1,1,"Transit",2016
"Kepler-924 b","Kepler-924",3.07000000,,61.03701170000,0.3131800000,610.00,19.9970,6167.00,1.140000,1.230000,1,1,"Transit",2016
"Kepler-923 b","Kepler-923",1.38000000,,6.93366476000,0.0759200000,1104.00,390.6360,5988.00,1.110000,1.260000,1,1,"Transit",2016
"Kepler-838 b","Kepler-838",2.73000000,,15.74957994000,0.1266000000,777.00,61.0890,5770.00,0.980000,0.960000,1,1,"Transit",2016
"Kepler-837 b","Kepler-837",2.56000000,,16.56059504000,0.1144000000,701.00,55.9660,5403.00,0.850000,0.810000,1,1,"Transit",2016
"Kepler-787 b","Kepler-787",1.28000000,,0.92831049800,0.0159000000,1115.00,493.5530,4248.00,0.650000,0.620000,1,1,"Transit",2016
"Kepler-465 b","Kepler-465",2.95000000,,9.94067246600,0.0919500000,996.00,227.8200,6310.00,1.230000,1.290000,1,1,"Transit",2016
"Kepler-856 b","Kepler-856",9.30000000,,8.02768059500,0.0787000000,824.00,153.4970,5535.00,0.960000,0.930000,1,1,"Transit",2016
"Kepler-890 b","Kepler-890",8.89000000,,52.75875577000,0.2944000000,540.00,30.2270,5954.00,1.090000,1.130000,1,1,"Transit",2016
"Kepler-927 b","Kepler-927",1.72000000,,9.11499030000,0.0866000000,906.00,129.5340,5743.00,0.990000,0.990000,1,1,"Transit",2016
"Kepler-926 b","Kepler-926",2.31000000,,52.06886010000,0.2739000000,524.00,17.8830,5806.00,1.010000,1.010000,1,1,"Transit",2016
"Kepler-892 b","Kepler-892",2.81000000,,13.75210720000,0.1015000000,556.00,18.1960,4747.00,0.750000,0.720000,1,1,"Transit",2016
"Kepler-933 b","Kepler-933",2.46000000,,14.20443009000,0.1041000000,602.00,61.3230,5346.00,0.870000,0.840000,1,1,"Transit",2016
"Kepler-826 b","Kepler-826",1.25000000,,4.48758907000,0.0520200000,1305.00,827.2210,6079.00,1.050000,1.150000,1,1,"Transit",2016
"Kepler-830 b","Kepler-830",1.70000000,,11.29695137000,0.1033000000,907.00,160.1800,6037.00,1.070000,1.110000,1,1,"Transit",2016
"Kepler-829 b","Kepler-829",2.11000000,,6.88337562000,0.0678000000,857.00,247.4700,5698.00,0.980000,0.970000,1,1,"Transit",2016
"Kepler-895 b","Kepler-895",1.54000000,,2.80624232800,0.0328000000,771.00,106.5850,4315.00,0.650000,0.610000,1,1,"Transit",2016
"Kepler-743 b","Kepler-743",1.21000000,,3.17926292100,0.0416600000,1101.00,397.2520,5486.00,0.940000,0.850000,2,1,"Transit",2016
"Kepler-823 b","Kepler-823",1.57000000,,4.16809082000,0.0507000000,1277.00,803.3530,5643.00,0.980000,0.960000,1,1,"Transit",2016
"Kepler-487 c","Kepler-487",2.68000000,,38.65199760000,0.2186400000,487.00,15.0380,5444.00,0.910000,0.880000,1,3,"Transit",2016
"Kepler-898 b","Kepler-898",1.49000000,,5.87061910000,0.0545000000,616.00,37.1100,4223.00,0.650000,0.620000,1,1,"Transit",2016
"Kepler-899 b","Kepler-899",2.68000000,,19.17891293000,0.1392000000,640.00,62.1980,5595.00,0.930000,0.910000,1,1,"Transit",2016
"Kepler-747 b","Kepler-747",5.27000000,,35.61760587000,0.1916000000,456.00,10.1900,5096.00,0.820000,0.780000,1,1,"Transit",2016
"Kepler-821 b","Kepler-821",1.31000000,,1.92279873000,0.0290000000,1215.00,496.8200,5191.00,0.840000,0.800000,1,1,"Transit",2016
"Kepler-498 b","Kepler-498",3.03000000,,9.61375356000,0.0897000000,931.00,202.7750,5744.00,0.980000,0.960000,1,1,"Transit",2016
"Kepler-887 b","Kepler-887",1.84000000,,20.42228798000,0.1543100000,785.00,109.8420,6194.00,1.190000,1.290000,1,2,"Transit",2016
"Kepler-901 b","Kepler-901",1.37000000,,3.51749439400,0.0378000000,704.00,68.7230,4184.00,0.590000,0.570000,1,1,"Transit",2016
"Kepler-900 b","Kepler-900",2.08000000,,6.99130860000,0.0679000000,716.00,54.1090,4836.00,0.780000,0.730000,1,1,"Transit",2016
"Kepler-751 b","Kepler-751",2.46000000,,17.44490636000,0.1263000000,679.00,39.0100,5387.00,0.870000,0.840000,1,1,"Transit",2016
"Kepler-755 b","Kepler-755",1.76000000,,1.26909037400,0.0215600000,1331.00,889.8880,5043.00,0.820000,0.770000,2,2,"Transit",2016
"Kepler-820 b","Kepler-820",6.09000000,,127.83380980000,0.5600400000,554.00,16.2280,6260.00,1.230000,1.360000,1,1,"Transit",2016
"Kepler-817 b","Kepler-817",9.03000000,,3.99010622900,0.0493000000,1124.00,550.2030,5861.00,1.030000,1.030000,1,1,"Transit",2016
"Kepler-886 b","Kepler-886",1.52000000,,6.24146367000,0.0642800000,1111.00,231.4320,6098.00,1.100000,1.160000,1,1,"Transit",2016
"Kepler-885 b","Kepler-885",2.50000000,,18.11472949000,0.1440300000,830.00,124.6460,6187.00,1.210000,1.350000,1,1,"Transit",2016
"Kepler-904 b","Kepler-904",1.77000000,,3.02166863200,0.0417000000,1332.00,875.4190,6160.00,1.160000,1.250000,1,1,"Transit",2016
"Kepler-905 b","Kepler-905",1.41000000,,5.08274651700,0.0568900000,928.00,185.7710,5461.00,0.950000,0.860000,1,1,"Transit",2016
"Kepler-756 b","Kepler-756",1.12000000,,1.22486632200,0.0219000000,1741.00,2174.3300,5282.00,0.820000,0.790000,1,1,"Transit",2016
"Kepler-757 b","Kepler-757",1.36000000,,1.02267882100,0.0190000000,1734.00,3345.4530,6014.00,1.080000,1.130000,1,1,"Transit",2016
"Kepler-815 b","Kepler-815",4.11000000,,8.57503552000,0.0947300000,1374.00,979.1360,5028.00,1.250000,3.420000,1,1,"Transit",2016
"Kepler-852 b","Kepler-852",2.54000000,,44.93098040000,0.2796700000,565.00,92.1310,6100.00,1.190000,1.160000,1,1,"Transit",2016
"Kepler-883 b","Kepler-883",1.78000000,,12.98495573000,0.1028800000,818.00,163.0520,6116.00,1.060000,1.090000,1,1,"Transit",2016
"Kepler-509 b","Kepler-509",2.49000000,,41.74600392000,0.2370200000,584.00,28.4810,6060.00,1.100000,1.200000,1,1,"Transit",2016
"Kepler-466 c","Kepler-466",1.25000000,,3.70921384600,0.0465800000,1206.00,410.4000,5927.00,1.040000,1.050000,1,2,"Transit",2016
"Kepler-502 b","Kepler-502",4.77000000,,4.28686431000,0.0535000000,1217.00,859.5090,6125.00,1.150000,1.220000,1,1,"Transit",2016
"Kepler-758 b","Kepler-758",2.48000000,,12.10971040000,0.1075400000,1005.00,349.1930,6228.00,1.160000,1.420000,1,4,"Transit",2016
"Kepler-813 b","Kepler-813",2.14000000,,19.12947337000,0.1439000000,817.00,56.0400,5743.00,0.950000,0.930000,1,1,"Transit",2016
"Kepler-811 b","Kepler-811",2.70000000,,23.58447697000,0.1591100000,730.00,78.5900,5747.00,1.010000,1.240000,1,1,"Transit",2016
"Kepler-882 b","Kepler-882",1.23000000,,3.98953966600,0.0474100000,903.00,259.0290,5476.00,0.900000,0.870000,1,1,"Transit",2016
"Kepler-880 b","Kepler-880",2.66000000,,7.71468975000,0.0915000000,1622.00,586.1690,6761.00,1.460000,1.740000,1,2,"Transit",2016
"Kepler-474 b","Kepler-474",3.06000000,,5.66067293500,0.0609200000,1115.00,671.0640,5785.00,0.990000,1.080000,1,1,"Transit",2016
"Kepler-760 b","Kepler-760",3.06000000,,8.70419416000,0.0808700000,748.00,84.4060,5322.00,0.890000,0.850000,1,2,"Transit",2016
"Kepler-810 b","Kepler-810",1.93000000,,4.59725385000,0.0550000000,1105.00,350.5970,5803.00,1.030000,1.040000,1,1,"Transit",2016
"Kepler-809 b","Kepler-809",3.01000000,,55.63934000000,0.2901000000,478.00,13.1550,5734.00,0.990000,0.980000,1,1,"Transit",2016
"Kepler-877 b","Kepler-877",2.12000000,,18.45847097000,0.1301000000,632.00,37.8100,5261.00,0.850000,0.810000,1,1,"Transit",2016
"Kepler-750 c","Kepler-750",1.62000000,,4.08899022000,0.0500900000,1537.00,778.5920,6160.00,1.150000,1.230000,1,2,"Transit",2016
"Kepler-255 d","Kepler-255",1.32000000,,1.04562265800,0.0192000000,1710.00,1686.0900,5431.00,0.900000,0.860000,1,3,"Transit",2016
"Kepler-775 b","Kepler-775",1.19000000,,0.97486892600,0.0183400000,1612.00,1496.7500,5468.00,0.920000,0.840000,1,1,"Transit",2016
"Kepler-500 b","Kepler-500",2.58000000,,8.50832439800,0.0836100000,909.00,193.6800,5813.00,1.020000,1.030000,1,1,"Transit",2016
"Kepler-808 b","Kepler-808",1.46000000,,0.63133235300,0.0131400000,1322.00,1428.3000,4653.00,0.760000,0.710000,1,1,"Transit",2016
"Kepler-875 b","Kepler-875",2.90000000,,27.50737990000,0.1771000000,569.00,41.4310,5958.00,1.060000,1.110000,1,1,"Transit",2016
"Kepler-732 c","Kepler-732",1.27000000,,0.89304123600,0.0143000000,893.00,199.8460,3631.00,0.490000,0.460000,1,2,"Transit",2016
"Kepler-777 b","Kepler-777",1.47000000,,5.72812599000,0.0519000000,569.00,33.9530,4043.00,0.580000,0.560000,1,1,"Transit",2016
"Kepler-779 b","Kepler-779",0.92000000,,7.09714223000,0.0533000000,425.00,15.0280,3804.00,0.460000,0.440000,2,1,"Transit",2016
"Kepler-804 b","Kepler-804",1.94000000,,14.37457351000,0.1128700000,779.00,83.4270,5817.00,1.010000,1.050000,1,2,"Transit",2016
"Kepler-803 b","Kepler-803",3.79000000,,50.28638192000,0.2672100000,543.00,20.8820,5919.00,1.050000,1.120000,1,1,"Transit",2016
"Kepler-1049 b","Kepler-1049",0.95000000,,3.27346073600,0.0349000000,625.00,50.4270,3864.00,0.510000,0.490000,1,1,"Transit",2016
"Kepler-969 b","Kepler-969",2.07000000,,34.17317140000,0.1972600000,465.00,10.1660,5214.00,0.920000,0.820000,1,2,"Transit",2016
"Kepler-1137 b","Kepler-1137",2.20000000,,23.92107910000,0.1871000000,1020.00,197.8460,6807.00,1.500000,1.840000,1,1,"Transit",2016
"Kepler-975 b","Kepler-975",1.48000000,,1.97034245700,0.0289800000,1599.00,328.6980,4897.00,0.800000,0.750000,1,2,"Transit",2016
"Kepler-995 b","Kepler-995",2.70000000,,28.26731672000,0.1701000000,517.00,11.9200,5206.00,0.830000,0.800000,1,1,"Transit",2016
"Kepler-1054 b","Kepler-1054",2.63000000,,4.30655689000,0.0554200000,1177.00,760.5240,6209.00,1.220000,1.340000,1,1,"Transit",2016
"Kepler-1033 b","Kepler-1033",2.51000000,,7.56052806000,0.0761000000,914.00,159.4220,5547.00,0.940000,0.920000,1,1,"Transit",2016
"Kepler-1040 b","Kepler-1040",2.08000000,,201.12140000000,0.6724900000,300.00,2.1210,5694.00,0.980000,0.960000,1,1,"Transit",2016
"Kepler-1138 b","Kepler-1138",1.70000000,,3.17060005000,0.0415000000,1080.00,245.9040,5582.00,0.950000,0.920000,1,1,"Transit",2016
"Kepler-1139 b","Kepler-1139",1.19000000,,0.81316671900,0.0166400000,1693.00,1717.2760,5550.00,0.940000,0.910000,1,1,"Transit",2016
"Kepler-1060 b","Kepler-1060",2.38000000,,46.87793670000,0.2495000000,484.00,17.4160,5797.00,0.990000,0.990000,1,1,"Transit",2016
"Kepler-1003 b","Kepler-1003",1.78000000,,3.55485691500,0.0433300000,1157.00,814.9250,6109.00,1.110000,1.170000,1,1,"Transit",2016
"Kepler-1055 b","Kepler-1055",1.23000000,,2.29503623300,0.0335000000,1304.00,647.2560,5723.00,0.980000,0.940000,1,1,"Transit",2016
"Kepler-998 b","Kepler-998",2.32000000,,5.65377733000,0.0626000000,1020.00,409.9170,6058.00,1.120000,1.180000,1,1,"Transit",2016
"Kepler-1017 b","Kepler-1017",1.99000000,,7.23400469000,0.0719600000,831.00,119.6030,5473.00,0.930000,0.870000,1,1,"Transit",2016
"Kepler-974 b","Kepler-974",1.57000000,,4.19449651400,0.0419000000,577.00,28.5110,3687.00,0.520000,0.500000,1,2,"Transit",2016
"Kepler-1045 b","Kepler-1045",2.69000000,,26.41045478000,0.1616000000,512.00,19.1270,5301.00,0.860000,0.820000,1,1,"Transit",2016
"Kepler-980 b","Kepler-980",2.67000000,,11.55102504000,0.0999300000,845.00,170.1370,5935.00,1.050000,1.060000,1,1,"Transit",2016
"Kepler-991 b","Kepler-991",2.54000000,,82.53425190000,0.3104000000,260.00,1.3710,4392.00,0.640000,0.610000,1,1,"Transit",2016
"Kepler-1072 b","Kepler-1072",1.58000000,,1.56906650200,0.0274200000,1849.00,2944.0000,6199.00,1.200000,1.320000,1,1,"Transit",2016
"Kepler-490 b","Kepler-490",11.65000000,,3.26869515400,0.0453000000,1597.00,1059.5220,6045.00,1.080000,1.120000,1,1,"Transit",2016
"Kepler-1018 b","Kepler-1018",2.58000000,,49.10135140000,0.2530000000,498.00,12.0980,5518.00,0.910000,0.880000,1,1,"Transit",2016
"Kepler-1004 b","Kepler-1004",6.28000000,,5.28789787000,0.0679100000,1661.00,1610.0870,4972.00,1.110000,3.390000,1,1,"Transit",2016
"Kepler-997 b","Kepler-997",1.36000000,,2.70730671600,0.0402200000,1709.00,1900.1310,6150.00,1.220000,1.560000,1,1,"Transit",2016
"Kepler-1151 b","Kepler-1151",2.22000000,,65.64784240000,0.3197000000,485.00,4.8600,5470.00,0.880000,0.850000,1,1,"Transit",2016
"Kepler-1064 b","Kepler-1064",1.55000000,,16.54080322000,0.1183000000,570.00,24.8700,5153.00,0.850000,0.790000,1,1,"Transit",2016
"Kepler-971 b","Kepler-971",2.13000000,,9.59070716000,0.0867900000,1087.00,82.7660,5431.00,0.880000,0.850000,1,1,"Transit",2016
"Kepler-1051 b","Kepler-1051",3.40000000,,25.96200249000,0.1839500000,850.00,87.4570,6675.00,1.430000,1.730000,1,1,"Transit",2016
"Kepler-1007 b","Kepler-1007",1.44000000,,5.18500207300,0.0480000000,652.00,42.6200,4587.00,0.730000,0.700000,1,1,"Transit",2016
"Kepler-968 b","Kepler-968",2.00000000,,3.69298372800,0.0389000000,745.00,103.9090,4598.00,0.760000,0.700000,1,3,"Transit",2016
"Kepler-1145 b","Kepler-1145",1.40000000,,3.97076766000,0.0443000000,958.00,198.4300,5064.00,0.790000,0.750000,1,1,"Transit",2016
"Kepler-1147 b","Kepler-1147",2.61000000,,10.62784997000,0.0961000000,872.00,206.5630,5941.00,1.090000,1.140000,1,1,"Transit",2016
"Kepler-1029 b","Kepler-1029",1.26000000,,4.41769647900,0.0470000000,790.00,92.1600,5030.00,0.820000,0.770000,1,1,"Transit",2016
"Kepler-996 b","Kepler-996",1.98000000,,3.77059058400,0.0474000000,1272.00,723.0810,6014.00,1.090000,1.140000,1,1,"Transit",2016
"Kepler-966 b","Kepler-966",4.13000000,,99.74762200000,0.3907000000,391.00,10.9720,5840.00,1.020000,1.020000,1,1,"Transit",2016
"Kepler-1047 b","Kepler-1047",2.09000000,,56.18868870000,0.2987100000,503.00,28.8510,5754.00,1.080000,1.130000,1,2,"Transit",2016
"Kepler-1149 b","Kepler-1149",1.44000000,,3.73089898000,0.0473000000,1128.00,653.8310,5833.00,1.020000,1.010000,1,1,"Transit",2016
"Kepler-1148 b","Kepler-1148",1.69000000,,1.10446350900,0.0188000000,1397.00,815.4070,5054.00,0.810000,0.770000,1,1,"Transit",2016
"Kepler-1057 b","Kepler-1057",3.36000000,,14.08827448000,0.1138000000,724.00,69.2130,5987.00,1.070000,1.100000,1,1,"Transit",2016
"Kepler-1059 b","Kepler-1059",1.73000000,,3.76419104800,0.0440000000,908.00,174.0740,4906.00,0.750000,0.720000,1,1,"Transit",2016
"Kepler-965 b","Kepler-965",3.38000000,,134.25272980000,0.5099800000,393.00,4.9800,5886.00,1.050000,1.150000,1,1,"Transit",2016
"Kepler-999 b","Kepler-999",2.34000000,,5.99185701700,0.0691800000,1355.00,740.1730,6237.00,1.290000,1.650000,1,1,"Transit",2016
"Kepler-1112 b","Kepler-1112",3.02000000,,14.36267939000,0.1239000000,918.00,254.9630,6496.00,1.340000,1.540000,1,1,"Transit",2016
"Kepler-952 b","Kepler-952",7.65000000,,130.35469190000,0.5183000000,369.00,5.0460,5730.00,1.000000,0.990000,1,1,"Transit",2016
"Kepler-479 b","Kepler-479",2.12000000,,12.49341307000,0.0963600000,649.00,37.7530,5247.00,0.860000,0.810000,1,1,"Transit",2016
"Kepler-934 b","Kepler-934",2.09000000,,55.67383090000,0.2658000000,384.00,4.7160,5001.00,0.810000,0.770000,1,1,"Transit",2016
"Kepler-977 b","Kepler-977",2.62000000,,26.85328322000,0.1620000000,544.00,13.9550,5315.00,0.870000,0.830000,1,1,"Transit",2016
"Kepler-1021 b","Kepler-1021",2.33000000,,13.47469571000,0.1034000000,634.00,50.3700,5431.00,0.890000,0.860000,1,1,"Transit",2016
"Kepler-979 b","Kepler-979",2.72000000,,8.08801350000,0.0753000000,792.00,77.8410,5310.00,0.870000,0.830000,1,1,"Transit",2016
"Kepler-982 b","Kepler-982",2.25000000,,15.77382210000,0.1277000000,955.00,185.2030,6139.00,1.160000,1.290000,1,1,"Transit",2016
"Kepler-936 b","Kepler-936",1.45000000,,10.56134221000,0.0954000000,867.00,133.5600,5482.00,0.920000,0.890000,1,1,"Transit",2016
"Kepler-938 b","Kepler-938",2.22000000,,52.62984170000,0.2689000000,544.00,8.5700,5533.00,0.920000,0.890000,1,1,"Transit",2016
"Kepler-1006 b","Kepler-1006",1.54000000,,19.76172042000,0.1464000000,791.00,153.4930,5328.00,0.780000,0.740000,1,1,"Transit",2016
"Kepler-1009 b","Kepler-1009",2.17000000,,11.35011917000,0.0796000000,403.00,11.5610,4027.00,0.590000,0.570000,1,1,"Transit",2016
"Kepler-976 b","Kepler-976",3.96000000,,105.95641480000,0.4217000000,324.00,2.6610,5232.00,0.870000,0.830000,1,1,"Transit",2016
"Kepler-1052 b","Kepler-1052",2.93000000,,34.85382760000,0.2098800000,522.00,20.9760,5888.00,1.030000,1.030000,1,2,"Transit",2016
"Kepler-1120 b","Kepler-1120",1.38000000,,2.94902905200,0.0369000000,1027.00,206.8740,4904.00,0.780000,0.740000,1,1,"Transit",2016
"Kepler-1123 b","Kepler-1123",1.67000000,,4.33946454000,0.0497000000,1061.00,190.0160,5500.00,0.930000,0.900000,1,1,"Transit",2016
"Kepler-940 b","Kepler-940",3.34000000,,59.62252570000,0.3059000000,486.00,10.5190,5769.00,0.970000,0.960000,1,1,"Transit",2016
"Kepler-1035 b","Kepler-1035",1.17000000,,2.71407755500,0.0388300000,1301.00,1180.0640,5763.00,0.980000,0.970000,1,1,"Transit",2016
"Kepler-1027 b","Kepler-1027",0.89000000,,1.90780519900,0.0291100000,1268.00,1162.5100,5436.00,0.910000,0.820000,2,1,"Transit",2016
"Kepler-986 b","Kepler-986",2.36000000,,56.43499380000,0.2913100000,465.00,10.8570,5642.00,0.960000,0.980000,1,1,"Transit",2016
"Kepler-1011 b","Kepler-1011",2.87000000,,5.75322197400,0.0633000000,920.00,108.7880,5416.00,0.910000,0.880000,1,1,"Transit",2016
"Kepler-1068 b","Kepler-1068",3.63000000,,16.92344113000,0.1303800000,702.00,55.9330,5806.00,1.010000,1.010000,1,1,"Transit",2016
"Kepler-917 b","Kepler-917",1.91000000,,2.97041437500,0.0378000000,991.00,228.1100,5418.00,0.800000,0.760000,1,1,"Transit",2016
"Kepler-918 b","Kepler-918",1.74000000,,4.85386933000,0.0569000000,1052.00,258.7020,6028.00,1.110000,1.140000,1,1,"Transit",2016
"Kepler-978 b","Kepler-978",2.99000000,,49.62215090000,0.2726000000,546.00,20.9900,6002.00,1.070000,1.090000,1,1,"Transit",2016
"Kepler-1002 b","Kepler-1002",1.71000000,,4.33642933100,0.0564000000,1453.00,981.6800,6144.00,1.220000,1.570000,1,1,"Transit",2016
"Kepler-493 b","Kepler-493",15.13000000,,3.00387658100,0.0439000000,1438.00,1414.3290,6457.00,1.360000,1.540000,1,1,"Transit",2016
"Kepler-1128 b","Kepler-1128",3.65000000,,61.61781670000,0.3020000000,424.00,6.4510,5543.00,0.940000,0.910000,1,1,"Transit",2016
"Kepler-920 b","Kepler-920",2.42000000,,6.53192704000,0.0650000000,907.00,153.1380,5403.00,0.890000,0.850000,1,2,"Transit",2016
"Kepler-919 b","Kepler-919",2.25000000,,11.04603384000,0.0981000000,869.00,153.9150,6113.00,1.150000,1.210000,1,1,"Transit",2016
"Kepler-921 b","Kepler-921",2.87000000,,51.30063400000,0.2716000000,492.00,15.0070,5663.00,0.930000,0.910000,1,1,"Transit",2016
"Kepler-1015 b","Kepler-1015",3.55000000,,16.00494214000,0.1345000000,1040.00,172.1120,6769.00,1.490000,1.810000,1,1,"Transit",2016
"Kepler-1005 b","Kepler-1005",1.50000000,,6.49801525000,0.0671700000,1026.00,301.3290,5782.00,1.000000,1.060000,1,1,"Transit",2016
"Kepler-972 b","Kepler-972",4.65000000,,7.03932553000,0.0734000000,1060.00,266.5140,6146.00,1.150000,1.220000,1,1,"Transit",2016
"Kepler-1130 b","Kepler-1130",0.80000000,,5.45298175000,0.0596300000,904.00,162.6500,5403.00,0.900000,0.810000,2,3,"Transit",2016
"Kepler-1131 b","Kepler-1131",1.59000000,,3.53232449000,0.0459000000,1159.00,453.1420,5851.00,1.030000,1.040000,1,1,"Transit",2016
"Kepler-1025 b","Kepler-1025",1.98000000,,37.32294930000,0.2160700000,1654.00,17.9520,6089.00,1.090000,1.130000,1,1,"Transit",2016
"Kepler-497 b","Kepler-497",6.04000000,,3.57320367100,0.0457000000,1210.00,1129.2720,5834.00,1.090000,1.110000,1,1,"Transit",2016
"Kepler-994 b","Kepler-994",1.60000000,,1.15116650600,0.0177000000,957.00,243.9840,3934.00,0.560000,0.540000,1,1,"Transit",2016
"Kepler-1132 b","Kepler-1132",2.35000000,,62.89162280000,0.2881000000,384.00,4.5470,5298.00,0.870000,0.830000,1,1,"Transit",2016
"Kepler-1069 b","Kepler-1069",1.60000000,,23.89902960000,0.1658700000,823.00,78.1750,5722.00,0.990000,0.980000,1,1,"Transit",2016
"Kepler-1034 b","Kepler-1034",2.26000000,,12.12400943000,0.0965000000,675.00,36.7870,5198.00,0.830000,0.800000,1,1,"Transit",2016
"Kepler-944 b","Kepler-944",2.63000000,,43.31677370000,0.2288000000,459.00,20.1740,5409.00,0.860000,0.830000,1,1,"Transit",2016
"Kepler-942 b","Kepler-942",2.13000000,,44.96417488000,0.2273700000,379.00,4.9570,4861.00,0.810000,0.750000,1,1,"Transit",2016
"Kepler-946 b","Kepler-946",1.93000000,,11.79162572000,0.1002000000,857.00,124.0720,5665.00,0.940000,0.930000,1,1,"Transit",2016
"Kepler-992 b","Kepler-992",1.62000000,,20.16034462000,0.1337200000,510.00,15.2910,4944.00,0.800000,0.740000,1,1,"Transit",2016
"Kepler-1134 b","Kepler-1134",2.64000000,,17.13263989000,0.1242000000,611.00,29.8640,5281.00,0.840000,0.810000,1,1,"Transit",2016
"Kepler-1135 b","Kepler-1135",1.85000000,,76.95785700000,0.3436000000,451.00,25.7600,5656.00,0.960000,0.940000,1,1,"Transit",2016
"Kepler-951 b","Kepler-951",5.59000000,,71.52530845000,0.3091000000,340.00,2.4720,4834.00,0.770000,0.730000,2,1,"Transit",2016
"Kepler-967 b","Kepler-967",2.35000000,,13.22713379000,0.1027000000,638.00,39.1000,5178.00,0.840000,0.800000,1,2,"Transit",2016
"Kepler-1013 b","Kepler-1013",2.15000000,,18.93054959000,0.1370000000,766.00,16.1010,4954.00,0.810000,0.760000,1,1,"Transit",2016
"Kepler-1233 b","Kepler-1233",2.60000000,,45.12630420000,0.2630000000,604.00,30.0610,6198.00,1.160000,1.250000,1,1,"Transit",2016
"Kepler-1234 b","Kepler-1234",2.81000000,,11.94014029000,0.0960000000,625.00,40.1200,4967.00,0.800000,0.760000,1,1,"Transit",2016
"Kepler-523 b","Kepler-523",1.96000000,,5.83598311100,0.0615900000,884.00,149.1350,5515.00,0.930000,0.860000,1,1,"Transit",2016
"Gl 725 B c","Gl 725 B",1.66000000,,37.90000000000,0.1390000000,215.00,0.4742,3379.00,0.250000,0.280000,2,2,"Radial Velocity",2026
"Kepler-1180 b","Kepler-1180",1.99000000,,16.86012860000,0.1246000000,765.00,175.8550,6077.00,1.090000,1.140000,1,1,"Transit",2016
"Kepler-1181 b","Kepler-1181",1.57000000,,4.89337519000,0.0621000000,1374.00,831.1430,6176.00,1.170000,1.300000,1,2,"Transit",2016
"Kepler-1189 b","Kepler-1189",1.77000000,,3.78858982000,0.0467000000,1158.00,449.9360,6012.00,1.110000,1.160000,1,1,"Transit",2016
"Kepler-1236 b","Kepler-1236",2.14000000,,31.05716180000,0.1803000000,480.00,13.5710,5337.00,0.860000,0.820000,1,1,"Transit",2016
"Kepler-1235 b","Kepler-1235",0.79000000,,4.16055856000,0.0483600000,985.00,265.3250,5541.00,0.930000,0.900000,1,1,"Transit",2016
"Kepler-518 b","Kepler-518",2.11000000,,8.51203587700,0.0799600000,839.00,133.3170,5842.00,0.960000,0.880000,1,1,"Transit",2016
"Kepler-1276 b","Kepler-1276",1.19000000,,12.57200950000,0.1086300000,886.00,139.7700,6188.00,1.140000,1.210000,1,1,"Transit",2016
"Kepler-1277 b","Kepler-1277",1.60000000,,40.83650120000,0.2185700000,496.00,12.1100,5578.00,0.940000,0.920000,1,1,"Transit",2016
"Kepler-1182 b","Kepler-1182",2.41000000,,11.17394617000,0.0981000000,796.00,197.8820,5924.00,1.040000,1.050000,1,1,"Transit",2016
"Kepler-549 b","Kepler-549",2.57000000,1.10000000000000e+01,42.94956490000,0.2323600000,487.00,9.5490,5360.00,0.880000,0.840000,1,3,"Transit",2016
"Kepler-1237 b","Kepler-1237",2.86000000,,84.57332260000,0.3778000000,366.00,4.0420,5472.00,0.940000,0.900000,1,1,"Transit",2016
"Kepler-1279 b","Kepler-1279",1.75000000,,23.47741010000,0.1785000000,738.00,190.8510,6221.00,1.210000,1.330000,1,1,"Transit",2016
"Kepler-1280 b","Kepler-1280",1.87000000,,66.55790570000,0.3398200000,757.00,35.2930,6227.00,1.200000,1.320000,1,1,"Transit",2016
"Kepler-1076 b","Kepler-1076",0.80000000,,6.14727918000,0.0611000000,770.00,83.1800,4868.00,0.790000,0.740000,1,1,"Transit",2016
"Kepler-1077 b","Kepler-1077",2.77000000,,34.35118740000,0.2101000000,576.00,26.9280,5816.00,1.020000,1.020000,1,1,"Transit",2016
"Kepler-1193 b","Kepler-1193",1.32000000,,2.83265213400,0.0400400000,1453.00,1286.3860,5908.00,1.080000,1.210000,1,1,"Transit",2016
"Kepler-1194 b","Kepler-1194",1.51000000,,16.22371307000,0.1212000000,676.00,49.3500,5590.00,0.940000,0.920000,1,1,"Transit",2016
"Kepler-1238 b","Kepler-1238",1.93000000,,4.14787559000,0.0541000000,1389.00,1195.2010,6386.00,1.300000,1.480000,1,1,"Transit",2016
"Kepler-1282 b","Kepler-1282",1.55000000,,2.13194651300,0.0335000000,1418.00,672.5320,5504.00,0.920000,0.890000,1,1,"Transit",2016
"Kepler-1078 b","Kepler-1078",1.90000000,,3.00725242000,0.0388000000,1122.00,373.9900,5612.00,0.940000,0.920000,1,1,"Transit",2016
"Kepler-1079 b","Kepler-1079",1.63000000,,13.24503188000,0.1092000000,887.00,195.3530,5758.00,1.080000,1.360000,1,1,"Transit",2016
"Kepler-1242 b","Kepler-1242",2.26000000,,13.62798432000,0.1039000000,639.00,28.9980,4895.00,0.770000,0.740000,1,1,"Transit",2016
"Kepler-1243 b","Kepler-1243",1.75000000,,16.83207290000,0.1256000000,690.00,36.1620,5667.00,0.960000,0.940000,1,1,"Transit",2016
"Kepler-1081 b","Kepler-1081",1.01000000,,3.85691854700,0.0466200000,972.00,225.2160,5345.00,0.880000,0.840000,1,1,"Transit",2016
"Kepler-1199 b","Kepler-1199",1.15000000,,15.04471980000,0.1130900000,931.00,131.7000,5889.00,0.940000,1.170000,1,1,"Transit",2016
"Kepler-1202 b","Kepler-1202",2.94000000,,28.68513240000,0.1790000000,547.00,23.8760,5834.00,1.030000,1.040000,1,1,"Transit",2016
"Kepler-519 b","Kepler-519",2.10000000,,24.30789460000,0.1593200000,532.00,19.8700,5260.00,0.890000,0.800000,2,1,"Transit",2016
"Kepler-1284 b","Kepler-1284",1.21000000,,0.66407380600,0.0143000000,1703.00,2190.0820,5123.00,0.840000,0.790000,1,1,"Transit",2016
"Kepler-1083 b","Kepler-1083",3.36000000,,33.41779930000,0.1899000000,448.00,10.1480,5049.00,0.810000,0.770000,1,1,"Transit",2016
"Kepler-1203 b","Kepler-1203",1.06000000,,0.58800076500,0.0114000000,1188.00,723.8060,4105.00,0.640000,0.610000,1,1,"Transit",2016
"Kepler-1204 b","Kepler-1204",3.05000000,,85.73502850000,0.3877000000,448.00,7.0210,5825.00,1.030000,1.030000,1,1,"Transit",2016
"Kepler-1246 b","Kepler-1246",1.36000000,,11.32271513000,0.0848000000,554.00,26.4510,4611.00,0.730000,0.690000,1,1,"Transit",2016
"Kepler-1289 b","Kepler-1289",1.52000000,,7.99019627000,0.0785000000,1113.00,223.4420,6080.00,1.100000,1.170000,1,1,"Transit",2016
"Kepler-1087 b","Kepler-1087",0.61000000,,0.69384285500,0.0155400000,2161.00,3496.4930,5589.00,0.960000,0.940000,1,1,"Transit",2016
"Kepler-1086 b","Kepler-1086",2.44000000,,18.78425728000,0.1198000000,433.00,9.1570,4350.00,0.700000,0.660000,2,2,"Transit",2016
"Kepler-1088 b","Kepler-1088",1.42000000,,23.12748644000,0.1616300000,667.00,44.8870,5975.00,1.080000,1.080000,1,1,"Transit",2016
"Kepler-1206 b","Kepler-1206",1.64000000,,1.21699766300,0.0201000000,1314.00,588.0210,4877.00,0.800000,0.750000,1,1,"Transit",2016
"Kepler-1205 b","Kepler-1205",1.41000000,,1.07839035200,0.0196000000,1667.00,1038.4930,5226.00,0.840000,0.810000,1,1,"Transit",2016
"Kepler-1249 b","Kepler-1249",2.38000000,,24.33471270000,0.1670000000,647.00,98.3360,6202.00,1.190000,1.280000,1,1,"Transit",2016
"Kepler-1250 b","Kepler-1250",1.92000000,,2.60754383400,0.0393000000,1431.00,1866.1930,5717.00,0.990000,0.980000,1,1,"Transit",2016
"Kepler-1293 b","Kepler-1293",0.97000000,,5.57654784000,0.0676300000,1183.00,929.1220,6241.00,1.180000,1.280000,1,1,"Transit",2016
"Kepler-513 b","Kepler-513",2.20000000,,28.86235584000,0.1779000000,623.00,36.5270,5849.00,1.020000,1.060000,1,1,"Transit",2016
"Kepler-1092 b","Kepler-1092",2.07000000,,58.60179250000,0.2996000000,508.00,17.0160,5862.00,0.990000,1.000000,1,1,"Transit",2016
"Kepler-1209 b","Kepler-1209",1.51000000,,25.36911600000,0.1751500000,755.00,63.2460,6210.00,1.230000,1.380000,1,1,"Transit",2016
"Kepler-1252 b","Kepler-1252",1.67000000,,15.05403290000,0.1078000000,665.00,57.5790,5949.00,1.060000,1.090000,1,1,"Transit",2016
"Kepler-1253 b","Kepler-1253",1.33000000,,68.88619150000,0.3144400000,501.00,21.6240,5850.00,0.970000,1.100000,1,1,"Transit",2016
"Kepler-1156 b","Kepler-1156",1.32000000,,11.89520511000,0.0970400000,787.00,83.0140,5778.00,1.000000,1.000000,1,1,"Transit",2016
"Kepler-1155 b","Kepler-1155",2.03000000,,33.46974300000,0.2006000000,609.00,32.5200,5842.00,1.030000,1.030000,1,1,"Transit",2016
"Kepler-1093 b","Kepler-1093",1.95000000,,25.08246260000,0.1754300000,776.00,98.8000,6166.00,1.130000,1.200000,1,2,"Transit",2016
"Kepler-1094 b","Kepler-1094",3.18000000,,78.10002310000,0.3625000000,480.00,10.3360,6112.00,1.140000,1.210000,1,1,"Transit",2016
"Kepler-1213 b","Kepler-1213",1.19000000,,5.34982412000,0.0602600000,1156.00,595.4240,6050.00,1.140000,1.210000,1,1,"Transit",2016
"Kepler-1255 b","Kepler-1255",2.32000000,,36.29193360000,0.2226000000,694.00,39.6710,6018.00,1.080000,1.120000,1,1,"Transit",2016
"Kepler-1256 b","Kepler-1256",1.49000000,,12.41277540000,0.1073300000,933.00,211.5490,6129.00,1.170000,1.360000,1,1,"Transit",2016
"Kepler-1160 b","Kepler-1160",2.14000000,,7.97034958000,0.0755000000,839.00,93.3080,5519.00,0.920000,0.890000,1,1,"Transit",2016
"Kepler-1158 b","Kepler-1158",2.34000000,,13.53962930000,0.1264300000,1079.00,449.6990,6203.00,1.410000,1.950000,1,1,"Transit",2016
"Kepler-1097 b","Kepler-1097",3.26000000,,187.74702900000,0.5791000000,267.00,1.3000,5211.00,0.820000,0.790000,1,1,"Transit",2016
"Kepler-1095 b","Kepler-1095",1.21000000,,4.27103091000,0.0514000000,1108.00,356.5400,5658.00,0.940000,0.920000,1,1,"Transit",2016
"Kepler-1217 b","Kepler-1217",1.99000000,,2.03232507200,0.0326000000,1542.00,1302.9480,5905.00,1.060000,1.080000,1,1,"Transit",2016
"Kepler-1216 b","Kepler-1216",1.39000000,,4.37034536000,0.0519000000,1191.00,415.5530,5743.00,0.990000,0.980000,1,1,"Transit",2016
"Kepler-1257 b","Kepler-1257",1.52000000,,2.66831376200,0.0376000000,1252.00,546.9080,5502.00,0.900000,0.870000,1,1,"Transit",2016
"Kepler-1260 b","Kepler-1260",1.77000000,,19.11877530000,0.1444000000,823.00,171.9260,5961.00,1.060000,1.080000,1,1,"Transit",2016
"Kepler-1163 b","Kepler-1163",1.03000000,,6.11786898000,0.0686800000,1211.00,511.7570,6302.00,1.220000,1.350000,1,1,"Transit",2016
"Kepler-1100 b","Kepler-1100",1.75000000,,6.42200058000,0.0674500000,1000.00,238.5080,6247.00,1.210000,1.340000,1,1,"Transit",2016
"Kepler-1098 b","Kepler-1098",1.30000000,,2.54307285500,0.0358000000,1319.00,995.6700,5794.00,0.990000,0.990000,1,1,"Transit",2016
"Kepler-1261 b","Kepler-1261",2.26000000,,48.43089910000,0.2390000000,396.00,4.7440,5006.00,0.820000,0.770000,1,1,"Transit",2016
"Kepler-1166 b","Kepler-1166",1.69000000,,33.24068820000,0.1975000000,486.00,14.1880,5446.00,0.900000,0.860000,1,1,"Transit",2016
"Kepler-1167 b","Kepler-1167",1.71000000,,1.00393373900,0.0175000000,1419.00,1039.6970,4971.00,0.790000,0.750000,1,1,"Transit",2016
"Kepler-1103 b","Kepler-1103",2.27000000,,19.79191978000,0.1533600000,736.00,160.2820,6092.00,1.110000,1.150000,1,1,"Transit",2016
"Kepler-1221 b","Kepler-1221",1.88000000,,12.00096042000,0.0906000000,632.00,37.8100,5194.00,0.870000,0.820000,1,1,"Transit",2016
"Kepler-522 b","Kepler-522",6.91000000,,38.58422849000,0.2502900000,761.00,63.8550,6392.00,1.540000,1.980000,1,1,"Transit",2016
"Kepler-1264 b","Kepler-1264",1.18000000,,0.96852602300,0.0183900000,1677.00,2367.8040,5791.00,0.990000,0.980000,1,1,"Transit",2016
"Kepler-1169 b","Kepler-1169",0.94000000,,6.11009134000,0.0693100000,1125.00,348.0460,6191.00,1.240000,1.230000,1,1,"Transit",2016
"Kepler-1168 b","Kepler-1168",2.50000000,,55.82265390000,0.2663000000,379.00,4.1070,5157.00,0.870000,0.820000,1,1,"Transit",2016
"Kepler-1106 b","Kepler-1106",1.65000000,,1.25275217400,0.0239000000,2199.00,2399.9740,6104.00,1.110000,1.170000,1,1,"Transit",2016
"Kepler-1226 b","Kepler-1226",1.45000000,,17.29234530000,0.1394500000,809.00,140.3760,5923.00,1.020000,1.020000,1,1,"Transit",2016
"Kepler-1266 b","Kepler-1266",2.58000000,,28.47474800000,0.1643100000,489.00,10.3130,5044.00,0.800000,0.760000,1,2,"Transit",2016
"Kepler-1268 b","Kepler-1268",2.03000000,,40.99039860000,0.2383000000,627.00,40.6520,5904.00,1.060000,1.090000,1,1,"Transit",2016
"Kepler-1171 b","Kepler-1171",2.56000000,,1.44259224000,0.0284000000,2700.00,10171.0050,7044.00,1.580000,1.950000,1,1,"Transit",2016
"Kepler-1172 b","Kepler-1172",3.20000000,,26.02044230000,0.1680000000,675.00,26.3560,5558.00,0.920000,0.890000,1,1,"Transit",2016
"Kepler-1109 b","Kepler-1109",2.19000000,,37.64673840000,0.2466000000,787.00,11.3820,5893.00,1.050000,1.060000,1,1,"Transit",2016
"Kepler-1110 b","Kepler-1110",2.66000000,,9.69312032000,0.0754000000,609.00,43.1360,4781.00,0.730000,0.700000,1,1,"Transit",2016
"Kepler-1229 b","Kepler-1229",1.40000000,,86.82898900000,0.3006000000,212.00,0.5240,3784.00,0.540000,0.510000,1,1,"Transit",2016
"Kepler-436 c","Kepler-436",2.33000000,,16.79713874000,0.1145200000,503.00,14.5200,4685.00,0.750000,0.710000,1,2,"Transit",2016
"Kepler-1270 b","Kepler-1270",3.32000000,,6.03356196000,0.0704500000,1598.00,1217.3950,5047.00,1.280000,3.380000,1,1,"Transit",2016
"Kepler-804 c","Kepler-804",1.14000000,,9.65185017000,0.0865400000,890.00,141.8390,5817.00,1.010000,1.050000,1,2,"Transit",2016
"Kepler-1230 b","Kepler-1230",2.71000000,,9.95661537000,0.0921000000,946.00,153.9330,5961.00,1.060000,1.080000,1,1,"Transit",2016
"Kepler-1271 b","Kepler-1271",1.48000000,,3.02559550000,0.0423300000,1484.00,975.1810,6143.00,1.130000,1.230000,1,1,"Transit",2016
"Kepler-1273 b","Kepler-1273",2.49000000,,28.62565300000,0.1857000000,573.00,14.8770,5566.00,0.940000,0.910000,1,1,"Transit",2016
"Kepler-1177 b","Kepler-1177",1.90000000,,106.24754700000,0.4301000000,377.00,11.8620,5712.00,0.980000,0.970000,1,1,"Transit",2016
"Kepler-1179 b","Kepler-1179",1.32000000,,2.68505749200,0.0349700000,1137.00,288.5700,5212.00,0.840000,0.810000,1,1,"Transit",2016
"Kepler-1152 b","Kepler-1152",0.87000000,,1.64680190800,0.0223000000,806.00,139.6010,3964.00,0.550000,0.530000,1,1,"Transit",2016
"Kepler-1186 b","Kepler-1186",2.23000000,,16.07677615000,0.1281000000,724.00,85.3850,5635.00,0.950000,0.930000,1,1,"Transit",2016
"Kepler-535 b","Kepler-535",2.36000000,,4.90332155100,0.0601100000,1247.00,601.8910,6123.00,1.180000,1.270000,1,1,"Transit",2016
"Kepler-1411 b","Kepler-1411",2.82000000,,86.11508880000,0.4001000000,441.00,8.9270,5664.00,0.950000,0.920000,1,1,"Transit",2016
"Kepler-1413 b","Kepler-1413",1.82000000,,13.18296420000,0.1066000000,661.00,42.8250,5196.00,0.840000,0.800000,1,1,"Transit",2016
"Kepler-1317 b","Kepler-1317",1.56000000,,0.56887442700,0.0128000000,1796.00,2413.2610,5144.00,0.830000,0.790000,1,1,"Transit",2016
"Kepler-1318 b","Kepler-1318",3.11000000,,213.25766300000,0.6085000000,202.00,0.4920,4598.00,0.730000,0.700000,1,1,"Transit",2016
"Kepler-1362 b","Kepler-1362",2.60000000,,136.20562600000,0.4626000000,248.00,1.0110,4857.00,0.800000,0.740000,1,1,"Transit",2016
"Kepler-536 b","Kepler-536",3.10000000,,1.82708229900,0.0283500000,1877.00,892.8120,5524.00,0.920000,0.890000,1,1,"Transit",2016
"Kepler-1415 b","Kepler-1415",1.29000000,,0.63642408000,0.0141600000,1846.00,2138.0790,5267.00,0.890000,0.840000,1,1,"Transit",2016
"Kepler-1320 b","Kepler-1320",1.70000000,,0.86838652800,0.0163000000,1389.00,672.1130,4817.00,0.800000,0.740000,1,1,"Transit",2016
"Kepler-1321 b","Kepler-1321",4.92000000,,11.12830484000,0.0781000000,408.00,13.5470,4094.00,0.540000,0.530000,1,3,"Transit",2016
"Kepler-1366 b","Kepler-1366",1.43000000,,2.16457096800,0.0273000000,783.00,134.9810,4070.00,0.620000,0.600000,1,1,"Transit",2016
"Kepler-903 c","Kepler-903",2.53000000,,62.92285570000,0.3024900000,462.00,24.7910,5682.00,0.980000,0.970000,1,2,"Transit",2016
"Kepler-758 e","Kepler-758",1.53000000,,8.19347190000,0.0829000000,1144.00,588.4020,6228.00,1.160000,1.420000,1,4,"Transit",2016
"Kepler-1417 b","Kepler-1417",1.00000000,,20.35052130000,0.1406200000,695.00,114.3320,5839.00,1.020000,1.020000,1,1,"Transit",2016
"Kepler-1322 b","Kepler-1322",1.61000000,,0.96286738200,0.0183000000,1666.00,2651.4240,5488.00,0.900000,0.870000,1,2,"Transit",2016
"Kepler-525 b","Kepler-525",2.63000000,,18.68404933000,0.1438600000,832.00,176.2320,5573.00,0.950000,1.150000,1,1,"Transit",2016
"Kepler-722 c","Kepler-722",2.82000000,,105.14474900000,0.4471000000,401.00,5.4800,5863.00,1.030000,1.050000,1,2,"Transit",2016
"Kepler-1422 b","Kepler-1422",2.02000000,,18.60519420000,0.1499000000,833.00,156.9000,6194.00,1.150000,1.230000,1,1,"Transit",2016
"Kepler-1327 b","Kepler-1327",1.80000000,,14.88801098000,0.1115100000,831.00,79.9000,5885.00,1.020000,1.030000,1,1,"Transit",2016
"Kepler-1368 b","Kepler-1368",1.65000000,,0.67564948600,0.0153000000,2085.00,4849.2570,5906.00,1.070000,1.080000,1,1,"Transit",2016
"Kepler-769 c","Kepler-769",1.79000000,,15.98701740000,0.1297000000,803.00,86.7610,6186.00,1.190000,1.280000,1,2,"Transit",2016
"Kepler-770 c","Kepler-770",1.20000000,,1.47532231400,0.0309000000,2740.00,833.5880,5598.00,0.940000,0.920000,1,3,"Transit",2016
"Kepler-1430 b","Kepler-1430",1.18000000,,2.46050993000,0.0304000000,969.00,208.5400,4796.00,0.770000,0.720000,1,1,"Transit",2016
"Kepler-1431 b","Kepler-1431",1.47000000,,5.86601526000,0.0648000000,1064.00,469.8190,5806.00,1.030000,1.030000,1,1,"Transit",2016
"Kepler-1328 b","Kepler-1328",0.98000000,,4.52158888000,0.0520000000,1214.00,545.6720,5780.00,1.000000,0.990000,1,1,"Transit",2016
"Kepler-1329 b","Kepler-1329",2.17000000,,9.33646594000,0.0747000000,577.00,26.6450,4500.00,0.720000,0.690000,1,1,"Transit",2016
"Kepler-527 b","Kepler-527",2.84000000,,13.28535633000,0.1164600000,1157.00,147.0460,6388.00,1.280000,1.450000,1,1,"Transit",2016
"Kepler-1371 b","Kepler-1371",0.73000000,,3.44620390000,0.0421400000,1015.00,414.7650,5361.00,0.870000,0.830000,1,2,"Transit",2016
"Kepler-770 d","Kepler-770",1.40000000,,4.15244722000,0.0616000000,1941.00,209.7520,5598.00,0.940000,0.920000,1,3,"Transit",2016
"Kepler-896 b","Kepler-896",2.53000000,,144.54739600000,0.5637800000,303.00,1.9900,5262.00,0.840000,0.810000,1,2,"Transit",2016
"Kepler-1427 b","Kepler-1427",1.10000000,,0.96897237600,0.0197000000,1844.00,2730.5100,5793.00,1.010000,1.010000,1,1,"Transit",2016
"Kepler-1332 b","Kepler-1332",1.37000000,,11.87456832000,0.0991500000,728.00,77.5590,5581.00,0.950000,0.900000,1,1,"Transit",2016
"Kepler-1330 b","Kepler-1330",1.65000000,,10.10769068000,0.0889000000,879.00,322.3990,5608.00,0.970000,0.940000,1,1,"Transit",2016
"Kepler-1373 b","Kepler-1373",1.16000000,,1.29123275000,0.0259800000,1887.00,8385.9000,6299.00,1.220000,1.330000,1,1,"Transit",2016
"Kepler-1374 b","Kepler-1374",2.29000000,,10.65276707000,0.0918000000,737.00,59.7890,5323.00,0.850000,0.810000,1,1,"Transit",2016
"Kepler-1311 c","Kepler-1311",1.22000000,,2.53573424000,0.0375300000,1671.00,2144.5530,5748.00,1.050000,1.400000,1,3,"Transit",2016
"Kepler-1428 b","Kepler-1428",1.64000000,,10.67607169000,0.1105100000,1049.00,817.5790,6184.00,1.280000,1.360000,1,1,"Transit",2016
"Kepler-1429 b","Kepler-1429",1.29000000,,4.48487493000,0.0550000000,1199.00,551.1560,5902.00,1.050000,1.070000,1,1,"Transit",2016
"Kepler-1335 b","Kepler-1335",1.45000000,,6.26406846000,0.0615000000,809.00,80.7410,4903.00,0.770000,0.740000,1,1,"Transit",2016
"Kepler-528 b","Kepler-528",2.08000000,,19.78297415000,0.1421900000,708.00,68.9710,5807.00,1.010000,1.060000,1,1,"Transit",2016
"Kepler-1321 c","Kepler-1321",2.40000000,,2.22649108600,0.0267000000,697.00,115.9090,4094.00,0.540000,0.530000,1,3,"Transit",2016
"Kepler-1433 b","Kepler-1433",1.56000000,,4.13592271000,0.0516000000,1226.00,535.4200,6097.00,1.140000,1.190000,1,1,"Transit",2016
"Kepler-1337 b","Kepler-1337",2.41000000,,24.40025490000,0.1441000000,437.00,9.1830,4523.00,0.700000,0.670000,1,1,"Transit",2016
"Kepler-1339 b","Kepler-1339",0.71000000,,1.34155512700,0.0235600000,1642.00,3094.8170,5586.00,0.940000,0.930000,1,1,"Transit",2016
"Kepler-1377 b","Kepler-1377",1.25000000,,0.74092842200,0.0153000000,1873.00,2909.2100,5218.00,0.860000,0.820000,1,1,"Transit",2016
"Kepler-1378 b","Kepler-1378",2.20000000,,11.95398936000,0.0885000000,525.00,14.8670,4407.00,0.700000,0.670000,1,1,"Transit",2016
"Kepler-1370 c","Kepler-1370",1.27000000,,7.44142113000,0.0808400000,1075.00,503.7220,6202.00,1.190000,1.290000,1,2,"Transit",2016
"Kepler-1295 b","Kepler-1295",1.55000000,,3.81371974000,0.0464000000,1029.00,279.9410,5486.00,0.920000,0.890000,1,1,"Transit",2016
"Kepler-1296 b","Kepler-1296",0.91000000,,8.38398650000,0.0896000000,1285.00,399.0150,5359.00,0.870000,0.830000,1,1,"Transit",2016
"Kepler-1341 b","Kepler-1341",2.99000000,,132.99683220000,0.4726700000,241.00,1.1410,4662.00,0.790000,0.720000,2,1,"Transit",2016
"Kepler-529 b","Kepler-529",1.86000000,,1.98035766300,0.0309000000,1662.00,1808.4100,6087.00,1.070000,1.140000,1,3,"Transit",2016
"Kepler-1380 b","Kepler-1380",1.43000000,,10.31082450000,0.0917000000,786.00,90.1000,5570.00,0.960000,0.940000,1,1,"Transit",2016
"Kepler-1391 b","Kepler-1391",1.68000000,,54.40923330000,0.3004500000,513.00,33.3350,5840.00,1.030000,1.100000,1,1,"Transit",2016
"Kepler-1392 b","Kepler-1392",1.96000000,,15.14103970000,0.1189000000,714.00,61.4200,5479.00,0.880000,0.850000,1,1,"Transit",2016
"Kepler-1297 b","Kepler-1297",0.97000000,,1.68189002000,0.0283000000,1790.00,2760.5930,5818.00,0.990000,0.990000,1,1,"Transit",2016
"Kepler-1343 b","Kepler-1343",1.93000000,,3.35183158000,0.0449000000,1294.00,1021.9040,5759.00,0.950000,0.930000,1,1,"Transit",2016
"Kepler-1344 b","Kepler-1344",1.84000000,,4.76830490000,0.0550100000,1219.00,425.1690,5981.00,1.090000,1.130000,1,1,"Transit",2016
"Kepler-1383 b","Kepler-1383",1.41000000,,13.90935830000,0.1139700000,928.00,231.3960,6370.00,1.260000,1.440000,1,1,"Transit",2016
"Kepler-1381 b","Kepler-1381",2.25000000,,25.38426860000,0.1728000000,649.00,29.7010,5747.00,0.960000,0.940000,1,1,"Transit",2016
"Kepler-1393 b","Kepler-1393",0.80000000,,2.44357812000,0.0337000000,1249.00,574.3700,5697.00,0.950000,0.920000,1,1,"Transit",2016
"Kepler-1300 b","Kepler-1300",1.37000000,,22.24190920000,0.1600500000,954.00,149.4090,6130.00,1.290000,1.790000,1,1,"Transit",2016
"Kepler-616 c","Kepler-616",3.41000000,,90.41135560000,0.4024000000,413.00,6.8600,5753.00,0.980000,0.970000,1,3,"Transit",2016
"Kepler-1347 b","Kepler-1347",1.03000000,,14.00947528000,0.1040000000,617.00,34.3200,5193.00,0.820000,0.790000,1,1,"Transit",2016
"Kepler-1345 b","Kepler-1345",2.36000000,,44.61695570000,0.2641200000,693.00,68.4690,6449.00,1.320000,1.550000,1,1,"Transit",2016
"Kepler-1385 b","Kepler-1385",0.85000000,,2.88879862000,0.0426200000,1423.00,1591.4770,5732.00,1.150000,1.290000,1,1,"Transit",2016
"Kepler-1384 b","Kepler-1384",1.94000000,,15.36262753000,0.1126000000,608.00,32.2300,4919.00,0.780000,0.740000,1,1,"Transit",2016
"Kepler-1397 b","Kepler-1397",1.72000000,,47.44995500000,0.2586100000,551.00,58.1030,6026.00,1.090000,1.120000,1,1,"Transit",2016
"Kepler-1398 b","Kepler-1398",0.90000000,,2.78815679000,0.0390900000,1510.00,1249.4880,6126.00,1.130000,1.180000,1,2,"Transit",2016
"Kepler-1396 b","Kepler-1396",2.07000000,,18.22064210000,0.1406000000,786.00,71.8160,6195.00,1.180000,1.270000,1,1,"Transit",2016
"Kepler-1302 b","Kepler-1302",1.43000000,,8.83922659000,0.0795000000,778.00,58.3440,5236.00,0.860000,0.820000,1,1,"Transit",2016
"Kepler-1304 b","Kepler-1304",2.29000000,,16.12888530000,0.1202000000,715.00,61.8700,5259.00,0.850000,0.810000,1,1,"Transit",2016
"Kepler-1350 b","Kepler-1350",2.52000000,,4.49686040000,0.0413000000,535.00,27.1760,3827.00,0.550000,0.530000,1,2,"Transit",2016
"Kepler-1348 b","Kepler-1348",1.94000000,,27.57227420000,0.1834000000,636.00,49.6650,5911.00,1.040000,1.040000,1,1,"Transit",2016
"Kepler-1387 b","Kepler-1387",0.93000000,,2.27952665600,0.0310000000,1123.00,300.3120,5046.00,0.820000,0.770000,1,1,"Transit",2016
"Kepler-1398 c","Kepler-1398",1.03000000,,4.13827595000,0.0508700000,1324.00,738.1830,6126.00,1.130000,1.180000,1,2,"Transit",2016
"Kepler-1400 b","Kepler-1400",1.62000000,,9.06689421000,0.0771000000,725.00,44.5170,5044.00,0.830000,0.780000,1,1,"Transit",2016
"Kepler-1307 b","Kepler-1307",2.47000000,,18.01621096000,0.1369000000,768.00,41.1850,5884.00,1.060000,1.080000,1,1,"Transit",2016
"Kepler-1351 b","Kepler-1351",0.65000000,,0.91614076800,0.0156000000,1212.00,421.9650,4439.00,0.700000,0.670000,1,1,"Transit",2016
"Kepler-521 b","Kepler-521",3.18000000,,22.20813214000,0.1711600000,803.00,160.6120,6406.00,1.340000,1.460000,1,1,"Transit",2016
"Kepler-1390 b","Kepler-1390",1.18000000,,6.48021673000,0.0662000000,934.00,171.1330,5753.00,0.980000,0.980000,1,1,"Transit",2016
"Kepler-531 b","Kepler-531",2.78000000,,29.88485741000,0.1744600000,453.00,10.0070,4893.00,0.780000,0.750000,1,1,"Transit",2016
"Kepler-1389 b","Kepler-1389",1.77000000,,99.25309510000,0.3824900000,300.00,1.8710,5078.00,0.810000,0.740000,1,1,"Transit",2016
"Kepler-1401 b","Kepler-1401",1.68000000,,11.20066445000,0.0975000000,808.00,100.9100,5964.00,1.070000,1.100000,1,1,"Transit",2016
"Kepler-1402 b","Kepler-1402",0.76000000,,2.03387914000,0.0322000000,1789.00,2491.1190,5416.00,0.900000,0.870000,1,1,"Transit",2016
"Kepler-1308 b","Kepler-1308",0.52000000,,2.10433811900,0.0250000000,662.00,58.1080,3468.00,0.350000,0.340000,1,1,"Transit",2016
"Kepler-1309 b","Kepler-1309",2.37000000,,28.84326470000,0.1679000000,491.00,13.7700,5235.00,0.850000,0.800000,1,1,"Transit",2016
"Kepler-1352 b","Kepler-1352",0.89000000,,1.87788274800,0.0288300000,1701.00,1892.5860,6118.00,1.110000,1.160000,1,1,"Transit",2016
"Kepler-1353 b","Kepler-1353",1.80000000,,24.75439660000,0.1530000000,491.00,10.7670,4776.00,0.760000,0.720000,1,1,"Transit",2016
"Kepler-532 b","Kepler-532",2.57000000,,12.92491623000,0.1015100000,620.00,34.0890,5192.00,0.870000,0.790000,1,1,"Transit",2016
"Kepler-1403 b","Kepler-1403",2.14000000,,5.19492202000,0.0640000000,1238.00,699.6440,6060.00,1.110000,1.150000,1,1,"Transit",2016
"Kepler-1405 b","Kepler-1405",3.96000000,,28.22741840000,0.1778000000,565.00,33.8020,5925.00,1.050000,1.070000,1,1,"Transit",2016
"Kepler-1310 b","Kepler-1310",1.44000000,,0.67933627200,0.0145200000,1883.00,2830.9100,5549.00,0.910000,0.880000,1,1,"Transit",2016
"Kepler-1312 b","Kepler-1312",2.10000000,,5.44832528600,0.0605300000,978.00,219.1170,5719.00,0.990000,0.920000,1,2,"Transit",2016
"Kepler-517 b","Kepler-517",2.67000000,,60.92832271000,0.2868200000,467.00,10.5550,5690.00,0.950000,0.980000,2,1,"Transit",2016
"Kepler-1356 b","Kepler-1356",1.53000000,,0.63400293700,0.0136000000,1714.00,1966.0570,5106.00,0.820000,0.780000,1,1,"Transit",2016
"Kepler-1354 b","Kepler-1354",2.97000000,,76.61337700000,0.3521000000,466.00,18.8600,6168.00,1.160000,1.240000,1,1,"Transit",2016
"Kepler-1050 c","Kepler-1050",1.48000000,,21.12845690000,0.1526400000,935.00,40.6440,6010.00,1.090000,1.130000,1,2,"Transit",2016
"Kepler-1407 b","Kepler-1407",2.25000000,,20.07115040000,0.1502000000,826.00,78.6670,6010.00,1.100000,1.150000,1,1,"Transit",2016
"Kepler-1313 b","Kepler-1313",1.76000000,,3.83309117800,0.0461900000,1012.00,227.1980,5453.00,0.920000,0.850000,1,1,"Transit",2016
"Kepler-1359 b","Kepler-1359",2.83000000,,59.49709520000,0.2665700000,369.00,2.4510,4709.00,0.780000,0.720000,1,1,"Transit",2016
"Kepler-1360 b","Kepler-1360",3.40000000,,40.52864130000,0.2866000000,933.00,82.5640,6778.00,1.510000,1.830000,1,1,"Transit",2016
"Kepler-1611 b","Kepler-1611",0.81000000,,5.17624290000,0.0586000000,1243.00,146.2200,5605.00,0.940000,0.930000,1,1,"Transit",2016
"Kepler-1463 b","Kepler-1463",1.86000000,,25.15864000000,0.1694000000,619.00,57.6340,5679.00,0.960000,0.950000,1,1,"Transit",2016
"Kepler-1543 b","Kepler-1543",2.71000000,,6.96710269000,0.0867000000,1774.00,375.6510,6561.00,1.390000,1.650000,1,1,"Transit",2016
"Kepler-1578 b","Kepler-1578",1.04000000,,1.45088690700,0.0252000000,1700.00,1486.4380,5545.00,0.900000,0.860000,1,1,"Transit",2016
"Kepler-626 b","Kepler-626",2.29000000,,14.48585199000,0.1091300000,784.00,69.7950,5813.00,1.010000,1.050000,1,1,"Transit",2016
"Kepler-1465 b","Kepler-1465",1.77000000,,31.82771110000,0.1939000000,668.00,6.2460,4726.00,0.750000,0.710000,1,1,"Transit",2016
"Kepler-1466 b","Kepler-1466",1.55000000,,31.17504480000,0.1798100000,585.00,21.8750,5884.00,1.010000,1.020000,1,1,"Transit",2016
"Kepler-1546 b","Kepler-1546",3.13000000,,19.59749710000,0.1366000000,671.00,36.3020,5623.00,0.950000,0.930000,1,1,"Transit",2016
"Kepler-1548 b","Kepler-1548",2.64000000,,124.82867900000,0.4679000000,350.00,1.9330,5706.00,0.990000,0.970000,1,1,"Transit",2016
"Kepler-1613 b","Kepler-1613",2.08000000,,1.51842990000,0.0275500000,1926.00,6797.6230,6005.00,1.080000,1.120000,1,1,"Transit",2016
"Kepler-1468 c","Kepler-1468",1.15000000,,3.54553021000,0.0466000000,1448.00,1479.5670,5893.00,1.040000,1.050000,1,3,"Transit",2016
"Kepler-1582 b","Kepler-1582",1.49000000,,4.83817712000,0.0316000000,354.00,2.5000,3208.00,0.280000,0.300000,1,1,"Transit",2016
"Kepler-1469 b","Kepler-1469",2.80000000,,21.86353010000,0.1466000000,551.00,24.9010,5507.00,0.920000,0.890000,1,1,"Transit",2016
"Kepler-633 b","Kepler-633",1.63000000,,8.50340718000,0.0818500000,1021.00,454.5000,5899.00,1.020000,1.150000,1,2,"Transit",2016
"Kepler-1550 b","Kepler-1550",3.02000000,,225.58280900000,0.7681000000,348.00,2.3050,5991.00,1.070000,1.110000,1,1,"Transit",2016
"Kepler-1552 b","Kepler-1552",2.47000000,,184.77185300000,0.6011000000,268.00,1.8540,5202.00,0.850000,0.780000,1,1,"Transit",2016
"Kepler-1584 b","Kepler-1584",1.61000000,,13.39970990000,0.1168000000,886.00,162.5440,6069.00,1.100000,1.130000,1,1,"Transit",2016
"Kepler-556 b","Kepler-556",2.24000000,,11.72292176000,0.0983300000,766.00,81.6410,5740.00,1.000000,0.980000,1,1,"Transit",2016
"Kepler-629 b","Kepler-629",1.38000000,,7.23858540000,0.0710700000,816.00,103.1470,5444.00,0.930000,0.840000,1,1,"Transit",2016
"Kepler-630 b","Kepler-630",3.18000000,,161.47439370000,0.5620100000,343.00,5.5680,5829.00,1.020000,1.040000,1,1,"Transit",2016
"Kepler-1470 b","Kepler-1470",1.07000000,,16.29509030000,0.1160000000,574.00,23.9180,4961.00,0.800000,0.760000,1,1,"Transit",2016
"Kepler-1475 b","Kepler-1475",2.92000000,,82.17737400000,0.3730000000,441.00,13.7600,6214.00,1.180000,1.280000,1,1,"Transit",2016
"Kepler-1476 b","Kepler-1476",1.67000000,,10.35863224000,0.0932000000,860.00,75.6410,5663.00,0.980000,0.960000,1,1,"Transit",2016
"Kepler-154 f","Kepler-154",1.50000000,,9.91935684000,0.0883200000,838.00,139.8840,5769.00,0.980000,0.980000,1,5,"Transit",2016
"Kepler-1165 b","Kepler-1165",1.55000000,,9.47852200000,0.0914000000,946.00,464.7730,6080.00,1.130000,1.180000,1,2,"Transit",2016
"Kepler-1587 b","Kepler-1587",1.33000000,,9.40604670000,0.0874700000,981.00,254.7010,5933.00,1.080000,1.220000,1,1,"Transit",2016
"Kepler-579 b","Kepler-579",2.00000000,,9.66857723000,0.0854000000,730.00,60.6090,5636.00,0.990000,0.960000,1,1,"Transit",2016
"Kepler-1619 b","Kepler-1619",0.76000000,,23.62259130000,0.1541300000,797.00,74.6350,5852.00,1.000000,1.000000,1,1,"Transit",2016
"Kepler-132 e","Kepler-132",1.18000000,,110.28693740000,0.4392700000,414.00,6.1000,6023.00,1.030000,1.100000,2,4,"Transit",2016
"Kepler-1471 b","Kepler-1471",1.41000000,,3.63899398000,0.0453000000,1238.00,314.2330,5660.00,0.950000,0.930000,1,2,"Transit",2016
"Kepler-1554 b","Kepler-1554",2.90000000,,198.08877400000,0.5952700000,288.00,1.0140,5297.00,0.840000,0.810000,1,1,"Transit",2016
"Kepler-541 b","Kepler-541",3.36000000,,5.08005848000,0.0644700000,1673.00,1452.9040,6166.00,1.410000,2.060000,1,1,"Transit",2016
"Kepler-1589 b","Kepler-1589",1.09000000,,0.99166527400,0.0205000000,2102.00,5228.7850,6166.00,1.180000,1.250000,1,1,"Transit",2016
"Kepler-686 b","Kepler-686",12.15000000,,1.59474546300,0.0258000000,1539.00,2132.9030,5649.00,0.940000,0.920000,1,1,"Transit",2016
"Kepler-1473 b","Kepler-1473",1.19000000,,14.42735510000,0.1160600000,783.00,111.0110,6046.00,1.090000,1.090000,1,1,"Transit",2016
"Kepler-1472 b","Kepler-1472",1.90000000,,38.13128310000,0.2322000000,613.00,57.0790,6159.00,1.160000,1.250000,1,1,"Transit",2016
"Kepler-1474 b","Kepler-1474",2.16000000,,36.43334520000,0.2108000000,561.00,21.3920,5870.00,1.040000,1.040000,1,1,"Transit",2016
"Kepler-1556 b","Kepler-1556",1.96000000,,8.82713457000,0.0829000000,797.00,92.1380,5608.00,0.970000,0.950000,1,1,"Transit",2016
"Kepler-542 b","Kepler-542",1.57000000,,13.14497566000,0.1070300000,698.00,61.5730,5526.00,0.930000,0.900000,1,1,"Transit",2016
"Kepler-1592 b","Kepler-1592",1.54000000,,3.05710069000,0.0400000000,1202.00,1918.3400,6213.00,1.180000,1.280000,1,1,"Transit",2016
"Kepler-1623 b","Kepler-1623",1.31000000,,4.36128348000,0.0518000000,1000.00,243.0800,5772.00,1.000000,1.000000,1,1,"Transit",2016
"Kepler-1622 b","Kepler-1622",1.47000000,,10.81187370000,0.1013600000,922.00,236.0050,6436.00,1.310000,1.500000,1,1,"Transit",2016
"Kepler-631 b","Kepler-631",2.90000000,,17.97979059000,0.1401700000,828.00,94.1370,6185.00,1.240000,1.330000,1,1,"Transit",2016
"Kepler-1477 b","Kepler-1477",1.18000000,,11.55530021000,0.0911000000,674.00,78.1630,5100.00,0.810000,0.780000,1,1,"Transit",2016
"Kepler-1478 b","Kepler-1478",1.73000000,,26.08405940000,0.1681000000,598.00,85.2820,5904.00,1.040000,1.060000,1,1,"Transit",2016
"Kepler-1558 b","Kepler-1558",0.68000000,,3.50470358000,0.0427800000,1019.00,189.8860,5101.00,0.830000,0.790000,1,1,"Transit",2016
"Kepler-1557 b","Kepler-1557",1.53000000,,3.74032496000,0.0490000000,1287.00,645.5430,6099.00,1.110000,1.170000,1,1,"Transit",2016
"Kepler-544 b","Kepler-544",2.12000000,,21.41616926000,0.1548200000,748.00,126.0310,6206.00,1.160000,1.220000,1,1,"Transit",2016
"Kepler-1442 b","Kepler-1442",3.93000000,,81.41629410000,0.4081400000,522.00,25.9720,6394.00,1.340000,1.440000,1,1,"Transit",2016
"Kepler-1435 b","Kepler-1435",0.86000000,,4.45343281000,0.0545600000,1331.00,893.8860,6356.00,1.210000,1.320000,1,1,"Transit",2016
"Kepler-1559 b","Kepler-1559",0.72000000,,0.97191542800,0.0183500000,1609.00,1620.0630,5316.00,0.860000,0.820000,1,1,"Transit",2016
"Kepler-1596 b","Kepler-1596",1.90000000,,66.37337900000,0.3237000000,471.00,33.3780,5706.00,0.950000,0.920000,1,1,"Transit",2016
"Kepler-403 d","Kepler-403",1.42000000,,13.61159129000,0.1217800000,958.00,285.2950,6209.00,1.250000,1.450000,1,3,"Transit",2016
"Kepler-1443 b","Kepler-1443",0.97000000,,2.41811321000,0.0378300000,1602.00,2809.1650,6289.00,1.190000,1.270000,1,1,"Transit",2016
"Kepler-1438 b","Kepler-1438",0.94000000,,2.31942009000,0.0346000000,1490.00,561.1200,5530.00,0.970000,0.960000,1,1,"Transit",2016
"Kepler-1562 b","Kepler-1562",3.55000000,,64.27377520000,0.3308000000,554.00,31.7680,5760.00,1.020000,1.050000,1,1,"Transit",2016
"Kepler-1561 b","Kepler-1561",1.09000000,,1.00520700700,0.0194000000,1682.00,2364.8070,5957.00,1.070000,1.110000,1,1,"Transit",2016
"Kepler-1598 b","Kepler-1598",0.95000000,,4.34195123000,0.0520700000,1236.00,308.4600,5940.00,1.070000,1.090000,1,1,"Transit",2016
"Kepler-1445 b","Kepler-1445",0.96000000,,10.60052251000,0.0958700000,987.00,248.5480,6150.00,1.130000,1.260000,1,1,"Transit",2016
"Kepler-511 b","Kepler-511",6.35000000,,296.63786500000,0.8567200000,332.00,4.2080,5770.00,1.000000,1.200000,1,2,"Transit",2016
"Kepler-1564 b","Kepler-1564",1.47000000,,18.05403810000,0.1327000000,635.00,41.5140,5528.00,0.930000,0.900000,1,1,"Transit",2016
"Kepler-1563 b","Kepler-1563",0.75000000,,3.43276598000,0.0442000000,1134.00,390.5700,5765.00,1.000000,0.990000,1,1,"Transit",2016
"Kepler-1565 b","Kepler-1565",1.19000000,,1.53818843700,0.0241000000,1234.00,510.5660,4940.00,0.760000,0.730000,1,1,"Transit",2016
"Kepler-1602 b","Kepler-1602",1.34000000,,11.17931605000,0.0974400000,1159.00,124.5070,6296.00,1.220000,1.360000,1,1,"Transit",2016
"Kepler-1448 b","Kepler-1448",1.61000000,,12.27065865000,0.1058000000,811.00,86.6450,5774.00,0.950000,0.930000,1,1,"Transit",2016
"Kepler-1449 b","Kepler-1449",1.68000000,,13.22745280000,0.1176000000,867.00,271.8850,5979.00,1.080000,1.100000,1,1,"Transit",2016
"Kepler-1566 b","Kepler-1566",0.79000000,,0.53991523800,0.0119800000,1871.00,2340.9840,5254.00,0.840000,0.810000,1,1,"Transit",2016
"Kepler-1567 b","Kepler-1567",2.73000000,,153.97957800000,0.5520000000,330.00,2.7230,5655.00,0.950000,0.930000,1,1,"Transit",2016
"Kepler-597 b","Kepler-597",2.37000000,,13.02365861000,0.1091600000,743.00,76.3750,5683.00,0.970000,0.950000,1,1,"Transit",2016
"Kepler-1603 b","Kepler-1603",1.29000000,,2.27163926000,0.0351000000,1522.00,1269.4600,6241.00,1.210000,1.310000,1,1,"Transit",2016
"Kepler-1450 b","Kepler-1450",1.71000000,,54.50941660000,0.2401000000,308.00,3.0780,4524.00,0.710000,0.680000,1,1,"Transit",2016
"Kepler-1451 b","Kepler-1451",3.35000000,,35.62223300000,0.2101000000,523.00,18.7510,5782.00,1.000000,0.990000,1,1,"Transit",2016
"Kepler-603 d","Kepler-603",1.32000000,,6.21712920000,0.0711700000,1098.00,497.4000,5808.00,1.010000,1.010000,1,3,"Transit",2016
"Kepler-605 c","Kepler-605",0.86000000,,2.35895151500,0.0333600000,1278.00,513.0300,5462.00,0.910000,0.880000,1,2,"Transit",2016
"Kepler-1568 b","Kepler-1568",1.30000000,,20.92539200000,0.1515700000,729.00,72.5680,5956.00,1.090000,1.190000,1,1,"Transit",2016
"Kepler-1606 b","Kepler-1606",2.07000000,,196.43522400000,0.6421000000,324.00,1.2900,5422.00,0.900000,0.860000,1,1,"Transit",2016
"Kepler-1452 b","Kepler-1452",2.70000000,,42.91375100000,0.2576400000,810.00,73.5010,6101.00,1.410000,2.060000,1,1,"Transit",2016
"Kepler-1571 b","Kepler-1571",1.52000000,,3.38555488000,0.0428700000,1476.00,757.1320,6297.00,1.230000,1.390000,1,1,"Transit",2016
"Kepler-1570 b","Kepler-1570",1.07000000,,26.54895500000,0.1669900000,836.00,76.4570,5550.00,0.920000,0.890000,1,1,"Transit",2016
"Kepler-1572 b","Kepler-1572",0.94000000,,5.49548621000,0.0583800000,1293.00,583.5230,5618.00,0.970000,0.950000,1,1,"Transit",2016
"Kepler-1607 b","Kepler-1607",0.92000000,,13.64736760000,0.1197800000,913.00,449.6320,6116.00,1.140000,1.210000,1,1,"Transit",2016
"Kepler-1609 b","Kepler-1609",2.22000000,,114.34219000000,0.4679000000,429.00,12.9750,6132.00,1.180000,1.270000,1,1,"Transit",2016
"Kepler-1457 b","Kepler-1457",1.99000000,,51.11102430000,0.2639100000,478.00,23.4680,5866.00,1.010000,1.010000,1,1,"Transit",2016
"Kepler-1458 b","Kepler-1458",2.76000000,,47.98727640000,0.2486900000,493.00,8.2930,5653.00,0.960000,0.940000,1,1,"Transit",2016
"Kepler-217 d","Kepler-217",1.32000000,,3.88689525000,0.0534000000,1574.00,2099.7520,6341.00,1.370000,1.760000,1,3,"Transit",2016
"Kepler-625 c","Kepler-625",1.05000000,,4.16536510000,0.0537900000,1048.00,932.1320,5789.00,1.040000,0.960000,1,2,"Transit",2016
"Kepler-653 c","Kepler-653",0.78000000,,0.90037647600,0.0185500000,2078.00,3743.2750,5665.00,1.020000,1.190000,1,2,"Transit",2016
"Kepler-1575 b","Kepler-1575",1.31000000,,2.55314213000,0.0366000000,1312.00,803.6790,5667.00,0.950000,0.920000,1,1,"Transit",2016
"Kepler-578 b","Kepler-578",2.00000000,,1.61688369600,0.0266000000,1774.00,496.8980,5334.00,0.870000,0.830000,1,1,"Transit",2016
"Kepler-1461 b","Kepler-1461",2.03000000,,29.34947750000,0.1715000000,451.00,8.8800,4919.00,0.790000,0.740000,1,1,"Transit",2016
"Kepler-1541 b","Kepler-1541",1.16000000,,8.40691199000,0.0755500000,1048.00,75.5600,5282.00,0.860000,0.810000,1,1,"Transit",2016
"Kepler-1576 b","Kepler-1576",1.04000000,,6.98471973000,0.0721100000,1059.00,156.6080,5876.00,1.050000,1.060000,1,1,"Transit",2016
"Kepler-603 b","Kepler-603",2.65000000,,21.05358596000,0.1605200000,731.00,97.8000,5808.00,1.010000,1.010000,1,3,"Transit",2016
"Kepler-640 b","Kepler-640",2.56000000,,22.24813967000,0.1541800000,609.00,35.0620,5653.00,1.010000,0.940000,1,1,"Transit",2016
"Kepler-722 b","Kepler-722",2.63000000,,4.09357325200,0.0514000000,1182.00,414.6010,5863.00,1.030000,1.050000,1,2,"Transit",2016
"Kepler-634 b","Kepler-634",1.89000000,,5.16950177000,0.0576500000,1309.00,808.8440,6075.00,1.030000,1.240000,1,1,"Transit",2016
"Kepler-701 b","Kepler-701",2.84000000,,10.35533177000,0.0895000000,777.00,75.6230,5343.00,0.880000,0.840000,1,1,"Transit",2016
"Kepler-709 b","Kepler-709",2.92000000,,16.08524954000,0.1173000000,613.00,28.2160,5071.00,0.800000,0.770000,1,1,"Transit",2016
"Kepler-1625 b","Kepler-1625",6.06000000,,287.37894900000,0.8776200000,350.00,3.3000,5677.00,0.960000,0.940000,1,1,"Transit",2016
"Kepler-1501 b","Kepler-1501",1.56000000,,14.55645330000,0.1159200000,787.00,100.0010,6229.00,1.200000,1.300000,1,1,"Transit",2016
"Kepler-1500 b","Kepler-1500",1.20000000,,15.03301050000,0.1236000000,928.00,131.8180,5845.00,1.000000,1.000000,1,1,"Transit",2016
"Kepler-1522 b","Kepler-1522",1.73000000,,1.84788917100,0.0288000000,1374.00,1513.4570,5706.00,0.960000,0.930000,1,1,"Transit",2016
"Kepler-702 b","Kepler-702",9.17000000,,10.52629406300,0.0880000000,713.00,88.9060,5419.00,0.900000,0.860000,1,1,"Transit",2016
"Kepler-641 b","Kepler-641",1.85000000,,9.48961571000,0.0895000000,926.00,311.7880,5713.00,1.020000,1.130000,1,1,"Transit",2016
"Kepler-1626 b","Kepler-1626",2.02000000,,4.13962966000,0.0537000000,1352.00,1328.6540,6826.00,1.510000,1.850000,1,1,"Transit",2016
"Kepler-609 b","Kepler-609",3.35000000,,6.52121066600,0.0682000000,932.00,258.0590,5971.00,1.090000,1.140000,1,1,"Transit",2016
"Kepler-724 b","Kepler-724",3.29000000,,3.31494633800,0.0433000000,1155.00,339.4010,5437.00,0.900000,0.860000,1,1,"Transit",2016
"Kepler-1504 b","Kepler-1504",2.13000000,,82.30400300000,0.3704000000,485.00,25.1700,5393.00,0.850000,0.810000,1,1,"Transit",2016
"Kepler-1505 b","Kepler-1505",0.93000000,,30.86093660000,0.1829800000,525.00,36.1210,5686.00,0.930000,0.860000,1,1,"Transit",2016
"Kepler-1524 b","Kepler-1524",3.54000000,,70.96746030000,0.3392000000,438.00,8.4430,6179.00,1.170000,1.250000,1,1,"Transit",2016
"Kepler-495 b","Kepler-495",5.23000000,,3.41303622100,0.0427000000,1200.00,310.0210,5346.00,0.860000,0.830000,1,2,"Transit",2016
"Kepler-710 b","Kepler-710",1.88000000,,4.34728552700,0.0524000000,1174.00,710.8720,5611.00,0.940000,0.910000,1,1,"Transit",2016
"Kepler-540 b","Kepler-540",2.71000000,,172.70497840000,0.5882200000,355.00,4.5250,5946.00,1.020000,1.080000,1,1,"Transit",2016
"Kepler-1644 b","Kepler-1644",1.88000000,,21.09077580000,0.1420000000,606.00,31.8600,5499.00,0.890000,0.860000,1,1,"Transit",2016
"Kepler-1507 b","Kepler-1507",0.84000000,,16.05062130000,0.1194600000,630.00,30.4760,5410.00,0.890000,0.850000,1,1,"Transit",2016
"Kepler-1506 b","Kepler-1506",1.32000000,,14.03291540000,0.1168000000,783.00,235.8070,5676.00,0.950000,0.930000,1,1,"Transit",2016
"Kepler-1086 c","Kepler-1086",2.94000000,,161.51633450000,0.5030000000,211.00,0.5190,4350.00,0.700000,0.660000,2,2,"Transit",2016
"Kepler-604 b","Kepler-604",2.59000000,,25.85501786000,0.1735000000,637.00,46.9820,5890.00,1.020000,1.030000,1,1,"Transit",2016
"Kepler-1627 b","Kepler-1627",3.69000000,,7.20283653000,0.0643000000,794.00,143.1200,5445.00,0.870000,0.840000,1,1,"Transit",2016
"Kepler-1510 b","Kepler-1510",3.36000000,,84.70392100000,0.4089000000,537.00,14.0360,6200.00,1.190000,1.280000,1,1,"Transit",2016
"Kepler-1511 b","Kepler-1511",1.68000000,,23.23827920000,0.1753000000,903.00,228.2190,6064.00,1.170000,1.290000,1,1,"Transit",2016
"Kepler-1526 b","Kepler-1526",2.43000000,,3.90863200500,0.0418000000,787.00,99.0970,4601.00,0.730000,0.690000,1,1,"Transit",2016
"Kepler-643 b","Kepler-643",10.16000000,3.21008300000000e+02,16.33889626000,0.1348500000,963.00,211.7110,4908.00,1.000000,2.520000,1,1,"Transit",2016
"Kepler-642 b","Kepler-642",2.90000000,,4.41745855000,0.0563100000,1810.00,719.3730,6570.00,1.400000,1.660000,1,1,"Transit",2016
"Kepler-711 b","Kepler-711",3.41000000,,23.58914398000,0.1429000000,487.00,15.5690,5222.00,0.840000,0.800000,1,1,"Transit",2016
"Kepler-726 b","Kepler-726",3.26000000,,21.80451088000,0.1406000000,543.00,25.2960,5452.00,0.880000,0.850000,1,1,"Transit",2016
"Kepler-401 d","Kepler-401",2.27000000,,184.25640500000,0.6688600000,380.00,8.4850,6184.00,1.170000,1.290000,1,3,"Transit",2016
"Kepler-1512 b","Kepler-1512",1.18000000,,20.35972599000,0.1369300000,322.00,1.6000,4372.00,0.730000,0.670000,1,1,"Transit",2016
"Kepler-1528 b","Kepler-1528",1.46000000,,1.79111020500,0.0296000000,1549.00,1106.8510,5857.00,1.030000,1.030000,1,1,"Transit",2016
"Kepler-1529 b","Kepler-1529",2.10000000,,5.33905686000,0.0525000000,817.00,115.7650,5048.00,0.810000,0.770000,1,1,"Transit",2016
"Kepler-1388 d","Kepler-1388",2.86000000,,20.95681580000,0.1260000000,363.00,8.6600,4098.00,0.630000,0.610000,1,4,"Transit",2016
"Kepler-622 b","Kepler-622",2.13000000,,14.28226676000,0.0978000000,446.00,12.4860,4201.00,0.640000,0.610000,1,1,"Transit",2016
"Kepler-1530 b","Kepler-1530",1.64000000,,2.59044340000,0.0355300000,1484.00,353.5610,5477.00,0.920000,0.880000,1,3,"Transit",2016
"Kepler-1530 c","Kepler-1530",1.65000000,,5.32274060000,0.0574400000,1167.00,135.1790,5477.00,0.920000,0.880000,1,3,"Transit",2016
"Kepler-1632 b","Kepler-1632",2.47000000,,448.30355800000,0.6762000000,369.00,6.0620,6137.00,1.120000,1.190000,1,1,"Transit",2016
"Kepler-1631 b","Kepler-1631",1.35000000,,4.09513932000,0.0511000000,1122.00,446.9180,5679.00,0.970000,0.950000,1,1,"Transit",2016
"Kepler-1534 b","Kepler-1534",1.89000000,,5.71668872000,0.0599000000,955.00,196.5100,5442.00,0.900000,0.860000,1,1,"Transit",2016
"Kepler-1531 b","Kepler-1531",1.11000000,,1.13854337600,0.0220400000,2537.00,4457.2000,6260.00,1.160000,1.270000,1,1,"Transit",2016
"Kepler-1093 c","Kepler-1093",1.96000000,,89.72229200000,0.4103700000,508.00,18.1000,6166.00,1.130000,1.200000,1,2,"Transit",2016
"Kepler-714 b","Kepler-714",9.67000000,,8.09888798600,0.0832000000,986.00,484.0060,5995.00,1.090000,1.120000,1,1,"Transit",2016
"Kepler-1633 b","Kepler-1633",1.58000000,,186.40427100000,0.3875000000,925.00,26.2580,6256.00,1.200000,1.320000,1,1,"Transit",2016
"Kepler-713 b","Kepler-713",2.48000000,,7.41114100000,0.0748000000,905.00,228.2830,5785.00,0.980000,0.990000,1,1,"Transit",2016
"Kepler-1480 b","Kepler-1480",1.67000000,,22.12679948000,0.1525000000,721.00,16.3170,5156.00,0.850000,0.810000,2,1,"Transit",2016
"Kepler-1479 b","Kepler-1479",1.83000000,,14.53261362000,0.1134100000,746.00,98.5740,5796.00,0.990000,0.980000,1,1,"Transit",2016
"Kepler-1481 b","Kepler-1481",1.23000000,,5.94220998000,0.0590000000,797.00,71.9400,4908.00,0.800000,0.750000,1,1,"Transit",2016
"Kepler-990 c","Kepler-990",1.53000000,,0.53835430800,0.0123200000,2386.00,5272.4000,5948.00,1.050000,1.080000,1,2,"Transit",2016
"Kepler-969 c","Kepler-969",0.99000000,,1.68293460400,0.0265000000,1270.00,564.5810,5214.00,0.920000,0.820000,1,2,"Transit",2016
"Kepler-489 b","Kepler-489",7.72000000,,17.27629611900,0.1210900000,538.00,20.6180,5014.00,0.820000,0.760000,1,1,"Transit",2016
"Kepler-1532 b","Kepler-1532",1.35000000,,1.09366355900,0.0206000000,1681.00,1705.7620,5559.00,0.910000,0.880000,1,1,"Transit",2016
"Kepler-605 b","Kepler-605",1.44000000,,3.38353806600,0.0424400000,1133.00,316.7180,5462.00,0.910000,0.880000,1,2,"Transit",2016
"Kepler-1635 b","Kepler-1635",3.64000000,,469.63111000000,1.1266400000,200.00,0.4000,5347.00,0.890000,0.850000,1,1,"Transit",2016
"Kepler-1483 b","Kepler-1483",1.52000000,,9.50851560000,0.0958000000,1131.00,265.0180,6337.00,1.250000,1.400000,1,1,"Transit",2016
"Kepler-545 b","Kepler-545",2.69000000,,13.24934059000,0.1124800000,806.00,101.1430,5882.00,1.040000,1.070000,1,1,"Transit",2016
"Kepler-636 b","Kepler-636",4.45000000,,16.08066114700,0.1185000000,614.00,67.5090,5203.00,0.850000,0.800000,2,1,"Transit",2016
"Kepler-1016 c","Kepler-1016",3.68000000,,105.65513690000,0.4351900000,407.00,7.0710,5821.00,0.990000,1.000000,1,2,"Transit",2016
"Kepler-1535 b","Kepler-1535",2.55000000,,138.94420000000,0.5329000000,384.00,5.3840,6021.00,1.080000,1.110000,1,1,"Transit",2016
"Kepler-600 b","Kepler-600",2.90000000,,23.67517607000,0.1536000000,528.00,20.1820,5279.00,0.840000,0.810000,1,1,"Transit",2016
"Kepler-717 b","Kepler-717",2.42000000,,4.40840023000,0.0520000000,1139.00,398.0000,5485.00,0.880000,0.850000,1,1,"Transit",2016
"Kepler-1485 b","Kepler-1485",1.47000000,,19.91577250000,0.1473200000,728.00,85.1760,6087.00,1.110000,1.120000,1,1,"Transit",2016
"Kepler-1484 b","Kepler-1484",2.11000000,,30.45491360000,0.1939000000,624.00,35.9200,5730.00,0.940000,0.920000,1,1,"Transit",2016
"Kepler-1486 b","Kepler-1486",2.32000000,,54.64957590000,0.2846000000,538.00,22.3720,5965.00,1.080000,1.120000,1,1,"Transit",2016
"Kepler-342 e","Kepler-342",0.88000000,,1.64422461300,0.0290900000,1897.00,3111.3220,6366.00,1.260000,1.340000,1,4,"Transit",2016
"Kepler-582 b","Kepler-582",3.68000000,,18.49235668000,0.1254000000,603.00,25.0560,5564.00,0.930000,0.910000,1,1,"Transit",2016
"Kepler-1129 c","Kepler-1129",2.73000000,,76.53695860000,0.3536700000,503.00,7.0060,5831.00,1.000000,1.000000,1,2,"Transit",2016
"Kepler-1538 b","Kepler-1538",2.82000000,,175.13881900000,0.6095000000,346.00,1.9890,5837.00,1.030000,1.030000,1,1,"Transit",2016
"Kepler-644 b","Kepler-644",3.15000000,,3.17391710300,0.0464100000,1655.00,2381.7700,6747.00,1.490000,1.810000,1,1,"Transit",2016
"Kepler-1487 b","Kepler-1487",2.13000000,,7.31946363000,0.0898000000,1682.00,323.2940,6541.00,1.380000,1.630000,1,2,"Transit",2016
"Kepler-581 b","Kepler-581",2.63000000,,40.60698210000,0.2259000000,521.00,12.3900,5772.00,1.000000,1.000000,1,1,"Transit",2016
"Kepler-1516 b","Kepler-1516",1.75000000,,7.25931979000,0.0718000000,967.00,615.2530,5904.00,1.040000,1.070000,1,1,"Transit",2016
"Kepler-1047 c","Kepler-1047",0.99000000,,3.18897601000,0.0441300000,1309.00,1323.0650,5754.00,1.080000,1.130000,1,2,"Transit",2016
"Kepler-1409 b","Kepler-1409",1.04000000,,0.76486492600,0.0155300000,1733.00,1552.1330,5160.00,0.830000,0.790000,1,1,"Transit",2016
"Kepler-585 b","Kepler-585",2.83000000,,2.75235975300,0.0384100000,1178.00,489.1490,5593.00,0.960000,0.930000,1,1,"Transit",2016
"Kepler-1488 b","Kepler-1488",1.86000000,,39.81899320000,0.2415300000,650.00,73.3350,5820.00,1.050000,1.310000,1,2,"Transit",2016
"Kepler-697 b","Kepler-697",4.13000000,,3.70987064500,0.0471000000,1151.00,472.2360,5513.00,0.920000,0.880000,1,1,"Transit",2016
"Kepler-1425 b","Kepler-1425",0.94000000,,14.45413020000,0.1143500000,676.00,216.4050,5718.00,0.970000,0.950000,1,1,"Transit",2016
"Kepler-1350 c","Kepler-1350",1.73000000,,1.76678906200,0.0222000000,730.00,94.0540,3827.00,0.550000,0.530000,1,2,"Transit",2016
"Kepler-719 b","Kepler-719",8.52000000,,5.00731777900,0.0556000000,998.00,234.2800,5777.00,0.990000,0.980000,1,1,"Transit",2016
"Kepler-1491 b","Kepler-1491",1.51000000,,16.58617620000,0.1270000000,821.00,138.1080,5728.00,1.000000,0.990000,1,2,"Transit",2016
"Kepler-1492 b","Kepler-1492",1.49000000,,16.75255007000,0.1262000000,801.00,11.5230,4712.00,0.770000,0.720000,1,1,"Transit",2016
"Kepler-698 b","Kepler-698",3.68000000,,16.32976218000,0.1255000000,727.00,172.5570,5612.00,0.940000,0.910000,1,1,"Transit",2016
"Kepler-1454 b","Kepler-1454",1.88000000,,47.03194790000,0.2447000000,492.00,9.0800,5448.00,0.900000,0.860000,1,1,"Transit",2016
"Kepler-460 c","KIC 5437945",5.52000000,,220.13033570000,0.7531800000,389.00,7.4000,6146.00,1.170000,1.260000,1,2,"Transit",2016
"Kepler-720 b","Kepler-720",8.41000000,,4.70832654200,0.0539000000,1162.00,384.5610,5618.00,0.950000,0.920000,1,1,"Transit",2016
"Kepler-547 b","Kepler-547",4.00000000,,6.01038428900,0.0580000000,768.00,87.7130,4828.00,0.780000,0.730000,1,1,"Transit",2016
"Kepler-1494 b","Kepler-1494",3.07000000,,91.08048200000,0.3982000000,415.00,9.1130,5659.00,0.960000,0.940000,1,1,"Transit",2016
"Kepler-1520 b","Kepler-1520",5.77000000,,0.65355357200,0.0129000000,1437.00,1134.3860,4677.00,0.760000,0.710000,1,1,"Transit",2016
"Kepler-1065 c","Kepler-1065",1.60000000,,2.37030743000,0.0344000000,1256.00,734.6190,5635.00,0.940000,0.930000,1,2,"Transit",2016
"Kepler-707 b","Kepler-707",1.33000000,,2.23749275100,0.0325000000,1160.00,336.6730,5099.00,0.800000,0.760000,1,1,"Transit",2016
"Kepler-602 b","Kepler-602",2.09000000,,15.28469497000,0.1224000000,852.00,128.7830,6062.00,1.080000,1.130000,1,1,"Transit",2016
"Kepler-606 b","Kepler-606",3.31000000,,24.31575992000,0.1700000000,683.00,71.8430,6161.00,1.130000,1.220000,1,1,"Transit",2016
"Kepler-721 b","Kepler-721",2.64000000,,5.39202538800,0.0583000000,850.00,138.7510,5075.00,0.820000,0.780000,1,1,"Transit",2016
"Kepler-937 c","Kepler-937",2.67000000,,153.34336400000,0.5545000000,377.00,6.9300,6095.00,1.150000,1.220000,1,2,"Transit",2016
"Kepler-638 b","Kepler-638",1.83000000,,6.07972888000,0.0669500000,1111.00,872.5670,5382.00,0.880000,0.930000,1,1,"Transit",2016
"Kepler-1073 c","Kepler-1073",1.64000000,,4.02582254000,0.0483000000,1169.00,357.0820,5792.00,1.000000,1.000000,1,3,"Transit",2016
"MOA-2010-BLG-353L b","MOA-2010-BLG-353L",11.10000000,8.60000000000000e+01,,1.7200000000,,,,0.180000,,1,1,"Microlensing",2015
"HATS-30 b","HATS-30",13.17057500,2.24387980000000e+02,3.17435160000,0.0435400000,1414.00,718.9097,5943.00,1.093000,1.061000,2,1,"Transit",2016
"K2-84 c","K2-84",2.03000000,,27.86000000000,0.1768000000,625.08,25.3000,5652.00,0.950000,0.930000,1,2,"Transit",2016
"K2-88 b","K2-88",1.23000000,,4.61220000000,0.0345000000,464.60,7.8000,3537.00,0.258000,0.256000,1,1,"Transit",2016
"Kepler-615 b","Kepler-615",1.74000000,,10.35584657000,0.0850000000,620.00,19.1800,4655.00,0.730000,0.690000,1,1,"Transit",2016
"Kepler-506 b","Kepler-506",2.73000000,,6.88340550000,0.0743700000,1080.00,330.5470,6236.00,1.190000,1.190000,1,1,"Transit",2016
"Kepler-668 b","Kepler-668",2.70000000,,8.35390639000,0.0768000000,790.00,77.6190,5352.00,0.870000,0.820000,1,1,"Transit",2016
"Kepler-669 b","Kepler-669",4.83000000,,4.12554686900,0.0529000000,1243.00,826.7650,6038.00,1.150000,1.200000,1,1,"Transit",2016
"HATS-15 b","HATS-15",12.38594500,6.89691100000000e+02,1.74748753000,0.0271200000,1505.00,2201.3363,5311.00,0.871000,0.922000,1,1,"Transit",2016
"HATS-16 b","HATS-16",14.57170000,1.03930410000000e+03,2.68650200000,0.0374400000,1592.00,994.8095,5738.00,0.970000,1.238000,1,1,"Transit",2016
"K2-89 b","K2-89",0.61500000,,1.09602600000,0.0146200000,830.07,78.0000,3691.00,0.347000,0.318000,1,1,"Transit",2016
"K2-91 b","K2-91",1.10000000,,1.41954900000,0.0164000000,726.81,46.0000,3622.00,0.292000,0.284000,1,1,"Transit",2016
"Kepler-737 b","Kepler-737",1.96000000,,28.59915399000,0.1422000000,298.00,2.2970,3813.00,0.510000,0.480000,1,1,"Transit",2016
"Kepler-670 b","Kepler-670",13.18000000,,2.81650485200,0.0383000000,1219.00,528.2230,5709.00,0.990000,0.990000,1,1,"Transit",2016
"Kepler-671 b","Kepler-671",2.69000000,,4.28095858800,0.0503000000,1012.00,331.4380,5624.00,0.970000,0.950000,1,1,"Transit",2016
"K2-5 c","K2-5",2.26000000,,10.93241000000,0.0818000000,456.00,10.2000,3930.00,0.610000,0.570000,1,2,"Transit",2015
"K2-5 b","K2-5",1.91000000,,5.73594000000,0.0532000000,565.00,24.1000,3930.00,0.610000,0.570000,1,2,"Transit",2015
"Kepler-223 c","Kepler-223",3.44000000,5.10000000000000e+00,9.84564000000,0.0911700000,947.00,302.4740,5803.00,1.125000,1.720000,1,4,"Transit",2014
"WASP-98 b","WASP-98",12.82309600,2.93039260000000e+02,2.96264036000,0.0376200000,1171.00,269.8828,5473.00,0.809000,0.741000,2,1,"Transit",2014
"Kepler-223 b","Kepler-223",2.99000000,7.40000000000000e+00,7.38449000000,0.0752500000,1042.00,444.0530,5803.00,1.125000,1.720000,1,4,"Transit",2014
"Kepler-672 b","Kepler-672",2.50000000,,38.37746230000,0.2163000000,529.00,16.3600,5627.00,0.950000,0.920000,1,1,"Transit",2016
"Kepler-571 b","Kepler-571",2.64000000,,4.79859938800,0.0546000000,978.00,219.0360,5527.00,0.930000,0.900000,1,1,"Transit",2016
"K2-16 b","K2-16",2.02000000,,7.61880000000,0.0667000000,658.00,44.5000,4742.00,0.680000,0.660000,1,3,"Transit",2015
"K2-16 c","K2-16",2.54000000,,19.07863000000,0.1229000000,485.00,13.1000,4742.00,0.680000,0.660000,1,3,"Transit",2015
"K2-8 c","K2-8",2.41000000,,5.06416000000,0.0532000000,801.00,97.8000,4870.00,0.780000,0.740000,1,2,"Transit",2016
"Kepler-223 d","Kepler-223",5.24000000,8.00000000000000e+00,14.78869000000,0.1195600000,827.00,175.9510,5803.00,1.125000,1.720000,1,4,"Transit",2014
"Kepler-653 b","Kepler-653",1.95000000,,14.70748976000,0.1194500000,819.00,90.3840,5665.00,1.020000,1.190000,1,2,"Transit",2016
"Kepler-742 b","Kepler-742",3.24000000,,8.36086823800,0.0744000000,690.00,38.1010,4642.00,0.760000,0.710000,1,1,"Transit",2016
"Kepler-673 b","Kepler-673",6.54000000,,3.72873109300,0.0455000000,1023.00,253.4560,5355.00,0.880000,0.840000,1,1,"Transit",2016
"Kepler-154 d","Kepler-154",3.84000000,,20.54981883000,0.1435400000,657.00,53.0020,5769.00,0.980000,0.980000,1,5,"Transit",2016
"HD 87646 b","HD 87646",12.40000000,,13.48100000000,0.1170000000,1012.70,665.8120,5770.00,1.120000,1.550000,3,1,"Radial Velocity",2016
"Kepler-80 e","Kepler-80",1.60000000,4.13000000000000e+00,4.64489000000,0.0491000000,629.00,94.7810,4540.00,0.730000,0.678000,1,6,"Transit",2014
"Kepler-654 b","Kepler-654",2.07000000,,13.72465129000,0.1166400000,831.00,229.3110,5865.00,1.040000,1.110000,1,1,"Transit",2016
"Kepler-148 d","Kepler-148",8.68000000,,51.84688575000,0.2607000000,413.00,6.5320,5172.00,0.860000,0.810000,1,3,"Transit",2016
"Kepler-676 b","Kepler-676",3.04000000,,11.59822172000,0.0798000000,396.00,8.2410,3701.00,0.510000,0.490000,1,1,"Transit",2016
"OGLE-2012-BLG-0026L b","OGLE-2012-BLG-0026L",7.72000000,4.61000000000000e+01,,4.0000000000,,,,1.060000,,1,2,"Microlensing",2012
"WASP-85 A b","WASP-85 A",13.89916000,4.02054950000000e+02,2.65567770000,0.0390000000,1452.00,640.3258,6112.00,1.090000,0.935000,2,1,"Transit",2016
"Kepler-80 f","Kepler-80",1.21000000,4.45973000000000e+03,0.98678730000,0.0175000000,1054.00,750.9640,4540.00,0.730000,0.678000,1,6,"Transit",2016
"Kepler-656 b","Kepler-656",3.12000000,,1.26025909400,0.0223100000,1569.00,924.3740,5281.00,0.860000,0.820000,1,2,"Transit",2016
"Kepler-655 b","Kepler-655",2.71000000,,46.40633580000,0.2569700000,588.00,28.7670,6170.00,1.150000,1.240000,1,1,"Transit",2016
"Kepler-678 b","Kepler-678",5.14000000,,7.27503724000,0.0732000000,833.00,113.6400,5520.00,0.940000,0.910000,1,1,"Transit",2016
"Kepler-572 b","Kepler-572",2.58000000,,17.20523483000,0.1192000000,553.00,26.8890,5212.00,0.830000,0.790000,1,1,"Transit",2016
"WASP-114 b","WASP-114",15.00885100,5.62241270000000e+02,1.54877430000,0.0285100000,2043.00,2978.2048,5940.00,1.289000,1.430000,2,1,"Transit",2016
"WASP-113 b","WASP-113",15.79348100,1.50969250000000e+02,4.54216874538,0.0588500000,1496.00,821.4050,5890.00,1.318000,1.608000,1,1,"Transit",2016
"HD 59686 A b","HD 59686 A",12.70000000,,299.36000000000,1.0860000000,783.08,56.2338,4658.00,1.900000,13.200000,2,1,"Radial Velocity",2016
"Kepler-679 b","Kepler-679",3.01000000,,12.39358604000,0.0983000000,677.00,56.0020,5403.00,0.870000,0.840000,1,1,"Transit",2016
"Kepler-680 b","Kepler-680",2.42000000,,3.68992629100,0.0469000000,1147.00,706.6200,5890.00,1.080000,1.110000,1,1,"Transit",2016
"K2-47 b","K2-47",1.89000000,,31.63720000000,0.1779000000,503.72,10.7000,5054.00,0.750000,0.760000,1,1,"Transit",2016
"K2-48 b","K2-48",2.24000000,,20.50650000000,0.1344000000,550.56,15.3000,4899.00,0.770000,0.730000,1,1,"Transit",2016
"Kepler-617 b","Kepler-617",1.32000000,,1.68269614800,0.0219000000,750.00,100.2950,3712.00,0.510000,0.480000,1,1,"Transit",2016
"Kepler-588 b","Kepler-588",2.63000000,,4.22162535700,0.0520000000,1176.00,718.0750,5835.00,1.010000,1.000000,1,1,"Transit",2016
"Kepler-573 b","Kepler-573",2.79000000,,22.18329658000,0.1452700000,646.00,46.4400,5746.00,0.990000,1.020000,1,1,"Transit",2016
"Kepler-681 b","Kepler-681",3.08000000,,26.39435646000,0.1635000000,489.00,14.1510,5021.00,0.800000,0.760000,1,1,"Transit",2016
"K2-49 b","K2-49",1.93000000,,2.77065000000,0.0309000000,768.28,59.0000,4175.00,0.510000,0.450000,1,1,"Transit",2016
"K2-58 b","K2-58",2.68000000,,7.05254000000,0.0692000000,920.17,118.0000,5413.00,0.890000,0.860000,1,3,"Transit",2016
"Kepler-1600 b","Kepler-1600",3.13000000,,386.37054800000,0.9814100000,209.00,0.4000,5214.00,0.860000,0.820000,1,2,"Transit",2016
"Kepler-727 b","Kepler-727",2.53000000,,5.15448441700,0.0546000000,964.00,176.6850,5441.00,0.890000,0.860000,1,1,"Transit",2016
"Kepler-589 b","Kepler-589",2.27000000,,16.54964934000,0.1196000000,656.00,32.1420,5296.00,0.880000,0.830000,1,2,"Transit",2016
"Kepler-660 b","Kepler-660",2.57000000,,9.27358194000,0.0759000000,649.00,44.0900,4779.00,0.750000,0.710000,1,1,"Transit",2016
"K2-58 c","K2-58",1.62000000,,2.53726000000,0.0350000000,1293.86,462.0000,5413.00,0.890000,0.860000,1,3,"Transit",2016
"K2-58 d","K2-58",1.71000000,,22.88270000000,0.1517000000,621.48,24.6000,5413.00,0.890000,0.860000,1,3,"Transit",2016
"Kepler-560 b","Kepler-560",1.72000000,,18.47764449000,0.0899000000,298.00,2.4600,3556.00,0.340000,0.330000,2,1,"Transit",2016
"Kepler-550 b","Kepler-550",4.42000000,,8.60010410900,0.0747000000,760.00,77.2580,5322.00,0.870000,0.830000,1,1,"Transit",2016
"Kepler-496 b","Kepler-496",2.32000000,,8.30864937000,0.0747000000,747.00,62.9260,5293.00,0.860000,0.820000,1,1,"Transit",2016
"KELT-10 b","KELT-10",15.68139100,2.15806570000000e+02,4.16627390000,0.0525000000,1377.00,600.0000,5948.00,1.112000,1.209000,1,1,"Transit",2016
"Kepler-712 c","Kepler-712",4.85000000,,226.89047000000,0.6647900000,236.00,0.6620,5148.00,0.840000,0.780000,1,2,"Transit",2016
"K2-59 c","K2-59",2.30000000,,11.29540000000,0.0905000000,692.77,38.3000,5055.00,0.774000,0.731000,1,2,"Transit",2016
"K2-59 b","K2-59",2.41000000,,20.69210000000,0.1354000000,566.37,17.1000,5055.00,0.774000,0.731000,1,2,"Transit",2016
"Kepler-650 b","Kepler-650",2.96000000,,3.03214558800,0.0421000000,1507.00,1218.8800,5849.00,1.080000,1.350000,1,1,"Transit",2016
"Kepler-728 b","Kepler-728",3.34000000,,5.74347726500,0.0625000000,982.00,484.5100,5660.00,0.950000,0.930000,1,1,"Transit",2016
"Kepler-663 b","Kepler-663",2.60000000,,4.99678284000,0.0559000000,917.00,167.9790,5264.00,0.860000,0.820000,1,1,"Transit",2016
"Kepler-1629 b","Kepler-1629",0.77000000,,3.87595807000,0.0485000000,1081.00,315.4570,5776.00,1.010000,1.010000,1,1,"Transit",2016
"K2-64 b","K2-64",2.07000000,,6.53044000000,0.0619000000,877.23,98.0000,5312.00,0.741000,0.726000,1,1,"Transit",2016
"K2-63 b","K2-63",3.22000000,,20.25700000000,0.1627000000,1033.44,188.0000,6771.00,1.400000,1.630000,1,2,"Transit",2016
"Kepler-729 b","Kepler-729",3.58000000,,3.16635371400,0.0432000000,1273.00,1089.5490,5633.00,0.940000,0.910000,1,1,"Transit",2016
"Kepler-487 b","Kepler-487",11.42000000,,15.35876840300,0.1181900000,662.00,51.4920,5444.00,0.910000,0.880000,1,3,"Transit",2016
"Kepler-618 b","Kepler-618",2.60000000,,3.59576964500,0.0449000000,1296.00,677.5690,5860.00,1.050000,1.080000,1,1,"Transit",2016
"WASP-129 b","WASP-129",10.42437000,3.17830000000000e+02,5.74814500000,0.0628000000,1100.00,345.7201,5900.00,1.000000,0.900000,2,1,"Transit",2016
"WASP-133 b","WASP-133",13.56289000,3.68682800000000e+02,2.17642300000,0.0345000000,1790.00,2054.7956,5700.00,1.160000,1.440000,1,1,"Transit",2016
"K2-69 b","K2-69",2.32000000,,7.06599000000,0.0591000000,573.61,17.9000,4127.00,0.551000,0.491000,1,1,"Transit",2016
"K2-68 b","K2-68",1.58000000,,8.05428000000,0.0708000000,706.64,41.0000,4746.00,0.730000,0.675000,1,1,"Transit",2016
"Kepler-590 b","Kepler-590",4.02000000,,5.85296257000,0.0647000000,1056.00,782.4150,6000.00,1.100000,1.150000,1,1,"Transit",2016
"Kepler-664 b","Kepler-664",2.66000000,,2.52559331500,0.0374000000,1406.00,652.4350,5754.00,1.010000,1.020000,1,1,"Transit",2016
"MOA-2013-BLG-605L b","MOA-2013-BLG-605L",1.62000000,3.24000000000000e+00,,0.9300000000,,,,0.024000,,1,1,"Microlensing",2016
"K2-75 b","K2-75",2.67000000,,7.81420000000,0.0810000000,1268.65,430.0000,5995.00,1.160000,1.560000,1,2,"Transit",2016
"K2-71 b","K2-71",2.15000000,,6.98541000000,0.0559000000,533.27,13.4000,4006.00,0.477000,0.426000,1,1,"Transit",2016
"Kepler-591 b","Kepler-591",3.39000000,,81.16942990000,0.3554000000,436.00,5.6150,5677.00,0.970000,0.940000,1,1,"Transit",2016
"HATS-25 b","HATS-25",14.12334000,1.94829790000000e+02,4.29864320000,0.0516300000,1277.00,454.8721,5715.00,0.994000,1.107000,1,1,"Transit",2016
"HATS-26 b","HATS-26",19.61575000,2.06589500000000e+02,3.30238810000,0.0473500000,1918.00,2236.5716,6071.00,1.299000,2.040000,1,1,"Transit",2016
"K2-80 b","K2-80",2.01000000,,19.09180000000,0.1350000000,666.05,32.5000,5441.00,0.900000,0.870000,1,3,"Transit",2016
"K2-75 c","K2-75",2.77000000,,18.31100000000,0.1429000000,955.14,138.0000,5995.00,1.160000,1.560000,1,2,"Transit",2016
"Kepler-736 b","Kepler-736",2.93000000,,3.60147201000,0.0428000000,996.00,233.0310,5217.00,0.860000,0.810000,1,1,"Transit",2016
"Kepler-735 b","Kepler-735",2.95000000,,11.51516988000,0.0965000000,657.00,32.6790,5107.00,0.850000,0.800000,1,1,"Transit",2016
"Kepler-569 b","Kepler-569",3.16000000,,34.18890521000,0.1978400000,526.00,19.3140,5616.00,0.950000,0.930000,1,1,"Transit",2016
"Kepler-592 b","Kepler-592",2.39000000,,2.82019240800,0.0397000000,1367.00,935.8270,5913.00,1.040000,1.040000,1,1,"Transit",2016
"HATS-27 b","HATS-27",16.81350000,1.68449900000000e+02,4.63703800000,0.0611000000,1659.00,1342.5733,6438.00,1.415000,1.740000,1,1,"Transit",2016
"K2-83 c","K2-83",1.48300000,,9.99767000000,0.0713100000,459.75,7.4200,3910.00,0.484000,0.424000,1,2,"Transit",2016
"K2-84 b","K2-84",2.41000000,,6.42150000000,0.0665000000,1019.22,178.0000,5652.00,0.950000,0.930000,1,2,"Transit",2016
"Kepler-562 b","Kepler-562",5.21000000,,18.00931443600,0.1333000000,658.00,67.4350,5575.00,0.930000,0.900000,1,1,"Transit",2016
"Kepler-651 b","Kepler-651",2.37000000,,21.38521506000,0.1407800000,574.00,27.2230,5522.00,0.920000,0.870000,1,1,"Transit",2016
"Kepler-593 b","Kepler-593",2.87000000,,21.21708973000,0.1508000000,706.00,61.0200,5967.00,1.080000,1.100000,1,1,"Transit",2016
"Kepler-570 b","Kepler-570",2.45000000,,4.30166200300,0.0497000000,1009.00,214.0400,5496.00,0.930000,0.900000,1,1,"Transit",2016
"MOA-2016-BLG-227L b","MOA-2016-BLG-227L",13.20000000,8.90000000000000e+02,,1.3900000000,,,,0.290000,,1,1,"Microlensing",2017
"Kepler-1650 b","Kepler-1650",0.96000000,,1.53818001000,0.0167000000,602.00,54.5620,3410.00,0.326000,0.334000,1,1,"Transit",2017
"K2-178 b","K2-178",3.55790985,,8.74781800000,,840.29,117.8260,5525.00,0.951090,0.887267,1,1,"Transit",2018
"K2-72 c","K2-72",1.16000000,,15.18903400000,0.0780000000,333.81,2.2000,3360.47,0.271365,0.330989,1,4,"Transit",2016
"WASP-53 b","WASP-53",12.03846600,6.77613560000000e+02,3.30984430000,0.0410100000,1053.00,241.6656,4953.00,0.839000,0.798000,1,2,"Transit",2017
"K2-60 b","K2-60",7.65574700,1.35395580000000e+02,3.00265000000,0.0450000000,1400.00,1212.0000,5500.00,0.970000,1.120000,1,1,"Transit",2016
"Kepler-1651 b","Kepler-1651",1.84000000,,9.87863917000,0.0692000000,393.00,5.6500,3713.00,0.522000,0.503000,2,1,"Transit",2017
"BD+03 2562 b","BD+03 2562",12.70000000,,481.90000000000,1.3000000000,985.04,296.5605,4095.00,1.140000,32.350000,1,1,"Radial Velocity",2017
"K2-72 e","K2-72",1.29000000,,24.15886800000,0.1060000000,286.34,1.2000,3360.47,0.271365,0.330989,1,4,"Transit",2016
"K2-72 d","K2-72",1.01000000,,7.76017800000,0.0500000000,416.92,5.4000,3360.47,0.271365,0.330989,1,4,"Transit",2016
"K2-81 b","K2-81",1.97000000,,6.10232500000,0.0590000000,739.23,62.9000,4674.13,0.745273,0.634663,1,1,"Transit",2016
"WASP-81 b","WASP-81",16.01766100,2.31698070000000e+02,2.71647620000,0.0390800000,1623.00,1034.0911,5870.00,1.080000,1.283000,1,1,"Transit",2017
"HD 177565 b","HD 177565",4.00000000,,44.50500000000,0.2460000000,539.21,14.5941,5627.00,1.000000,0.971489,1,1,"Radial Velocity",2017
"MOA-2012-BLG-505L b","MOA-2012-BLG-505L",2.48000000,6.70000000000000e+00,,0.9000000000,,,,0.100000,,1,1,"Microlensing",2017
"K2-201 c","K2-201",3.28568401,,22.77987800000,,,,5507.00,0.956055,0.878161,1,2,"Transit",2018
"K2-201 b","K2-201",1.40006712,,1.05979000000,,,,5507.00,0.956055,0.878161,1,2,"Transit",2018
"GJ 1148 b","GJ 1148",11.90000000,,41.38000000000,0.1660000000,232.94,0.4906,3287.00,0.344045,0.358519,1,2,"Radial Velocity",2010
"HD 17674 b","HD 17674",13.90000000,,623.80000000000,1.4200000000,259.52,0.7946,5904.00,0.980000,1.180000,1,1,"Radial Velocity",2017
"HATS-22 b","HATS-22",10.68217700,8.70854200000000e+02,4.72281240000,0.0502500000,858.00,111.2990,4803.00,0.759000,0.689000,1,1,"Transit",2017
"TYC 4282-00605-1 b","TYC 4282-00605-1",12.40000000,,101.54000000000,0.4220000000,1285.10,456.4310,4300.00,0.970000,16.210000,1,1,"Radial Velocity",2017
"K2-206 b","K2-206",2.79522879,,18.29454900000,,,,5043.00,0.789481,0.758046,1,1,"Transit",2018
"K2-207 b","K2-207",2.60585269,,12.48749000000,,,,5522.00,0.941851,0.928158,1,1,"Transit",2018
"K2-132 b","K2-132",14.57170000,1.55736700000000e+02,9.17510000000,0.0916000000,1586.00,293.3740,4840.00,1.080000,3.850000,1,1,"Transit",2017
"WASP-153 b","WASP-153",17.37395000,1.23953700000000e+02,3.33260900000,0.0480000000,1700.00,1400.0000,5914.00,1.336000,1.730000,1,1,"Transit",2017
"HATS-23 b","HATS-23",20.84874000,4.67210100000000e+02,2.16051560000,0.0339700000,1654.00,994.8004,5780.00,1.121000,1.199000,1,1,"Transit",2017
"HD 219134 b","HD 219134",1.60200000,4.74000000000000e+00,3.09292600000,0.0387600000,1015.00,176.2000,4699.00,0.810000,0.778000,1,6,"Radial Velocity",2015
"HD 40956 b","HD 40956",13.20000000,,578.60000000000,1.4000000000,580.56,23.5561,4869.00,2.000000,8.560000,1,1,"Radial Velocity",2017
"Ross 128 b","Ross 128",1.11000000,,9.86580000000,0.0496000000,301.00,1.3800,3192.00,0.168000,0.196700,1,1,"Radial Velocity",2017
"K2-219 b","K2-219",1.34762583,,3.90128700000,,,,5753.00,1.021545,1.189232,1,3,"Transit",2018
"OGLE-2013-BLG-1721L b","OGLE-2013-BLG-1721L",14.10000000,2.00000000000000e+02,,2.6000000000,,,,0.460000,,1,1,"Microlensing",2017
"HD 34445 c","HD 34445",8.42000000,,214.67000000000,0.7181000000,390.12,3.8979,5836.00,1.070000,1.380000,1,6,"Radial Velocity",2017
"HD 219134 d","HD 219134",1.61000000,1.61700000000000e+01,46.85900000000,0.2370000000,410.50,4.7200,4699.00,0.810000,0.778000,1,6,"Radial Velocity",2015
"HD 219134 f","HD 219134",1.31000000,7.30000000000000e+00,22.71700000000,0.1463000000,522.60,12.3800,4699.00,0.810000,0.778000,1,6,"Radial Velocity",2015
"OGLE-2016-BLG-1190L b","OGLE-2016-BLG-1190L",12.30000000,4.25300000000000e+03,1220.00000000000,2.1700000000,,,,0.880000,,1,1,"Microlensing",2017
"HD 113996 b","HD 113996",12.70000000,,610.20000000000,1.6000000000,798.69,113.6719,4181.00,1.490000,25.110000,2,1,"Radial Velocity",2017
"K2-213 b","K2-213",1.51398464,,8.13087000000,,,,5794.00,1.069596,1.204240,1,1,"Transit",2018
"K2-215 b","K2-215",2.12381238,,8.26964800000,,,,5704.00,0.999987,0.974398,1,1,"Transit",2018
"HD 34445 d","HD 34445",6.07000000,,117.87000000000,0.4817000000,476.32,8.6625,5836.00,1.070000,1.380000,1,6,"Radial Velocity",2017
"HD 34445 g","HD 34445",13.60000000,,5700.00000000000,6.3600000000,131.09,0.0497,5836.00,1.070000,1.380000,1,6,"Radial Velocity",2017
"Kepler-20 g","Kepler-20",4.71000000,,34.94000000000,0.2055000000,524.00,16.2132,5495.00,0.948000,0.963900,2,6,"Radial Velocity",2016
"NGC 2682 Sand 978 b","NGC 2682 Sand 978",13.30000000,,511.21000000000,,,,4200.00,1.370000,21.017414,1,1,"Radial Velocity",2017
"Kepler-80 g","Kepler-80",1.13000000,6.50000000000000e-02,14.64558000000,,418.00,,4540.00,0.830000,0.678000,1,6,"Transit",2017
"K2-217 b","K2-217",3.57854073,,14.07452400000,,,,5967.00,1.102661,1.333718,1,1,"Transit",2018
"K2-218 b","K2-218",2.56948149,,8.67988500000,,,,5757.00,1.047488,1.008231,1,1,"Transit",2018
"GJ 3293 c","GJ 3293",4.87000000,,122.61960000000,0.3617500000,176.62,0.1700,3466.00,0.420000,0.404000,1,4,"Radial Velocity",2015
"GJ 3293 b","GJ 3293",5.19000000,,30.59870000000,0.1433900000,280.54,1.0700,3466.00,0.420000,0.404000,1,4,"Radial Velocity",2015
"Wolf 1061 b","Wolf 1061",1.21000000,,4.88690000000,0.0375000000,461.10,7.3400,3342.00,0.294000,0.307000,1,3,"Radial Velocity",2015
"K2-80 d","K2-80",2.55211506,,28.86725300000,,,,5377.00,0.913111,0.841458,1,3,"Transit",2018
"Kepler-1652 b","Kepler-1652",1.60000000,,38.09722000000,0.1654000000,268.00,0.8100,3638.00,0.404000,0.382000,1,1,"Transit",2017
"Wolf 1061 c","Wolf 1061",1.66000000,,17.87190000000,0.0890000000,299.30,1.3000,3342.00,0.294000,0.307000,1,3,"Radial Velocity",2015
"PSR J2322-2650 b","PSR J2322-2650",13.90000000,,0.32296399700,0.0102000000,,,,1.400000,,1,1,"Pulsar Timing",2017
"HATS-50 b","HATS-50",12.66617000,1.23953700000000e+02,3.82970150000,0.0504600000,1275.39,625.3023,5990.00,1.168000,1.117000,1,1,"Transit",2017
"tau Cet f","tau Cet",1.81000000,,636.13000000000,1.3340000000,201.97,0.2782,5310.00,0.783000,0.830000,1,3,"Radial Velocity",2017
"WASP-91 b","WASP-91",11.54527000,4.25892200000000e+02,2.79858100000,0.0370000000,1160.00,332.5562,4920.00,0.840000,0.860000,1,1,"Transit",2017
"HD 9174 b","HD 9174",13.70000000,,1179.00000000000,2.2000000000,234.30,0.4979,5577.00,1.030000,1.670000,1,1,"Radial Velocity",2016
"HD 68402 b","HD 68402",12.60000000,2.51084441530000e+03,1103.00000000000,2.1800000000,196.26,0.2462,5950.00,1.120000,1.020000,1,1,"Radial Velocity",2016
"GJ 3138 b","GJ 3138",1.18000000,,1.22003000000,0.0197000000,902.98,118.1000,3717.00,0.681000,0.500000,1,3,"Radial Velocity",2017
"MOA-2012-BLG-006L b","MOA-2012-BLG-006L",12.60000000,2.70000000000000e+03,,10.2000000000,,,,0.490000,,1,1,"Microlensing",2017
"WASP-105 b","WASP-105",10.76064000,5.72094000000000e+02,7.87288000000,0.0750000000,900.00,166.5368,5070.00,0.890000,0.900000,1,1,"Transit",2017
"HD 147873 c","HD 147873",13.30000000,,491.54000000000,1.3600000000,373.68,3.2385,5972.00,1.380000,2.290000,2,2,"Radial Velocity",2016
"HD 128356 b","HD 128356",13.90000000,,298.20000000000,0.8700000000,232.36,0.4756,4875.00,0.650000,0.850000,1,1,"Radial Velocity",2016
"GJ 3138 d","GJ 3138",3.23000000,,257.80000000000,0.6980000000,151.70,0.1000,3717.00,0.681000,0.500000,1,3,"Radial Velocity",2017
"TYC 3318-01333-1 b","TYC 3318-01333-1",13.10000000,,562.00000000000,1.4140000000,470.43,8.1115,4776.00,1.190000,5.900000,1,1,"Radial Velocity",2018
"GJ 625 b","GJ 625",1.49000000,,14.62800000000,0.0783610000,335.59,2.0787,3499.00,0.300000,0.310000,1,1,"Radial Velocity",2017
"GJ 3323 c","GJ 3323",1.32000000,,40.54000000000,0.1264000000,147.80,0.1700,3159.00,0.164000,0.119000,1,2,"Radial Velocity",2017
"BD+48 740 b","BD+48 740",13.50000000,,733.00000000000,1.7000000000,538.94,15.1044,4534.00,1.090000,10.330000,1,1,"Radial Velocity",2018
"K2-21 b","K2-21",1.84000000,,9.32503800000,0.0760000000,500.00,10.0000,4222.06,0.676023,0.646783,1,2,"Transit",2015
"K2-4 b","K2-4",2.10000000,,10.00341700000,0.0780000000,563.00,15.6000,4014.73,0.635026,0.569359,1,1,"Transit",2015
"K2-21 c","K2-21",2.49000000,,15.50192000000,0.1070000000,420.00,5.1000,4222.06,0.676023,0.646783,1,2,"Transit",2015
"WASP-141 b","WASP-141",13.56289000,8.54962700000000e+02,3.31065100000,0.0469000000,1540.00,1061.5542,5900.00,1.250000,1.370000,1,1,"Transit",2016
"K2-31 b","K2-31",11.88154000,5.63830420000000e+02,1.25785000000,0.0220000000,1688.00,1272.0000,5280.00,0.910000,0.780000,2,1,"Transit",2016
"GJ 3293 e","GJ 3293",1.63000000,,13.25430000000,0.0820800000,370.79,3.3400,3466.00,0.420000,0.404000,1,4,"Radial Velocity",2017
"GJ 3293 d","GJ 3293",2.67000000,,48.13450000000,0.1939400000,241.22,0.5900,3466.00,0.420000,0.404000,1,4,"Radial Velocity",2017
"K2-149 b","K2-149",1.64000000,,11.33200000000,0.0830000000,472.41,7.0000,3745.00,0.595000,0.568000,1,1,"Transit",2018
"KELT-21 b","KELT-21",17.77747400,1.24271530000000e+03,3.61276470000,0.0522400000,2051.00,2950.0000,7598.00,1.458000,1.638000,1,1,"Transit",2018
"K2-125 b","K2-125",2.18000000,,21.75026400000,0.1210000000,321.22,2.0000,3654.47,0.494727,0.402049,1,1,"Transit",2017
"V830 Tau b","V830 Tau",14.00000000,2.22481000000000e+02,4.92700000000,0.0570000000,1213.95,370.0414,4250.00,1.000000,2.000000,1,1,"Radial Velocity",2016
"HATS-31 b","HATS-31",18.38276000,2.79690400000000e+02,3.37796000000,0.0478000000,1823.00,1619.4060,6050.00,1.275000,1.870000,1,1,"Transit",2016
"Kepler-150 f","Kepler-150",3.64000000,,637.20930000000,1.2400000000,227.77,0.4485,5528.00,0.970000,0.905339,1,5,"Transit",2017
"Qatar-3 b","Qatar-3",12.28506400,1.36984730000000e+03,2.50792040000,0.0378300000,1681.00,1330.0000,6007.00,1.145000,1.272000,1,1,"Transit",2017
"K2-160 b","K2-160",3.17824034,,3.70587100000,,,,5649.00,0.982829,0.913754,1,1,"Transit",2018
"K2-128 b","K2-128",1.42000000,,5.67581900000,0.0560000000,803.10,68.8000,4469.51,0.711248,0.777569,1,1,"Transit",2017
"HATS-34 b","HATS-34",16.02887000,2.99078030000000e+02,2.10616070000,0.0316600000,1445.00,691.8428,5380.00,0.955000,0.980000,1,1,"Transit",2016
"KELT-18 b","KELT-18",17.59813000,3.75039400000000e+02,2.87175180000,0.0455000000,2085.00,3152.0000,6670.00,1.524000,1.908000,2,1,"Transit",2017
"K2-163 b","K2-163",2.46610713,,6.67311700000,,,,4937.00,0.826112,0.762201,1,1,"Transit",2018
"K2-165 b","K2-165",1.27443657,,2.35499200000,,,,5185.00,0.834847,0.803827,1,3,"Transit",2018
"K2-35 c","K2-35",1.93000000,,5.60835200000,0.0550000000,766.00,68.0000,4402.71,0.701968,0.619575,1,2,"Transit",2016
"HATS-35 b","HATS-35",16.40997600,3.88388260000000e+02,1.82099930000,0.0319900000,2037.00,2440.7000,6300.00,1.317000,1.433000,1,1,"Transit",2016
"OGLE-2016-BLG-1195L b","OGLE-2016-BLG-1195L",1.11000000,1.43000000000000e+00,,1.1600000000,,,,0.078000,,1,1,"Microlensing",2017
"K2-175 b","K2-175",2.03803688,,9.52598800000,,,,5909.00,1.094693,1.420038,1,1,"Transit",2018
"K2-165 c","K2-165",1.55409035,,4.38274500000,,,,5185.00,0.834847,0.803827,1,3,"Transit",2018
"K2-116 b","K2-116",0.69000000,,4.65541100000,0.0480000000,783.03,78.6000,4348.35,0.694512,0.669400,1,1,"Transit",2017
"K2-102 b","K2-102",1.30000000,,9.91561500000,,,,4695.00,0.770000,0.710000,1,1,"Transit",2016
"XO-6 b","XO-6",23.20263000,1.39845200000000e+03,3.76500070000,0.0815000000,1577.00,580.3860,6720.00,1.470000,1.930000,1,1,"Transit",2016
"HD 6434 b","HD 6434",14.20000000,,21.99800000000,0.1400000000,786.83,57.2458,5769.00,1.100000,1.120000,1,1,"Radial Velocity",2003
"HD 68988 b","HD 68988",13.40000000,,6.27711000000,0.0700000000,1179.39,340.1260,5932.00,1.280000,1.190000,1,2,"Radial Velocity",2001
"HD 220074 b","HD 220074",12.20000000,,672.09998000000,1.6000000000,1069.88,305.7049,3787.00,2.200000,54.920000,1,1,"Radial Velocity",2012
"WASP-58 b","WASP-58",16.02887000,3.08295100000000e+02,5.01718000000,0.0562000000,1270.00,404.7112,5800.00,1.060000,1.220000,2,1,"Transit",2012
"K2-231 b","K2-231",2.50000000,,13.84190100000,,,,5695.00,1.010000,0.950000,1,1,"Transit",2018
"HATS-39 b","HATS-39",17.59813000,2.00232900000000e+02,4.57763480000,0.0600700000,1645.00,1547.1014,6572.00,1.379000,1.621000,1,1,"Transit",2018
"HD 137388 b","HD 137388",9.32000000,,330.00000000000,0.8900000000,248.42,0.5807,5181.00,0.680000,0.880000,1,1,"Radial Velocity",2011
"HD 13931 b","HD 13931",13.20000000,8.89919539600000e+02,4218.00000000000,5.1500000000,139.38,0.0592,5867.00,1.300000,1.250000,1,1,"Radial Velocity",2009
"HD 7199 b","HD 7199",,3.63913526015000e+03,615.00000000000,1.3600000000,218.73,0.3785,5371.00,0.770000,0.970000,1,1,"Radial Velocity",2011
"HD 75289 b","HD 75289",14.20000000,,3.50927000000,0.0500000000,1260.00,821.3488,6117.00,1.290000,1.230000,2,1,"Radial Velocity",1999
"WASP-72 b","WASP-72",14.45961000,7.31009000000000e+02,2.21673000000,0.0371100000,2210.00,6233.7915,6250.00,2.780000,2.180000,1,1,"Transit",2012
"HATS-40 b","HATS-40",17.71022000,5.05349700000000e+02,3.26427360000,0.0499700000,2101.00,3163.3762,6460.00,1.561000,2.260000,1,1,"Transit",2018
"HATS-41 b","HATS-41",14.90797000,3.08295100000000e+03,4.19364900000,0.0583000000,1710.00,1300.3125,6424.00,1.496000,1.710000,1,1,"Transit",2018
"HD 142022 A b","HD 142022 A",12.90000000,1.43340611557000e+03,1928.00000000000,2.9300000000,155.74,0.1176,5421.00,0.900000,1.040000,2,1,"Radial Velocity",2005
"HD 145377 b","HD 145377",12.80000000,,103.95000000000,0.4500000000,442.98,7.7037,6014.00,1.200000,1.050000,1,1,"Radial Velocity",2008
"HD 76700 b","HD 76700",9.60000000,,3.97097000000,0.0500000000,1424.61,723.1837,5644.00,0.990000,1.370000,1,1,"Radial Velocity",2002
"HD 82886 b","HD 82886",13.30000000,,705.00000000000,1.5800000000,435.78,5.5680,4953.00,2.530000,5.260000,1,1,"Radial Velocity",2011
"HD 24040 b","HD 24040",12.90000000,1.58914203500000e+03,3668.00000000000,4.9200000000,143.81,0.0779,5802.00,1.110000,1.300000,1,2,"Radial Velocity",2006
"HD 222155 b","HD 222155",13.40000000,5.81625984810000e+02,3999.00000000000,5.1400000000,164.93,0.1222,5701.00,1.210000,1.850000,1,1,"Radial Velocity",2011
"HD 158996 b","HD 158996",12.30000000,,820.20000000000,2.1000000000,960.27,234.6259,4069.00,1.800000,50.300000,1,1,"Radial Velocity",2018
"KPS-1 b","KPS-1",11.54527000,3.46434700000000e+02,1.70629100000,0.0269000000,1459.00,729.0000,5165.00,0.892000,0.907000,1,1,"Transit",2018
"HD 154672 b","HD 154672",12.80000000,,163.94000000000,0.6000000000,410.76,5.0225,5743.00,1.180000,1.320000,1,1,"Radial Velocity",2008
"KELT-6 b","KELT-6",14.57170000,1.65271600000000e+02,7.84570000000,0.0793900000,1313.00,718.1880,6102.00,1.420000,1.730000,1,2,"Transit",2014
"HAT-P-49 b","HAT-P-49",17.82231000,6.99226000000000e+02,2.69155000000,0.0437800000,2131.00,4392.0300,6820.00,2.220000,2.060000,1,1,"Transit",2014
"K2-155 c","K2-155",2.60000000,,13.85000000000,0.0946000000,583.00,7.0000,4258.00,0.650000,0.580000,1,3,"Transit",2018
"HD 158038 b","HD 158038",13.50000000,,521.00000000000,1.5000000000,405.91,5.2889,4860.00,1.300000,4.500000,1,1,"Radial Velocity",2011
"HR 810 b","HR 810",12.70000000,1.97053612340000e+03,302.79999000000,0.9200000000,329.57,2.1160,6167.00,1.340000,1.130000,1,1,"Radial Velocity",1999
"BD-13 2130 b","BD-13 2130",12.50000000,,714.29999000000,1.6600000000,744.77,40.0372,4545.00,2.120000,19.170000,1,1,"Radial Velocity",2007
"HD 285507 b","HD 285507",13.80000000,,6.08810000000,0.0600000000,736.35,53.0123,4503.00,0.820000,0.690000,1,1,"Radial Velocity",2013
"WASP-117 b","WASP-117",11.88154000,9.53490000000000e+01,10.02165000000,0.0945900000,1001.00,706.3929,6040.00,1.290000,1.220000,1,1,"Transit",2014
"K2-155 d","K2-155",1.90000000,,40.71800000000,0.1937000000,381.00,1.6700,4258.00,0.650000,0.580000,1,3,"Transit",2018
"HD 16175 b","HD 16175",12.80000000,1.87518760130000e+03,990.00000000000,2.1200000000,259.78,0.7164,5981.00,1.630000,1.720000,1,1,"Radial Velocity",2009
"HD 16141 b","HD 16141",10.90000000,,75.52300000000,0.3600000000,562.87,17.9052,5757.00,1.110000,1.480000,2,1,"Radial Velocity",2000
"WASP-11 b","WASP-11",12.44199000,2.51085700000000e+02,3.72247000000,0.0435000000,992.00,184.9880,4800.00,1.420000,0.890000,3,1,"Transit",2008
"WASP-13 b","WASP-13",13.67498000,1.14418800000000e+02,4.35301000000,0.0536200000,1531.00,617.3090,5950.00,0.720000,1.370000,1,1,"Transit",2009
"WASP-95 b","WASP-95",13.78707000,4.57675200000000e+02,2.18467000000,0.0341600000,1570.00,2841.0562,5830.00,1.460000,1.230000,1,1,"Transit",2014
"WASP-97 b","WASP-97",12.77826000,4.32248800000000e+02,2.07276000000,0.0330300000,1555.00,1414.8700,5640.00,1.180000,1.080000,1,1,"Transit",2014
"11 UMi b","11 UMi",12.30000000,,516.21997000000,1.5300000000,896.43,114.8502,4213.00,2.780000,29.790000,1,1,"Radial Velocity",2009
"BD-08 2823 b","BD-08 2823",,2.94849413173900e+03,5.60000000000,0.0600000000,798.86,65.7249,4816.00,0.500000,0.710000,1,2,"Radial Velocity",2009
"HD 1690 b","HD 1690",12.50000000,,533.00000000000,1.3600000000,841.73,17.8958,4374.00,1.860000,21.660000,1,1,"Radial Velocity",2010
"WASP-14 b","WASP-14",15.46842000,2.80961720000000e+03,2.24375000000,0.0370000000,1872.00,1356.3300,6475.00,1.620000,1.400000,3,1,"Transit",2008
"WASP-101 b","WASP-101",16.02887000,1.62093300000000e+02,3.58572000000,0.0505700000,1560.00,1089.1710,6380.00,1.410000,1.310000,1,1,"Transit",2014
"BD-10 3166 b","BD-10 3166",14.10000000,,3.48777000000,0.0400000000,1240.38,402.4216,5393.00,1.470000,0.910000,1,1,"Radial Velocity",2000
"GJ 86 b","GJ 86",12.90000000,,15.76491000000,0.1100000000,661.12,33.7048,5182.00,0.930000,0.770000,2,1,"Radial Velocity",1999
"WASP-22 b","WASP-22",13.78707000,2.12946100000000e+02,3.53269000000,0.0470000000,1502.00,837.7034,6000.00,1.460000,1.240000,1,1,"Transit",2010
"HD 95127 b","HD 95127",12.40000000,,482.00000000000,1.2800000000,1151.28,116.3001,4218.00,3.700000,41.010000,1,1,"Radial Velocity",2015
"WASP-82 b","WASP-82",18.15858000,3.71861100000000e+02,2.70579000000,0.0447000000,2190.00,3557.2900,6480.00,1.480000,2.100000,1,1,"Transit",2015
"HD 204941 b","HD 204941",10.10000000,,1733.00000000000,2.5500000000,134.04,0.0477,5026.00,0.580000,0.780000,2,1,"Radial Velocity",2011
"WASP-29 b","WASP-29",8.63093000,7.31009000000000e+01,3.92273000000,0.0457000000,970.00,121.7724,4800.00,0.770000,0.790000,1,1,"Transit",2010
"WASP-26 b","WASP-26",13.56289000,2.70155500000000e+02,2.75660000000,0.0400000000,1650.00,1225.5264,6034.00,0.860000,1.220000,2,1,"Transit",2010
"K2-164 b","K2-164",3.24925008,,17.35506600000,,,,5791.00,1.180894,2.196069,1,1,"Transit",2018
"K2-169 b","K2-169",1.27328671,,6.38080300000,,,,5548.00,0.986144,0.919053,1,1,"Transit",2018
"HAT-P-22 b","HAT-P-22",12.89035000,7.85040100000000e+02,3.21222000000,0.0414000000,1463.00,325.5690,5302.00,1.130000,1.110000,2,1,"Transit",2010
"HAT-P-24 b","HAT-P-24",14.57170000,2.38372500000000e+02,3.35524000000,0.0465100000,1637.00,1294.9290,6373.00,1.370000,1.380000,2,1,"Transit",2010
"HD 212301 b","HD 212301",14.20000000,,2.24571000000,0.0300000000,1870.75,1944.4444,6239.00,1.550000,1.160000,2,1,"Radial Velocity",2005
"WASP-38 b","WASP-38",13.78707000,1.09333520000000e+03,6.87188000000,0.0752200000,1250.00,501.5014,6180.00,1.760000,1.520000,1,1,"Transit",2010
"K2-170 b","K2-170",1.41817537,,7.57654400000,,,,5748.00,0.963657,0.981614,1,2,"Transit",2018
"K2-171 b","K2-171",2.68657205,,5.62846600000,,,,5250.00,0.891587,1.717458,1,1,"Transit",2018
"HAT-P-29 b","HAT-P-29",13.11453000,2.79690400000000e+02,5.72319000000,0.0667000000,1281.00,433.0000,6087.00,1.450000,1.300000,2,1,"Transit",2011
"HD 213240 b","HD 213240",12.80000000,1.65588600047000e+03,882.70001000000,1.8900000000,257.70,0.7524,5979.00,1.570000,1.510000,2,1,"Radial Velocity",2001
"HD 215497 b","HD 215497",,1.58882420659300e+03,3.93404000000,0.0500000000,1015.96,155.6181,5110.00,0.670000,0.850000,1,2,"Radial Velocity",2009
"WASP-41 b","WASP-41",12.32990000,2.70155500000000e+02,3.05240000000,0.0402200000,1244.00,344.1490,5545.00,0.810000,0.830000,1,2,"Transit",2011
"WASP-48 b","WASP-48",16.81350000,2.54264000000000e+02,2.14363000000,0.0344400000,2035.00,3410.2601,5920.00,0.880000,1.580000,1,1,"Transit",2011
"K2-172 b","K2-172",1.66608079,,14.31694100000,,,,5569.00,0.934356,0.868889,1,2,"Transit",2018
"K2-172 c","K2-172",3.20569097,,29.62682000000,,,,5569.00,0.934356,0.868889,1,2,"Transit",2018
"K2-190 b","K2-190",1.35673729,,10.09885800000,,,,5631.00,0.904597,0.912206,1,2,"Transit",2018
"HAT-P-5 b","HAT-P-5",13.56289000,3.11473400000000e+02,2.78849000000,0.0407300000,1517.00,850.6754,5960.00,1.040000,1.120000,1,1,"Transit",2007
"HAT-P-6 b","HAT-P-6",16.58932000,4.19535600000000e+02,3.85298000000,0.0523900000,1675.00,1099.4400,6570.00,1.790000,1.620000,1,1,"Transit",2007
"HD 218566 b","HD 218566",9.32000000,,225.70000000000,0.6900000000,253.15,0.7414,4730.00,0.760000,0.850000,1,1,"Radial Velocity",2010
"HD 240237 b","HD 240237",12.20000000,,745.70001000000,1.9200000000,1153.09,83.8296,3926.00,8.760000,71.230000,1,1,"Radial Velocity",2011
"XO-1 b","XO-1",12.77826000,2.63798900000000e+02,3.94153000000,0.0488000000,1210.00,321.8500,5750.00,0.880000,0.880000,1,1,"Transit",2006
"XO-4 b","XO-4",14.01125000,4.51318600000000e+02,4.12508000000,0.0552400000,1630.00,1112.2700,6397.00,1.100000,1.450000,1,1,"Transit",2010
"K2-191 b","K2-191",1.57889322,,2.85864600000,,,,5176.00,0.900994,0.839696,1,1,"Transit",2018
"K2-200 b","K2-200",1.36439870,,2.84988300000,,,,5233.00,0.860208,0.791736,1,1,"Transit",2018
"HD 101930 b","HD 101930",10.60000000,,70.46000000000,0.3000000000,417.04,5.4444,5108.00,0.570000,0.860000,2,1,"Radial Velocity",2005
"HD 2638 b","HD 2638",14.30000000,,3.44420000000,0.0400000000,1212.27,292.3345,5186.00,0.770000,0.940000,3,1,"Radial Velocity",2005
"HD 30562 b","HD 30562",13.60000000,4.67207758290000e+02,1157.00000000000,2.3400000000,235.27,0.5147,5882.00,1.120000,1.610000,1,1,"Radial Velocity",2009
"KELT-2 A b","KELT-2 A",15.13215000,5.40311000000000e+02,4.11379000000,0.0549700000,2080.00,3108.4500,6327.00,1.540000,1.930000,2,1,"Transit",2012
"Pr0201 b","Pr0201",14.20000000,,4.42640000000,0.0600000000,1303.39,487.9693,6174.00,1.240000,1.150000,1,1,"Radial Velocity",2012
"K2-173 b","K2-173",1.60826194,,5.86869900000,,,,5580.00,0.881538,0.843154,1,1,"Transit",2018
"HD 102195 b","HD 102195",14.20000000,,4.11377000000,0.0500000000,1035.17,185.2000,5301.00,0.760000,0.820000,1,1,"Radial Velocity",2006
"HD 102117 b","HD 102117",8.47000000,,20.81330000000,0.1500000000,780.86,63.8539,5655.00,1.060000,1.230000,1,1,"Radial Velocity",2005
"HD 330075 b","HD 330075",14.30000000,,3.38773000000,0.0400000000,990.00,292.3345,5000.00,0.470000,0.840000,1,1,"Radial Velocity",2004
"HD 34445 b","HD 34445",13.90000000,,1049.00000000000,2.0700000000,231.47,0.4691,5879.00,1.140000,1.380000,1,6,"Radial Velocity",2009
"HD 77338 b","HD 77338",4.12000000,1.59000000000000e+01,5.73610000000,0.0600000000,1035.54,152.7909,5341.00,1.370000,0.970000,1,1,"Radial Velocity",2012
"HAT-P-40 b","HAT-P-40",17.03768000,1.52558400000000e+02,4.45724000000,0.0608000000,1770.00,1747.4151,6080.00,1.030000,1.940000,1,1,"Transit",2012
"HD 215152 c","HD 215152",,4.68796900325000e+02,7.28243000000,0.0673930000,783.20,66.1050,4935.00,0.770000,0.730000,1,4,"Radial Velocity",2018
"HD 215152 d","HD 215152",,7.70416058568000e+02,10.86499000000,0.0879900000,685.43,38.7790,4935.00,0.770000,0.730000,1,4,"Radial Velocity",2018
"HD 103197 b","HD 103197",5.83000000,,47.84000000000,0.2500000000,474.97,7.5200,5250.00,0.800000,0.880000,1,1,"Radial Velocity",2011
"HD 108874 b","HD 108874",13.60000000,,394.48123000000,1.0400000000,271.33,0.9230,5600.00,1.100000,1.050000,1,2,"Radial Velocity",2002
"HD 40979 b","HD 40979",12.90000000,,264.14999000000,0.8500000000,354.69,2.7022,6165.00,1.450000,1.210000,3,1,"Radial Velocity",2002
"HD 4203 b","HD 4203",13.30000000,,431.88000000000,1.1700000000,297.28,1.4338,5596.00,1.250000,1.420000,1,2,"Radial Velocity",2001
"WASP-49 b","WASP-49",12.44199000,1.17597100000000e+02,2.78174000000,0.0379000000,1400.00,615.4709,5600.00,0.920000,0.970000,2,1,"Transit",2012
"UKIRT-2017-BLG-001L b","UKIRT-2017-BLG-001L",13.70000000,4.07000000000000e+02,,4.1800000000,,,,0.810000,,1,1,"Microlensing",2018
"HD 121504 b","HD 121504",13.60000000,,63.33000000000,0.3300000000,523.32,14.2224,6027.00,1.620000,1.070000,1,1,"Radial Velocity",2003
"HD 47186 b","HD 47186",5.02000000,,4.08450000000,0.0500000000,1267.79,441.6068,5657.00,0.960000,1.080000,1,2,"Radial Velocity",2008
"WASP-66 b","WASP-66",15.69260000,7.46900500000000e+02,4.08605000000,0.0546000000,1569.70,1434.7739,6600.00,1.330000,1.760000,1,1,"Transit",2012
"WASP-67 b","WASP-67",12.89035000,1.36666900000000e+02,4.61442000000,0.0517900000,1003.00,188.1062,5200.00,0.910000,0.880000,1,1,"Transit",2012
"K2-197 b","K2-197",2.56000000,,8.35788100000,0.0806000000,848.00,118.4501,5667.00,1.000000,0.930000,1,1,"Transit",2018
"HD 185269 b","HD 185269",13.80000000,,6.83776000000,0.0770000000,1455.61,832.9821,5923.00,1.300000,2.000000,3,1,"Radial Velocity",2006
"HD 181342 b","HD 181342",13.20000000,,564.10000000000,1.5920000000,410.15,5.8360,4945.00,1.690000,4.710000,1,1,"Radial Velocity",2009
"K2-240 b","K2-240",2.00000000,,6.03400000000,0.0513000000,586.00,20.1392,3810.00,0.580000,0.540000,1,2,"Transit",2018
"CoRoT-20 c","CoRoT-20",12.20000000,,1675.00000000000,2.9000000000,168.16,0.1759,5880.00,1.140000,1.020000,1,2,"Radial Velocity",2018
"HD 89345 b","HD 89345",7.39794000,3.49613000000000e+01,11.81430000000,0.1066000000,1089.00,275.6427,5576.00,1.157000,1.747000,1,1,"Transit",2018
"WASP-158 b","WASP-158",11.99363000,8.86745700000000e+02,3.65633300000,0.0517000000,1590.00,903.0130,6350.00,1.380000,1.390000,1,1,"Transit",2018
"HD 200964 b","HD 200964",13.50000000,,606.30000000000,1.5650000000,425.95,4.7312,4982.00,1.390000,4.920000,1,2,"Radial Velocity",2010
"K2-238 b","K2-238",14.57170000,2.73333800000000e+02,3.20466000000,0.0460000000,1587.00,1082.6407,5630.00,1.190000,1.590000,1,1,"Transit",2018
"WASP-162 b","WASP-162",11.20900000,1.65271600000000e+03,9.62468000000,0.0871000000,910.00,121.9180,5300.00,0.950000,1.110000,1,1,"Transit",2018
"WASP-168 b","WASP-168",16.81350000,1.33488600000000e+02,4.15365800000,0.0519000000,1340.00,278.8860,6000.00,1.080000,1.120000,2,1,"Transit",2018
"HD 28678 b","HD 28678",13.50000000,,380.20000000000,1.1800000000,561.84,16.4464,4972.00,1.530000,6.480000,1,1,"Radial Velocity",2011
"HD 30856 b","HD 30856",13.50000000,,847.00000000000,1.8500000000,364.02,2.8926,4895.00,1.170000,4.400000,2,1,"Radial Velocity",2011
"OGLE-2014-BLG-1722L c","OGLE-2014-BLG-1722L",11.00000000,8.37000000000000e+01,,1.7000000000,,,,0.400000,,1,2,"Microlensing",2018
"K2-244 b","K2-244",1.75000000,,21.06884000000,0.1418000000,638.00,37.9007,5677.00,0.860000,0.920000,1,1,"Transit",2018
"K2-266 b","K2-266",3.30000000,,0.65852400000,0.0130600000,1515.00,879.5000,4285.00,0.686000,0.703000,2,4,"Transit",2018
"K2-266 c","K2-266",0.70500000,,7.81400000000,0.0679000000,664.50,32.4000,4285.00,0.686000,0.703000,2,4,"Transit",2018
"WASP-173 A b","WASP-173 A",13.45080000,1.17279270000000e+03,1.38665318000,0.0248000000,1880.00,1920.0000,5800.00,1.050000,1.110000,2,1,"Transit",2018
"OGLE-2011-BLG-0173L b","OGLE-2011-BLG-0173L",9.01000000,6.00000000000000e+01,,8.0000000000,,,,0.410000,,1,1,"Microlensing",2018
"HD 5319 b","HD 5319",13.50000000,,637.10000000000,1.5700000000,377.72,3.2825,4871.00,1.270000,4.060000,1,2,"Radial Velocity",2007
"K2-159 b","K2-159",2.26000000,,12.42205000000,0.1013000000,684.00,49.2934,5425.00,0.900000,0.830000,1,1,"Transit",2018
"K2-266 e","K2-266",2.73000000,1.43000000000000e+01,19.48200000000,0.1249000000,490.10,9.5810,4285.00,0.686000,0.703000,2,4,"Transit",2018
"K2-266 d","K2-266",2.93000000,8.90000000000000e+00,14.69700000000,0.1035000000,538.30,13.9500,4285.00,0.686000,0.703000,2,4,"Transit",2018
"WASP-147 b","WASP-147",12.49803500,8.74032500000000e+01,4.60273000000,0.0549000000,1404.00,639.4923,5702.00,1.044000,1.429000,1,1,"Transit",2018
"WASP-160 B b","WASP-160 B",12.21781000,8.83567400000000e+01,3.76849520000,0.0452000000,1119.00,210.5750,5298.00,0.870000,0.868000,2,1,"Transit",2018
"HD 95089 c","HD 95089",13.10000000,,1785.00000000000,3.3300000000,292.91,1.2174,4918.00,1.540000,5.080000,1,2,"Radial Velocity",2016
"K2-166 b","K2-166",2.19000000,,8.52695000000,0.0858000000,1140.00,390.3952,5960.00,1.160000,1.610000,1,2,"Transit",2018
"HATS-36 b","HATS-36",12.92000000,1.02214128000000e+03,4.17518600000,0.0523000000,1203.00,561.0000,5950.00,1.100000,1.100000,1,1,"Transit",2018
"WASP-165 b","WASP-165",14.12334000,2.09132140000000e+02,3.46550900000,0.0482300000,1624.00,1373.5324,5599.00,1.248000,1.750000,1,1,"Transit",2018
"HD 96063 b","HD 96063",13.70000000,,362.50000000000,1.1100000000,500.75,10.3076,5020.00,1.370000,4.750000,1,1,"Radial Velocity",2011
"K2-228 b","K2-228",1.21000000,,2.69828000000,0.0338000000,914.00,123.9803,4715.00,0.710000,0.650000,1,1,"Transit",2018
"K2-283 b","K2-283",3.52000000,,1.92103600000,0.0291000000,1186.00,353.6521,5060.00,0.890000,0.820000,1,1,"Transit",2018
"K2-151 b","K2-151",1.49000000,,3.83547600000,0.0373000000,566.00,20.8000,3695.00,0.470000,0.450000,2,1,"Transit",2018
"K2-281 b","K2-281",8.18000000,,8.68772100000,0.0773000000,665.00,37.7384,4812.00,0.820000,0.760000,1,1,"Transit",2018
"K2-216 b","K2-216",1.75000000,8.00000000000000e+00,2.17480000000,0.0280000000,1103.00,248.0000,4503.00,0.700000,0.720000,1,1,"Transit",2018
"HD 5319 c","HD 5319",13.80000000,,872.20000000000,1.9300000000,340.67,2.1721,4871.00,1.270000,4.060000,1,2,"Radial Velocity",2014
"K2-230 b","K2-230",1.96000000,,2.86041000000,0.0409000000,1529.00,1241.5334,5945.00,1.110000,1.390000,1,1,"Transit",2018
"K2-188 b","K2-188",1.35000000,,1.74216900000,0.0289000000,1692.00,1945.6975,5977.00,1.060000,1.190000,1,2,"Transit",2018
"GJ 96 b","GJ 96",4.67000000,,73.94000000000,0.2910000000,257.81,1.0486,3785.00,0.600000,0.580612,1,1,"Radial Velocity",2018
"KMT-2016-BLG-1820L b","KMT-2016-BLG-1820L",12.90000000,1.45000000000000e+03,,1.0800000000,,,,0.039000,,1,1,"Microlensing",2018
"HD 94834 b","HD 94834",13.70000000,,1576.00000000000,2.7400000000,286.45,1.3107,4798.00,1.110000,4.200000,1,1,"Radial Velocity",2018
"K2-153 b","K2-153",2.00000000,,7.51574000000,0.0614000000,497.00,11.8000,3845.00,0.550000,0.530000,1,1,"Transit",2018
"HATS-11 b","HATS-11",18.03000000,2.63798900000000e+02,3.61918800000,0.0507000000,1596.00,1027.2960,6563.00,1.330000,1.540000,1,1,"Transit",2016
"KMT-2016-BLG-2142L b","KMT-2016-BLG-2142L",12.20000000,4.92300000000000e+03,,0.8300000000,,,,0.073000,,1,1,"Microlensing",2018
"MOA-2015-BLG-337L b","MOA-2015-BLG-337L",6.42000000,3.37000000000000e+01,,0.2400000000,,,,0.009400,,1,1,"Microlensing",2018
"K2-241 b","K2-241",2.55000000,,26.81990000000,0.1567000000,507.00,14.5807,5262.00,0.710000,0.750000,1,1,"Transit",2018
"K2-117 c","K2-117",2.06000000,,5.44401700000,0.0492000000,537.00,21.4000,3778.00,0.540000,0.510000,1,2,"Transit",2017
"K2-284 b","K2-284",2.78000000,,4.79506900000,0.0477100000,653.00,42.6000,4140.00,0.630000,0.607000,1,1,"Transit",2018
"MOA-2016-BLG-319L b","MOA-2016-BLG-319L",14.10000000,2.00000000000000e+02,,0.9500000000,,,,0.150000,,1,1,"Microlensing",2018
"HD 12648 b","HD 12648",13.40000000,,133.60001000000,0.5400000000,1053.23,194.0796,4835.00,0.670000,11.020000,1,1,"Radial Velocity",2015
"K2-243 b","K2-243",2.17000000,,11.54182000000,0.1087000000,1035.00,226.0950,6570.00,1.290000,1.390000,1,2,"Transit",2018
"K2-117 b","K2-117",2.03000000,,1.29160000000,0.0189000000,868.00,145.8000,3778.00,0.540000,0.510000,1,2,"Transit",2017
"K2-312 c","HD 80653",12.80000000,,871.32000000000,1.8820000000,229.00,0.4596,5959.00,1.150000,1.199000,1,2,"Radial Velocity",2023
"K2-245 b","K2-245",4.34000000,,11.89307000000,0.0959000000,923.00,83.0000,5793.00,0.830000,1.250000,1,1,"Transit",2018
"K2-270 c","K2-270",2.95000000,,4.40002800000,0.0497000000,848.00,122.7722,4877.00,0.850000,0.770000,1,2,"Transit",2018
"HATS-59 b","HATS-59",12.62133400,2.56170980000000e+02,5.41608100000,0.0611200000,1128.00,269.0000,5670.00,1.038000,1.036000,1,2,"Transit",2018
"KELT-15 b","KELT-15",19.50366000,4.16357300000000e+02,3.32944000000,0.0461300000,1642.00,1612.7618,6003.00,2.060000,1.780000,2,1,"Transit",2016
"K2-247 b","K2-247",2.12000000,,2.25021000000,0.0304000000,979.00,142.1387,4667.00,0.740000,0.690000,1,2,"Transit",2018
"EPIC 211945201 b","EPIC 211945201",5.76000000,1.10000000000000e+01,19.49221000000,0.1493000000,817.00,101.0000,6069.00,1.170000,1.390000,1,1,"Transit",2018
"CoRoT-21 b","CoRoT-21",14.57170000,7.18295800000000e+02,2.72474000000,0.0417000000,2044.44,2915.5997,6200.00,1.290000,1.950000,1,1,"Transit",2012
"70 Vir b","70 Vir",12.60000000,2.38045000000000e+03,116.68800000000,0.4810000000,525.24,12.2183,5495.00,1.090000,1.890000,1,1,"Radial Velocity",1996
"K2-39 b","K2-39",6.27704000,2.86047000000000e+01,4.60543000000,0.0570800000,1670.00,1356.0000,4881.00,0.660000,2.970000,1,1,"Transit",2016
"K2-248 b","K2-248",2.57000000,,7.17256000000,0.0699000000,886.00,132.3323,5528.00,0.880000,0.920000,1,1,"Transit",2018
"K2-276 b","K2-276",3.77000000,,18.71826900000,0.1291000000,583.00,23.5921,5139.00,0.820000,0.850000,1,1,"Transit",2018
"HD 102956 b","HD 102956",13.80000000,,6.49470000000,0.0807000000,1804.96,1781.1928,4985.00,1.660000,4.550000,2,1,"Radial Velocity",2010
"HD 108863 b","HD 108863",13.30000000,,437.70000000000,1.3200000000,490.51,9.6419,4878.00,1.590000,5.740000,1,1,"Radial Velocity",2011
"HATS-46 b","HATS-46",10.12172700,5.49845900000000e+01,4.74237290000,0.0536700000,1054.00,209.7699,5495.00,0.917000,0.853000,1,1,"Transit",2018
"HATS-7 b","HATS-7",6.31066700,3.81396000000000e+01,3.18531500000,0.0401200000,1084.00,211.6178,4985.00,0.849000,0.815000,1,1,"Transit",2015
"K2-252 b","K2-252",1.74000000,,13.81513000000,0.1041000000,639.00,36.0315,5152.00,0.790000,0.820000,1,1,"Transit",2018
"K2-188 c","K2-188",2.83000000,,7.81025300000,0.0785000000,1026.00,230.6280,5977.00,1.060000,1.190000,1,2,"Transit",2018
"HD 131496 b","HD 131496",13.40000000,,896.00000000000,2.0100000000,347.30,2.4257,4846.00,1.340000,4.440000,1,1,"Radial Velocity",2011
"HD 1502 b","HD 1502",13.20000000,,428.50000000000,1.2620000000,458.89,7.2835,4947.00,1.460000,4.670000,1,1,"Radial Velocity",2011
"NGTS-3 A b","NGTS-3 A",16.58932000,7.56435400000000e+02,1.67537280000,0.0230000000,1434.44,1000.5679,5600.00,1.017000,0.930000,2,1,"Transit",2018
"K2-254 b","K2-254",1.63000000,,4.09639000000,0.0448000000,791.00,74.9905,4629.00,0.710000,0.670000,1,2,"Transit",2018
"K2-192 b","K2-192",1.52000000,,4.16281700000,0.0490000000,939.00,181.7191,5222.00,0.900000,0.810000,1,1,"Transit",2018
"K2-239 c","K2-239",1.00000000,,7.77500000000,0.0576000000,427.00,4.8225,3420.00,0.400000,0.360000,1,3,"Transit",2018
"K2-258 b","K2-258",3.00000000,,19.09210000000,0.1490000000,831.00,84.2989,6351.00,1.210000,1.310000,1,1,"Transit",2018
"HD 70642 b","HD 70642",13.00000000,1.23953078730000e+03,2124.54000000000,3.3180000000,150.52,0.0934,5732.00,1.078000,0.984000,1,1,"Radial Velocity",2003
"HATS-69 b","HATS-69",10.59250500,1.83387910000000e+02,2.22525770000,0.0321100000,1295.70,466.6000,5137.00,0.892000,0.878500,1,1,"Transit",2018
"HD 202696 b","HD 202696",,6.34388680000000e+02,517.80000000000,1.5660000000,492.46,9.5418,5040.00,1.910000,6.430000,1,2,"Radial Velocity",2019
"HD 202696 c","HD 202696",,5.92435120000000e+02,946.60000000000,2.3420000000,402.69,4.2662,5040.00,1.910000,6.430000,1,2,"Radial Velocity",2019
"KMT-2017-BLG-1038L b","KMT-2017-BLG-1038L",13.40000000,6.40000000000000e+02,,1.8000000000,,,,0.370000,,1,1,"Microlensing",2019
"HD 117618 b","HD 117618",8.59000000,,25.80000000000,0.1800000000,745.79,50.4075,5990.00,1.077000,1.200000,1,1,"Radial Velocity",2004
"NGTS-4 b","NGTS-4",3.18000000,2.06000000000000e+01,1.33735080000,0.0190000000,1650.00,886.9841,5143.00,0.750000,0.840000,1,1,"Transit",2019
"K2-295 b","K2-295",10.05447300,1.06473050000000e+02,4.02486700000,0.0451000000,852.00,97.8595,4444.00,0.740000,0.700000,1,1,"Transit",2018
"HIP 79098 AB b","HIP 79098 AB",12.10000000,6.51551500000000e+03,,345.0000000000,2450.00,,9193.75,3.750000,,2,1,"Imaging",2019
"Kepler-730 b","Kepler-730",12.32990000,,6.49168280800,0.0694000000,1219.00,418.7970,5620.00,1.047000,1.411000,1,2,"Transit",2016
"K2-133 c","K2-133",1.60300000,,4.86784000000,0.0434100000,570.60,17.6181,3655.00,0.461000,0.455000,1,4,"Transit",2017
"K2-133 d","K2-133",2.00300000,,11.02454000000,0.0748700000,734.00,48.3251,3655.00,0.461000,0.455000,1,4,"Transit",2017
"HAT-P-25 b","HAT-P-25",12.72221500,1.80845270000000e+02,3.65281514000,0.0466000000,1182.00,325.0000,5519.00,1.012000,0.919000,1,1,"Transit",2012
"HD 89744 b","HD 89744",12.60000000,,256.78000000000,0.9170000000,462.62,7.4311,6291.00,1.860000,2.132570,2,1,"Radial Velocity",1999
"HD 65216 c","HD 65216",13.40000000,,5370.00000000000,5.7500000000,105.87,0.0214,5612.00,0.874000,0.880000,3,2,"Radial Velocity",2013
"K2-133 e","K2-133",1.73000000,,26.58410000000,0.1346000000,296.00,1.8000,3655.00,0.461000,0.455000,1,4,"Transit",2019
"EPIC 201497682 b","EPIC 201497682",0.69200000,,2.13174000000,,,,4991.00,0.780000,0.554000,1,1,"Transit",2019
"OGLE-2015-BLG-1670L b","OGLE-2015-BLG-1670L",4.42000000,1.79000000000000e+01,,2.6200000000,,,,0.550000,,1,1,"Microlensing",2019
"K2-290 c","K2-290",11.27625400,2.46000420000000e+02,48.36685000000,0.3050000000,676.00,28.2979,6302.00,1.194000,1.511000,3,2,"Transit",2019
"HAT-P-34 b","HAT-P-34",13.41717300,1.05837390000000e+03,5.45265400000,0.0677400000,1520.00,433.7800,6442.00,1.392000,1.530000,1,1,"Transit",2011
"EPIC 201754305 d","K2-16",1.03000000,,2.71578000000,,,,4761.00,0.670000,0.544000,1,3,"Transit",2019
"EPIC 201833600 c","K2-50",1.00000000,,3.96151000000,,,,4326.00,0.611000,0.634000,1,2,"Transit",2019
"HAT-P-36 b","HAT-P-36",14.31389300,5.87413406000000e+02,1.32734683000,0.0241000000,1780.97,1821.0000,5620.00,1.030000,1.041000,1,1,"Transit",2011
"K2-52 b","K2-52",18.00000000,,3.53505500000,0.0540000000,2004.00,1124.0000,7147.00,1.691000,2.192000,1,1,"Transit",2016
"K2-53 b","K2-53",2.60000000,,12.20772000000,0.0980000000,665.00,52.5000,5263.00,0.851000,0.807000,1,1,"Transit",2016
"K2-293 b","K2-293",2.45000000,,13.12250000000,,750.00,,5532.00,0.958000,0.947000,1,1,"Transit",2019
"TOI-172 b","TOI-172",10.81668500,1.72263860000000e+03,9.47725000000,0.0914000000,1198.00,299.0000,5645.00,1.128000,1.777000,1,1,"Transit",2019
"EPIC 206024342 b","EPIC 206024342",1.70000000,,4.50756000000,,,,5724.00,0.928000,0.823000,1,3,"Transit",2019
"EPIC 206032309 b","EPIC 206032309",1.01000000,,2.87814000000,,,,3489.00,0.221000,0.373440,1,1,"Transit",2019
"HAT-P-9 b","HAT-P-9",15.61413700,2.38054670000000e+02,3.92281072000,0.0528700000,1540.00,931.0000,6350.00,1.281000,1.338000,1,1,"Transit",2008
"HATS-24 b","HATS-24",15.63655500,7.18295800000000e+02,1.34849780000,0.0238000000,2166.00,2706.9606,6125.00,1.070000,1.120000,1,1,"Transit",2017
"K2-90 b","K2-90",2.60000000,,13.73331400000,0.0960000000,502.00,10.2000,4484.00,0.629000,0.619000,1,2,"Transit",2016
"K2-294 b","K2-294",1.66000000,,2.50387000000,,1425.00,,5612.00,0.987000,1.200000,1,1,"Transit",2019
"GJ 685 b","GJ 685",2.95000000,,24.16000000000,0.1344000000,368.84,3.0917,3816.00,0.550000,0.540000,1,1,"Radial Velocity",2019
"EPIC 206317286 b","EPIC 206317286",0.96000000,,1.58252000000,,,,4752.00,0.711000,0.669000,1,2,"Transit",2019
"K2-308 b","K2-308",9.91600000,,3.38628000000,,1213.76,512.9234,6100.00,1.090000,1.240000,1,1,"Transit",2019
"Kepler-9 c","Kepler-9",8.08000000,2.99000000000000e+01,38.98530000000,0.2270000000,523.00,18.9030,5774.00,1.022000,0.958000,1,3,"Transit",2010
"K2-124 b","K2-124",2.90000000,,6.41365100000,0.0490000000,442.00,8.7000,3570.00,0.390000,0.388000,1,1,"Transit",2017
"HD 92788 b","HD 92788",13.00000000,,325.80300000000,0.9700000000,300.27,1.1129,5744.00,1.150000,1.140000,1,2,"Radial Velocity",2000
"Kepler-25 c","Kepler-25",5.21700000,1.52000000000000e+01,12.72070000000,0.1117000000,934.00,210.1720,6354.00,1.165000,1.316000,2,3,"Transit",2011
"WASP-33 b","WASP-33",17.85593700,6.65218190000000e+02,1.21987000000,0.0239000000,2781.70,9392.0471,7430.00,1.495000,1.444000,2,1,"Transit",2010
"HD 134060 c","HD 134060",5.91000000,,1291.56460000000,2.3928000000,200.67,0.2515,5966.00,1.095000,1.164285,1,2,"Radial Velocity",2019
"WASP-177 b","WASP-177",17.71022000,1.61457640000000e+02,3.07172200000,0.0395700000,1142.00,279.7736,5017.00,0.876000,0.885000,1,1,"Transit",2019
"WASP-181 b","WASP-181",13.27145600,9.50311700000000e+01,4.51950640000,0.0542700000,1186.00,382.4492,5839.00,1.040000,0.965000,1,1,"Transit",2019
"Kepler-25 b","Kepler-25",2.74800000,8.70000000000000e+00,6.23829700000,0.0695000000,1185.00,542.9600,6354.00,1.165000,1.316000,2,3,"Transit",2011
"WASP-161 b","WASP-161",12.81188700,7.91396700000000e+02,5.40604250000,0.0673000000,1557.00,990.0000,6400.00,1.390000,1.712000,1,1,"Transit",2018
"WASP-163 b","WASP-163",13.47321800,5.94342100000000e+02,1.60968840000,0.0266000000,1638.00,1200.0000,5500.00,0.970000,1.015000,1,1,"Transit",2018
"HD 20781 b","HD 20781",1.21000000,,5.31350000000,0.0529000000,1006.10,175.0994,5256.00,0.700000,0.833609,2,5,"Radial Velocity",2019
"HD 20003 b","HD 20003",3.43000000,,11.84820000000,0.0974000000,814.93,75.8952,5494.00,0.875000,0.921637,1,2,"Radial Velocity",2019
"Kepler-47 c","Kepler-47",4.65000000,3.17000000000000e+00,303.22700000000,0.9638000000,267.82,0.9037,5636.00,0.957000,0.936000,2,3,"Transit",2012
"Gl 49 b","Gl 49",2.24000000,,13.85080000000,0.0905000000,435.99,6.0291,3805.00,0.515000,0.511000,2,1,"Radial Velocity",2019
"HD 21693 b","HD 21693",2.80000000,,22.67860000000,0.1455000000,656.39,29.2864,5430.00,0.800000,0.914378,1,2,"Radial Velocity",2019
"HD 20781 c","HD 20781",2.17000000,,13.89050000000,0.1004000000,730.30,48.6103,5256.00,0.700000,0.833609,2,5,"Radial Velocity",2019
"Kepler-47 d","Kepler-47",7.04000000,1.90200000000000e+01,187.36600000000,0.6992000000,314.44,1.7171,5636.00,0.957000,0.936000,2,3,"Transit",2019
"LSPM J2116+0234 b","LSPM J2116+0234",3.71000000,,14.43990000000,0.0876000000,371.68,2.6063,3475.00,0.430000,0.431000,1,1,"Radial Velocity",2019
"K2-285 e","K2-285",1.95000000,1.07000000000000e+01,14.76289000000,0.1804100000,500.90,10.5000,4975.00,0.830000,0.787000,1,4,"Transit",2018
"K2-285 d","K2-285",2.48000000,6.50000000000000e+00,10.45582000000,0.1178000000,619.90,24.6100,4975.00,0.830000,0.787000,1,4,"Transit",2018
"HD 31527 b","HD 31527",3.22000000,,16.55350000000,0.1254000000,832.20,76.3108,5898.00,0.960000,1.073694,1,3,"Radial Velocity",2019
"HD 31527 d","HD 31527",3.46000000,,271.67370000000,0.8098000000,327.48,1.8299,5898.00,0.960000,1.073694,1,3,"Radial Velocity",2019
"HD 21749 c","GJ 143",0.89200000,3.70000000000000e+00,7.78993000000,0.0695000000,701.00,305.9425,4640.00,0.730000,0.695000,1,2,"Transit",2019
"HD 114729 b","HD 114729",13.90000000,,1121.79000000000,2.0670000000,237.89,0.6170,5844.00,0.936000,1.473000,2,1,"Radial Velocity",2002
"K2-286 b","K2-286",2.10000000,,27.35900000000,0.1768000000,347.00,2.8792,3926.00,0.640000,0.620000,1,1,"Transit",2018
"Qatar-9 b","Qatar-9",11.30988100,3.78217700000000e+02,1.54073100000,0.0234000000,1134.00,210.6690,4309.00,0.719000,0.696000,1,1,"Transit",2019
"NGTS-5 b","NGTS-5",12.73342400,7.27830700000000e+01,3.35698660000,0.0382000000,952.00,101.2530,4987.00,0.661000,0.739000,1,1,"Transit",2019
"HD 126525 b","HD 126525",10.30000000,,960.41000000000,1.8370000000,198.47,0.2701,5638.00,0.897000,0.979000,1,1,"Radial Velocity",2018
"HD 117207 b","HD 117207",13.40000000,6.69346625142000e+02,2621.75000000000,3.7870000000,147.20,0.0811,5732.00,1.053000,1.074000,1,1,"Radial Velocity",2004
"HD 143361 b","HD 143361",12.90000000,1.38255357045000e+03,1039.15000000000,1.9880000000,180.26,0.2050,5507.00,0.968000,0.916000,1,1,"Radial Velocity",2008
"K2-288 B b","K2-288 B",1.90000000,,31.39346300000,0.1640000000,226.36,0.4368,3341.00,0.330000,0.320000,2,1,"Transit",2018
"HATS-60 b","HATS-60",12.92397700,2.10403460000000e+02,3.56082900000,0.0470800000,1528.00,903.9000,5688.00,1.097000,1.460000,1,1,"Transit",2018
"HD 20781 e","HD 20781",3.83000000,,85.50730000000,0.3374000000,398.38,4.3043,5256.00,0.700000,0.833609,2,5,"Radial Velocity",2019
"HD 45184 c","HD 45184",2.91000000,,13.13540000000,0.1100000000,884.78,93.3884,5869.00,1.030000,1.075139,1,2,"Radial Velocity",2019
"HD 152079 b","HD 152079",13.20000000,,2918.92000000000,4.1870000000,147.84,0.0730,5907.00,1.147000,1.128000,1,1,"Radial Velocity",2009
"HATS-62 b","HATS-62",11.82549500,5.68915700000000e+01,3.27688370000,0.0416300000,1237.00,387.4000,5416.00,0.896000,0.933000,1,1,"Transit",2018
"HATS-63 b","HATS-63",13.52926300,3.05116800000000e+02,3.05665270000,0.0402600000,1398.30,634.1000,5627.00,0.931000,1.070000,1,1,"Transit",2018
"HATS-70 b","HATS-70",15.51325600,4.10000700000000e+03,1.88823780000,0.0363200000,2730.00,9110.0000,7930.00,1.780000,1.881000,1,1,"Transit",2019
"K2-264 b","K2-264",2.23100000,,5.84000200000,0.0502300000,496.00,13.0794,3660.00,0.496000,0.473000,1,2,"Transit",2018
"KMT-2016-BLG-1107L b","KMT-2016-BLG-1107L",13.10000000,1.04300000000000e+03,,0.3420000000,,,,0.087000,,1,1,"Microlensing",2019
"HD 103949 b","HD 103949",3.35000000,,120.87800000000,0.4390000000,302.65,1.3983,4792.00,0.770000,0.753113,1,1,"Radial Velocity",2019
"HIP 35173 b","HIP 35173",3.61000000,,41.51600000000,0.2170000000,444.34,6.4967,4881.00,0.790000,0.773404,1,1,"Radial Velocity",2019
"HD 23127 b","HD 23127",13.50000000,,1211.17000000000,2.3700000000,223.40,0.5038,5843.00,1.208000,1.490000,1,1,"Radial Velocity",2006
"HD 25171 b","HD 25171",13.90000000,,1802.29000000000,2.9710000000,190.04,0.2141,6125.00,1.076000,1.230000,2,1,"Radial Velocity",2010
"HATS-65 b","HATS-65",16.82470900,2.60938430000000e+02,3.10516100000,0.0449700000,1634.00,1178.0000,6277.00,1.257000,1.310000,2,1,"Transit",2018
"HATS-66 b","HATS-66",15.81589900,1.69403390000000e+03,3.14143910000,0.0471400000,1998.00,2637.0000,6626.00,1.411000,1.841000,1,1,"Transit",2018
"HD 1397 b","HD 1397",11.50043400,1.31899450000000e+02,11.53533000000,0.1097000000,1228.30,356.0000,5521.00,1.324000,2.336000,1,1,"Transit",2018
"HD 64114 b","HD 64114",4.41000000,,45.79100000000,0.2460000000,518.51,12.0441,5676.00,0.950000,0.882858,1,1,"Radial Velocity",2019
"HD 206255 b","HD 206255",6.47000000,,96.04500000000,0.4610000000,596.48,21.0939,5635.00,1.420000,2.221489,1,1,"Radial Velocity",2019
"HD 38801 b","HD 38801",12.50000000,,685.25000000000,1.6230000000,287.80,1.7311,5338.00,1.207000,2.029000,1,1,"Radial Velocity",2009
"HATS-67 b","HATS-67",18.88716500,4.60853500000000e+02,1.60917880000,0.0303200000,2193.00,3821.0000,6594.00,1.435000,1.441000,1,1,"Transit",2018
"HATS-68 b","HATS-68",13.80948800,4.10000700000000e+02,3.58622020000,0.0507100000,1741.00,1521.0000,6147.00,1.351000,1.748000,1,1,"Transit",2018
"Gl 378 b","Gl 378",3.66000000,,3.82200000000,0.0394350000,830.00,38.5823,3879.00,0.560000,0.560000,1,1,"Radial Velocity",2019
"WASP-190 b","WASP-190",12.89035000,3.17830000000000e+02,5.36775300000,0.0663000000,1500.00,747.1320,6400.00,1.350000,1.600000,1,1,"Transit",2019
"Kepler-1610 c","Kepler-1610",2.09000000,,44.98518850000,0.2323000000,433.00,8.3400,5295.00,0.825000,0.800000,1,2,"Transit",2023
"XO-7 b","XO-7",15.38995700,2.25341470000000e+02,2.86414240000,0.0442100000,1743.00,1540.0000,6250.00,1.405000,1.480000,1,1,"Transit",2019
"HATS-55 b","HATS-55",14.02245900,2.92721430000000e+02,4.20420010000,0.0541200000,1367.00,355.9090,6214.00,1.195500,1.126000,1,1,"Transit",2019
"Kepler-1996 c","Kepler-1996",2.81000000,,92.72972480000,0.3608000000,276.00,1.3800,4580.00,0.748000,0.675000,1,2,"Transit",2023
"Kepler-1988 b","Kepler-1988",1.53000000,,11.49500229000,0.1038000000,1105.00,351.7900,6033.00,1.127000,1.788000,1,1,"Transit",2023
"TOI-813 b","TOI-813",6.71000000,,83.89110000000,0.4230000000,610.00,23.1000,5907.00,1.320000,1.940000,1,1,"Transit",2020
"GJ 433 b","GJ 433",2.33000000,,7.37050000000,0.0620000000,473.94,5.2029,3461.00,0.480000,0.500000,1,3,"Radial Velocity",2013
"HATS-58 A b","HATS-58 A",12.27385500,3.27364900000000e+02,4.21808960000,0.0579800000,1721.00,382.7103,7175.00,1.461000,1.433000,2,1,"Transit",2019
"HR 5183 b","HR 5183",13.10000000,1.05201202717000e+03,27000.00000000000,18.0000000000,171.00,0.0077,5794.00,1.070000,1.530000,2,1,"Radial Velocity",2019
"Kepler-1991 b","Kepler-1991",1.47000000,,13.26079792000,0.1065000000,760.00,78.7900,5478.00,0.914000,1.053000,1,2,"Transit",2023
"Kepler-1471 c","Kepler-1471",1.88000000,,11.60448810000,0.0981000000,841.00,118.5000,5533.00,0.934000,1.166000,1,2,"Transit",2023
"GJ 180 b","GJ 180",2.43000000,,17.13300000000,0.0920000000,344.43,1.5359,3371.00,0.430000,0.413049,1,3,"Radial Velocity",2014
"WASP-169 b","WASP-169",14.61653600,1.78302630000000e+02,5.61141180000,0.0681000000,1604.00,1486.8579,6110.00,1.337000,2.011000,1,1,"Transit",2019
"Kepler-1998 b","Kepler-1998",0.60000000,,3.03267135000,0.0405000000,1187.00,468.3100,5640.00,0.962000,0.921000,1,1,"Transit",2023
"Kepler-164 e","Kepler-164",4.24000000,,94.88690200000,0.4025000000,429.00,7.9900,5888.00,0.966000,1.097000,1,4,"Transit",2023
"Kepler-1994 b","Kepler-1994",0.51000000,,4.61225043000,0.0530000000,1032.00,268.2700,5495.00,0.932000,0.961000,1,1,"Transit",2023
"Kepler-1984 b","Kepler-1984",6.81000000,,1.99281233900,0.0238000000,675.00,48.8200,3638.00,0.450000,0.420000,1,1,"Transit",2023
"GJ 433 d","GJ 433",2.14000000,,36.05900000000,0.1780000000,279.71,0.6312,3461.00,0.480000,0.500000,1,3,"Radial Velocity",2020
"GJ 3082 b","GJ 3082",2.79000000,,11.94900000000,0.0790000000,457.53,5.5210,3910.00,0.470000,0.465216,1,1,"Radial Velocity",2020
"WASP-175 b","WASP-175",13.54047200,3.14651700000000e+02,3.06529070000,0.0440300000,1571.00,649.4290,6229.00,1.212000,1.204000,1,1,"Transit",2019
"Kepler-619 d","Kepler-619",4.17000000,,11.67894236000,0.1021000000,830.00,112.0700,6122.00,1.041000,0.964000,1,3,"Transit",2023
"Kepler-1126 c","Kepler-1126",1.45000000,,199.66876000000,0.6193000000,305.00,2.0600,5678.00,0.794000,0.921000,1,2,"Transit",2023
"EPIC 249893012 b","EPIC 249893012",1.95000000,8.75000000000000e+00,3.59510000000,0.0470000000,1616.00,1037.0000,5430.00,1.050000,1.710000,1,3,"Transit",2020
"Kepler-1661 b","Kepler-1661",3.87000000,1.70000000000000e+01,175.06000000000,0.6330000000,243.00,0.8800,5100.00,0.841000,0.762000,2,1,"Transit",2020
"OGLE-2016-BLG-1067L b","OGLE-2016-BLG-1067L",14.30000000,1.40000000000000e+02,,1.7000000000,,,,0.300000,,1,1,"Microlensing",2019
"Kepler-1987 c","Kepler-1987",1.33000000,,3.64830183000,0.0427000000,860.00,129.4400,4769.00,0.799000,0.714000,1,4,"Transit",2023
"Kepler-1985 b","Kepler-1985",2.27000000,,3.42064689000,0.0426000000,1129.00,382.6800,5370.00,0.877000,0.966000,1,1,"Transit",2023
"Kepler-1987 b","Kepler-1987",1.23000000,,2.34586300200,0.0318000000,997.00,233.3800,4769.00,0.799000,0.714000,1,4,"Transit",2023
"Kepler-1801 c","Kepler-1801",2.91000000,,116.58318300000,0.4572000000,371.00,4.4700,5738.00,0.936000,0.981000,1,2,"Transit",2023
"EPIC 249893012 c","EPIC 249893012",3.67000000,1.46700000000000e+01,15.62400000000,0.1300000000,990.00,160.0000,5430.00,1.050000,1.710000,1,3,"Transit",2020
"EPIC 249893012 d","EPIC 249893012",3.94000000,1.01800000000000e+01,35.74700000000,0.2200000000,752.00,53.0000,5430.00,1.050000,1.710000,1,3,"Transit",2020
"WASP-180 A b","WASP-180 A",13.89916000,2.86047000000000e+02,3.40926400000,0.0480000000,1540.00,918.3877,6600.00,1.300000,1.190000,2,1,"Transit",2019
"WASP-2 b","WASP-2",12.11692900,2.95899730000000e+02,2.15217500000,0.0314400000,1311.00,492.0000,5180.00,0.895000,0.866000,2,1,"Transit",2007
"Kepler-949 c","Kepler-949",2.97000000,,20.99757968000,0.1394000000,582.00,27.2000,5211.00,0.817000,0.895000,1,2,"Transit",2023
"Kepler-311 d","Kepler-311",2.05000000,,232.04032600000,0.7326000000,327.00,2.7100,5903.00,0.974000,1.156000,1,3,"Transit",2023
"WASP-44 b","WASP-44",12.32990000,2.76512100000000e+02,2.42380400000,0.0345300000,1337.00,533.0000,5420.00,0.935000,0.906000,1,1,"Transit",2011
"WASP-45 b","WASP-45",10.60371400,3.06388120000000e+02,3.12608900000,0.0396300000,1153.00,294.0000,5150.00,0.850000,0.855000,2,1,"Transit",2011
"Kepler-1834 c","Kepler-1834",1.22000000,,0.76669151700,0.0150000000,1541.00,1334.2200,4821.00,0.765000,0.788000,1,2,"Transit",2023
"HATS-47 b","HATS-47",12.52045300,1.17279270000000e+02,3.92280380000,0.0426900000,852.90,87.7300,4512.00,0.674000,0.656400,1,1,"Transit",2020
"GJ 15 A c","GJ 15 A",6.67000000,,7600.00000000000,5.4000000000,46.14,0.0008,3607.00,0.380000,0.380000,2,2,"Radial Velocity",2018
"Kepler-763 c","Kepler-763",1.42000000,,4.09667624000,0.0466000000,938.00,182.9000,4999.00,0.800000,0.843000,1,3,"Transit",2023
"Kepler-347 d","Kepler-347",3.04000000,,85.51734400000,0.3802000000,482.00,12.7500,5592.00,1.000000,1.451000,1,3,"Transit",2023
"EPIC 248847494 b","EPIC 248847494",12.44199000,4.13179000000000e+03,3650.00000000000,4.5000000000,183.00,0.1900,4898.00,0.900000,2.700000,1,1,"Transit",2018
"WASP-184 b","WASP-184",14.90797000,1.81163100000000e+02,5.18170000000,0.0627000000,1480.00,669.0180,6000.00,1.230000,1.650000,1,1,"Transit",2019
"WASP-185 b","WASP-185",14.01125000,3.11473400000000e+02,9.38755000000,0.0904000000,1160.00,662.3252,5900.00,1.120000,1.500000,1,1,"Transit",2019
"Kepler-290 d","Kepler-290",0.86000000,,0.76401755300,0.0154000000,1589.00,1503.7900,5142.00,0.840000,0.755000,1,3,"Transit",2023
"Kepler-549 d","Kepler-549",4.20000000,,24.61480613000,0.1575000000,586.00,27.9300,5312.00,0.859000,0.986000,1,3,"Transit",2023
"KMT-2017-BLG-0165L b","KMT-2017-BLG-0165L",6.45000000,3.40000000000000e+01,,3.4500000000,,,,0.760000,,1,1,"Microlensing",2018
"Kepler-865 c","Kepler-865",0.89000000,,6.20920207000,0.0610000000,914.00,164.9800,5440.00,0.782000,0.885000,1,2,"Transit",2023
"TOI-150.01","TOI-150",14.06729500,7.97753300000000e+02,5.85748700000,0.0703700000,1404.50,750.9220,6255.00,1.351000,1.526000,1,1,"Transit",2019
"GJ 682 c","GJ 682",2.89000000,,57.32000000000,0.1760000000,190.08,0.0646,3028.00,0.270000,0.298255,1,2,"Radial Velocity",2014
"OGLE-2015-BLG-1649L b","OGLE-2015-BLG-1649L",13.20000000,8.07000000000000e+02,,2.0700000000,,,,0.340000,,1,1,"Microlensing",2019
"Kepler-2000 c","Kepler-2000",1.57000000,,20.61803480000,0.1228000000,359.00,3.9200,3757.00,0.581000,0.576000,1,2,"Transit",2023
"Kepler-448 c","KOI-12",12.00000000,6.99226000000000e+03,2500.00000000000,4.2000000000,184.72,0.2399,6635.00,1.500000,1.400000,1,2,"Transit Timing Variations",2017
"MOA-bin-29 b","MOA-bin-29",14.10000000,1.90000000000000e+02,,0.4800000000,,,,0.030000,,1,1,"Microlensing",2019
"HD 97048 b","HD 97048",13.30000000,7.94575000000000e+02,,130.0000000000,63.44,0.0024,10000.00,2.400000,2.250000,1,1,"Disk Kinematics",2019
"7 CMa b","7 CMa",13.40000000,,735.10000000000,1.7580000000,387.33,3.7372,4826.00,1.340000,4.870000,1,2,"Radial Velocity",2011
"Kepler-1983 b","Kepler-1983",2.33000000,,7.32851947000,0.0689000000,807.00,100.1300,5135.00,0.812000,0.874000,1,1,"Transit",2023
"NGTS-8 b","NGTS-8",12.21781000,2.95581900000000e+02,2.49970000000,0.0350000000,1345.00,503.0000,5241.00,0.890000,0.980000,1,1,"Transit",2019
"EPIC 205950854 c","K2-168",1.31000000,,8.05072200000,,960.60,,5502.70,0.877000,0.830000,1,2,"Transit",2019
"7 CMa c","7 CMa",13.90000000,,996.00000000000,2.1530000000,350.00,2.4917,4826.00,1.340000,4.870000,1,2,"Radial Velocity",2019
"Kepler-1990 c","Kepler-1990",0.98000000,,4.06844957000,0.0504000000,1170.00,442.0800,5751.00,1.028000,1.071000,1,2,"Transit",2023
"HD 220197 b","HD 220197",9.32000000,,1728.00000000000,2.7290000000,164.22,0.1332,5683.00,0.910000,0.980000,1,1,"Radial Velocity",2018
"K2-43 c","K2-43",2.42000000,,2.19888400000,,1093.70,,3840.60,0.571000,0.542000,1,2,"Transit",2019
"Kepler-763 d","Kepler-763",1.67000000,,6.50327035000,0.0634000000,804.00,98.8100,4999.00,0.800000,0.843000,1,3,"Transit",2023
"Kepler-1162 c","Kepler-1162",1.81000000,,59.28406400000,0.2832000000,401.00,6.1400,5225.00,0.861000,0.859000,1,2,"Transit",2023
"HD 213885 b","HD 213885",1.74500000,8.83000000000000e+00,1.00803500000,0.0201200000,2128.00,1882.9400,5978.00,1.068000,1.101100,1,2,"Transit",2019
"Kepler-896 c","Kepler-896",3.15000000,,29.54225660000,0.1792000000,515.00,16.5600,5510.00,0.877000,0.803000,1,2,"Transit",2023
"Kepler-1982 b","Kepler-1982",0.77000000,,3.82315697000,0.0511000000,1282.00,638.3800,6202.00,1.213000,1.122000,1,1,"Transit",2023
"HD 213885 c","HD 213885",4.71000000,,4.78503000000,0.0567980000,1265.40,426.5327,5978.00,1.068000,1.101100,1,2,"Radial Velocity",2019
"HAT-P-69 b","HAT-P-69",18.78628400,1.13783140000000e+03,4.78694910000,0.0655500000,1930.00,2320.1800,7394.00,1.648000,1.926000,1,1,"Transit",2019
"Kepler-2000 b","Kepler-2000",2.73000000,,6.38315913500,0.0562000000,530.00,18.7300,3757.00,0.581000,0.576000,1,2,"Transit",2023
"TOI-763 c","TOI-763",2.63000000,9.32000000000000e+00,12.27370000000,0.1011000000,800.00,64.3196,5450.00,0.917000,0.897000,1,2,"Transit",2020
"TOI-905 b","TOI-905",13.12573900,2.11992610000000e+02,3.73949400000,0.0466600000,1192.00,337.0000,5570.00,0.968000,0.918000,1,1,"Transit",2020
"TOI-564 b","TOI-564",11.43318000,4.64985290000000e+02,1.65114400000,0.0273400000,1714.00,1423.0000,5640.00,0.998000,1.088000,1,1,"Transit",2020
"Kepler-29 b","Kepler-29",2.55000000,5.00000000000000e+00,10.33974000000,0.0848200000,777.00,55.9000,5378.00,0.761000,0.732000,1,2,"Transit",2011
"Kepler-1674 b","Kepler-1674",3.20577490,,62.56110000000,0.3017000000,417.00,7.1300,5473.91,0.960000,0.877273,1,1,"Transit",2020
"Kepler-1675 b","Kepler-1675",3.12483349,,63.03820000000,0.3218500000,465.00,11.8000,5853.19,1.060000,1.128650,1,1,"Transit",2020
"HD 108236 b","HD 108236",1.61500000,,3.79596300000,0.0452700000,1099.00,312.1807,5660.00,0.869000,0.877000,1,5,"Transit",2020
"HD 164922 c","HD 164922",3.66000000,,75.74000000000,0.3410000000,400.50,6.2900,5390.00,0.926000,0.946000,1,4,"Radial Velocity",2016
"KMT-2019-BLG-0842L b","KMT-2019-BLG-0842L",3.19000000,1.02800000000000e+01,,3.3100000000,,,,0.760000,,1,1,"Microlensing",2020
"HD 108236 e","HD 108236",3.08300000,,19.59002500000,0.1367000000,636.00,35.0031,5660.00,0.869000,0.877000,1,5,"Transit",2020
"WASP-150 b","WASP-150",11.99363000,2.68884180000000e+03,5.64420700000,0.0694000000,1460.00,854.7074,6218.00,1.394000,1.651000,1,1,"Transit",2020
"NGTS-13 b","NGTS-13",12.80067800,1.53829720000000e+03,4.11902700000,0.0549000000,1605.00,1096.0000,5819.00,1.300000,1.788000,1,1,"Transit",2021
"MOA-2009-BLG-319L b","MOA-2009-BLG-319L",9.64000000,6.73000000000000e+01,,2.0300000000,,,,0.524000,,1,1,"Microlensing",2010
"Kepler-1685 b","Kepler-1685",2.57673985,,20.49050000000,0.1485000000,625.00,36.0100,5484.00,0.960000,0.835451,1,1,"Transit",2020
"Kepler-1686 b","Kepler-1686",1.42553017,,9.30987000000,0.0882700000,913.00,167.2000,5714.96,1.020000,1.199510,1,1,"Transit",2020
"KMT-2016-BLG-2397L b","KMT-2016-BLG-2397L",13.20000000,8.36000000000000e+02,,3.6400000000,,,,0.640000,,1,1,"Microlensing",2020
"OGLE-2017-BLG-0604L b","OGLE-2017-BLG-0604L",14.20000000,1.60000000000000e+02,,4.0600000000,,,,0.700000,,1,1,"Microlensing",2020
"OGLE-2017-BLG-1375L b","OGLE-2017-BLG-1375L",12.40000000,3.58500000000000e+03,,3.0400000000,,,,0.810000,,1,1,"Microlensing",2020
"NGTS-14 A b","NGTS-14 A",4.97679600,2.92403600000000e+01,3.53571730000,0.0403000000,1143.00,191.7820,5187.00,0.898000,0.842000,2,1,"Transit",2021
"HD 13808 b","HD 13808",3.35000000,,14.18150000000,0.1051900000,661.56,33.2278,5035.00,0.771000,0.781000,1,2,"Radial Velocity",2021
"OGLE-2015-BLG-1771L b","OGLE-2015-BLG-1771L",14.30000000,1.38000000000000e+02,,0.8500000000,,,,0.077000,,1,1,"Microlensing",2020
"OGLE-2018-BLG-1700L b","OGLE-2018-BLG-1700L",12.90000000,1.40000000000000e+03,,2.8000000000,,,,0.420000,,2,1,"Microlensing",2020
"Kepler-1687 b","Kepler-1687",1.65623882,,5.77954000000,0.0532000000,598.00,30.2200,4132.00,0.650000,0.726119,1,1,"Transit",2020
"Kepler-1689 b","Kepler-1689",0.94678642,,8.48300000000,0.0784000000,879.00,149.3000,5731.43,1.023000,0.996208,1,1,"Transit",2020
"Kepler-462 b","Kepler-462",3.00000000,5.39000000000000e+01,84.68660000000,0.4172000000,611.00,31.2690,7500.00,1.590000,1.570000,1,2,"Transit",2016
"HD 4760 b","HD 4760",12.30000000,,434.00000000000,1.1400000000,1198.67,654.9231,4076.00,1.050000,42.400000,1,1,"Radial Velocity",2021
"HD 110113 c","HD 110113",2.11384817,,6.74400000000,0.0680000000,990.00,199.9000,5732.00,0.997000,0.968000,1,2,"Radial Velocity",2021
"HD 96992 b","HD 96992",13.70000000,,514.00000000000,1.2400000000,557.72,19.1936,4725.00,0.960000,7.430000,1,1,"Radial Velocity",2021
"KMT-2018-BLG-1292L b","KMT-2018-BLG-1292L",12.90000000,1.40000000000000e+03,,6.0300000000,,,,1.090000,,1,1,"Microlensing",2020
"OGLE-2012-BLG-0838L b","OGLE-2012-BLG-0838L",8.39000000,5.31000000000000e+01,,4.4300000000,,,,0.400000,,1,1,"Microlensing",2020
"Kepler-1691 b","Kepler-1691",1.83470985,,3.84820000000,0.0495000000,1283.00,641.5300,6000.00,1.110000,1.131520,1,1,"Transit",2020
"Kepler-1692 b","Kepler-1692",1.11177184,,5.95966000000,0.0646000000,897.00,153.4800,5146.00,0.870000,0.866139,1,1,"Transit",2020
"EPIC 201170410.02","EPIC 201170410",1.04700000,,6.79870000000,0.0349000000,500.03,10.3359,3648.00,0.287000,0.282000,1,1,"Transit",2020
"Kepler-160 d","Kepler-160",,1.00000000000000e+02,30.00000000000,0.1700000000,676.54,34.9481,5471.00,1.003000,1.118000,1,3,"Transit Timing Variations",2020
"Kepler-160 c","Kepler-160",3.76000000,,13.69942900000,0.1192000000,771.00,84.8480,5471.00,1.003000,1.118000,1,3,"Transit",2014
"Kepler-1694 b","Kepler-1694",1.17986031,,3.89526000000,0.0449000000,956.00,197.6600,4954.00,0.820000,0.756284,1,1,"Transit",2020
"Kepler-716 c","Kepler-716",1.39281536,,3.96999000000,0.0454800000,992.00,151.8000,5012.00,0.830000,0.742183,1,2,"Transit",2020
"EPIC 201757695.02","EPIC 201757695",0.90819000,,2.04780000000,0.0296000000,1025.29,494.2020,4520.00,0.727000,0.655000,1,1,"Transit",2020
"HD 110082 b","HD 110082",3.20000000,,10.18271000000,0.1130000000,957.20,198.3948,6200.00,1.210000,1.190000,2,1,"Transit",2021
"Kepler-1664 b","Kepler-1664",3.03320653,,14.38680000000,0.1137000000,776.00,85.4600,5735.81,0.944000,1.072000,1,1,"Transit",2020
"Kepler-1001 c","Kepler-1001",1.57799279,,9.18186000000,0.0829600000,804.00,72.4000,5376.00,0.930000,0.836475,1,2,"Transit",2020
"TOI-954 b","TOI-954",9.55006800,5.53024200000000e+01,3.68497290000,0.0496300000,1526.00,1393.0000,5710.00,1.201000,1.892000,1,1,"Transit",2020
"K2-329 b","K2-329",8.67576600,8.26358000000000e+01,12.45512250000,0.1016000000,650.00,45.7000,5282.00,0.901000,0.822000,1,1,"Transit",2020
"HATS-49 b","HATS-49",8.57488500,1.12193990000000e+02,4.14804670000,0.0451500000,834.80,80.4500,4405.00,0.713300,0.697700,1,1,"Transit",2020
"TYC 8998-760-1 c","TYC 8998-760-1",12.32990000,1.90698000000000e+03,,320.0000000000,1240.00,0.0000,4573.00,1.000000,1.020000,1,2,"Imaging",2020
"Wendelstein-1 b","Wendelstein-1",11.56096260,1.88155360000000e+02,2.66341600000,0.0282000000,2198.00,113.6142,4251.00,0.650000,0.610000,1,1,"Transit",2020
"MOA-2013-BLG-220L b","MOA-2013-BLG-220L",13.20000000,8.71000000000000e+02,,3.0300000000,,,,0.880000,,1,1,"Microlensing",2014
"KMT-2016-BLG-1836L b","KMT-2016-BLG-1836L",13.30000000,7.00000000000000e+02,,3.5000000000,,,,0.490000,,1,1,"Microlensing",2019
"OGLE-2013-BLG-0911L b","OGLE-2013-BLG-0911L",12.50000000,3.02000000000000e+03,,0.3900000000,,,,0.290000,,1,1,"Microlensing",2019
"BD-11 4672 c","BD-11 4672",4.04000000,,74.20000000000,0.3000000000,320.21,1.7444,4550.00,0.651000,0.639000,1,2,"Radial Velocity",2020
"BD-11 4672 b","BD-11 4672",14.10000000,,1634.00000000000,2.3600000000,114.17,0.0282,4550.00,0.651000,0.639000,1,2,"Radial Velocity",2014
"HIP 65 A b","HIP 65 A",22.75427000,1.02118779000000e+03,0.98097340000,0.0178200000,1411.00,661.0000,4590.00,0.781000,0.724200,2,1,"Transit",2020
"TOI-481 b","TOI-481",11.09691000,4.86279900000000e+02,10.33111000000,0.0970000000,1370.00,253.1260,5735.00,1.140000,1.660000,1,1,"Transit",2020
"TIC 237913194 b","TIC 237913194",12.52045300,6.17225860000000e+02,15.16886500000,0.1207000000,974.00,83.3856,5788.00,1.026000,1.088000,1,1,"Transit",2020
"OGLE-2016-BLG-1227L b","OGLE-2016-BLG-1227L",13.90000000,2.50000000000000e+02,,3.4000000000,,,,0.100000,,1,1,"Microlensing",2020
"TOI-157 b","TOI-157",14.41477400,3.75039400000000e+02,2.08454350000,0.0313800000,1588.00,1062.0000,5404.00,0.948000,1.167000,1,1,"Transit",2020
"TOI-169 b","TOI-169",12.17297400,2.51403530000000e+02,2.25544770000,0.0352400000,1715.00,1443.0000,5880.00,1.147000,1.288000,1,1,"Transit",2020
"Kepler-1700 b","Kepler-1700",2.90129941,,234.23900000000,0.7609400000,329.00,2.2000,6031.00,1.120000,1.093700,1,1,"Transit",2020
"Kepler-1666 b","Kepler-1666",2.88273782,,25.84760000000,0.1761000000,672.00,48.2300,6293.00,1.230000,1.145860,1,2,"Transit",2020
"Gl 686 b","Gl 686",2.46000000,,15.53000000000,0.0910000000,379.00,3.5638,3656.00,0.426000,0.427000,1,1,"Radial Velocity",2018
"HD 180617 b","HD 180617",3.53000000,,105.91100000000,0.3430000000,201.80,0.2751,3534.00,0.484000,0.481000,2,1,"Radial Velocity",2018
"HD 158259 e","HD 158259",2.34000000,,7.95100000000,,,,5801.89,1.080000,1.210000,1,5,"Radial Velocity",2020
"HD 158259 c","HD 158259",2.23000000,,3.43200000000,,,,5801.89,1.080000,1.210000,1,5,"Radial Velocity",2020
"HATS-37 A b","HATS-37 A",6.79265400,3.14651700000000e+01,4.33153660000,0.0491300000,1085.00,229.7000,5326.00,0.843000,0.877000,2,1,"Transit",2020
"GJ 687 b","GJ 687",4.32000000,,38.14200000000,0.1630000000,263.65,0.8010,3413.00,0.400000,0.418300,1,2,"Radial Velocity",2014
"GJ 2056 b","GJ 2056",4.17000000,,69.97100000000,0.2830000000,310.74,1.5537,4069.95,0.620000,0.709495,1,1,"Radial Velocity",2020
"TOI-237 b","TOI-237",1.44000000,,5.43609800000,0.0341000000,388.00,3.7000,3212.00,0.179000,0.211000,1,2,"Transit",2020
"HD 216520 c","HD 216520",3.03000000,,154.43000000000,0.5280000000,295.22,1.2669,5103.00,0.820000,0.760000,1,2,"Radial Velocity",2020
"CoRoT-30 b","CoRoT-30",11.30988100,9.21707000000000e+02,9.06005000000,0.0844000000,894.60,89.2872,5650.00,0.980000,0.910000,1,1,"Transit",2020
"CoRoT-31 b","CoRoT-31",16.36514000,2.66977200000000e+02,4.62941000000,0.0586000000,1664.86,727.7611,5700.00,1.250000,2.150000,1,1,"Transit",2020
"HIP 38594 b","HIP 38594",2.77000000,,60.72200000000,0.2560000000,308.29,1.3216,4086.30,0.610000,0.626646,2,2,"Radial Velocity",2020
"WASP-186 b","WASP-186",12.44199000,1.34124260000000e+03,5.02679900000,0.0600000000,1378.40,853.1355,6361.00,1.220000,1.470000,1,1,"Transit",2020
"Kepler-29 c","Kepler-29",2.34000000,4.50000000000000e+00,13.28613000000,0.1002700000,715.00,34.4000,5378.00,0.761000,0.732000,1,2,"Transit",2011
"Kepler-783 c","Kepler-783",2.33153725,,7.05395000000,0.0690300000,840.00,113.3000,5411.49,0.940000,0.872088,1,2,"Transit",2020
"Kepler-1667 b","Kepler-1667",2.98385261,,83.57810000000,0.3590500000,655.00,9.3000,5941.54,1.090000,1.087510,1,1,"Transit",2020
"HIP 4845 b","HIP 4845",3.89000000,,34.15000000000,0.1760000000,358.21,2.9859,4010.00,0.620000,0.603999,1,1,"Radial Velocity",2020
"HIP 48714 b","HIP 48714",5.11000000,,17.81800000000,0.1120000000,446.47,5.5708,4015.50,0.580000,0.595456,1,1,"Radial Velocity",2020
"TOI-251 b","TOI-251",2.74000000,3.17830000000000e+02,4.93777000000,0.0574100000,1041.19,277.7462,5875.00,1.036000,0.881000,1,1,"Transit",2021
"HAT-P-68 b","HAT-P-68",12.01604800,2.30108920000000e+02,2.29840551000,0.0299600000,1027.80,184.8000,4508.00,0.678500,0.670100,1,1,"Transit",2020
"Kepler-177 b","Kepler-177",3.50000000,5.84000000000000e+00,36.86010000000,0.2110100000,549.00,30.4000,5732.00,0.921000,1.324000,1,2,"Transit",2013
"Kepler-36 b","Kepler-36",1.49800000,3.83000000000000e+00,13.86825000000,0.1141900000,978.00,247.0000,5979.00,1.034000,1.634000,1,2,"Transit",2012
"KOI-1783.01","KOI-1783",8.86000000,7.10000000000000e+01,134.46280000000,0.5266100000,412.00,5.7000,5922.00,1.076000,1.143000,1,2,"Transit",2020
"Kepler-1668 b","Kepler-1668",4.34764405,,15.43400000000,0.1240000000,721.00,63.7900,5542.00,0.980000,1.017380,1,1,"Transit",2020
"Kepler-598 c","Kepler-598",3.02420941,,86.49450000000,0.3667200000,367.00,3.7000,5245.00,0.900000,0.900316,1,2,"Transit",2020
"KMT-2019-BLG-1953L b","KMT-2019-BLG-1953L",14.10000000,2.00000000000000e+02,,,,,,0.310000,,1,1,"Microlensing",2020
"Kepler-1514 c","Kepler-1514",1.17582410,,10.51418100000,0.0997000000,1066.00,193.0000,6145.00,1.196000,1.289000,1,2,"Transit",2020
"KOI-1783.02","KOI-1783",5.44000000,1.50000000000000e+01,284.21500000000,0.8669500000,321.00,2.4900,5922.00,1.076000,1.143000,1,2,"Transit",2020
"HD 156668 c","HD 156668",6.17000000,,811.30000000000,1.5700000000,166.08,0.1169,4903.69,0.785167,0.774528,1,2,"Radial Velocity",2021
"HD 211403 b","HD 211403",12.80000000,,223.80000000000,0.7680000000,380.00,3.4400,6273.00,1.200000,1.206000,1,1,"Radial Velocity",2021
"K2-344 b","K2-344",1.59000000,,3.35585000000,,722.00,37.2966,4374.00,0.510000,0.490000,1,1,"Transit",2021
"HD 24040 c","HD 24040",9.35000000,,515.40000000000,1.3000000000,287.75,1.1163,5776.49,1.103940,1.387296,1,2,"Radial Velocity",2021
"HD 3765 b","HD 3765",8.56000000,,1211.00000000000,2.1080000000,152.85,0.0863,5049.80,0.851785,0.830610,1,1,"Radial Velocity",2021
"HD 213472 b","HD 213472",13.10000000,,17000.00000000000,13.0000000000,91.76,0.0114,5729.54,1.048132,1.433902,1,1,"Radial Velocity",2021
"K2-348 c","K2-348",2.67000000,,12.55017100000,,655.00,,5077.00,0.830000,0.850000,1,2,"Transit",2021
"CD Cet b","CD Cet",1.82000000,,2.29070000000,0.0185000000,464.00,8.6000,3130.00,0.161000,0.175000,1,1,"Radial Velocity",2020
"G 264-012 b","G 264-012",1.39000000,,2.30538000000,0.0227900000,587.00,20.5000,3326.00,0.297000,0.305000,1,2,"Radial Velocity",2021
"K2-352 d","K2-352",2.23000000,,14.87138700000,,727.00,,5791.00,0.980000,0.950000,1,3,"Transit",2021
"K2-339 b","K2-339",1.92000000,,19.50742800000,,508.00,,4857.00,0.740000,0.720000,1,1,"Transit",2021
"K2-282 b","K2-282",2.50000000,,4.16978300000,0.0499000000,1057.00,245.0004,5499.00,0.940000,1.000000,1,2,"Transit",2018
"K2-156 b","K2-156",1.10000000,,0.81314300000,0.0149000000,1347.00,654.0363,4460.00,0.660000,0.620000,1,1,"Transit",2018
"TOI-257 b","TOI-257",7.16253867,4.38603201660000e+01,18.38818000000,0.1528000000,1027.00,186.0000,6095.00,1.407000,1.867000,1,1,"Transit",2021
"HAT-P-58 b","HAT-P-58",14.93036229,1.18232167404000e+02,4.01383790000,0.0499400000,1622.00,1146.0000,6078.00,1.031000,1.530000,1,1,"Transit",2021
"HAT-P-59 b","HAT-P-59",12.58768533,4.89455746780000e+02,4.14197710000,0.0506400000,1277.80,441.4000,5678.00,1.008000,1.103800,1,1,"Transit",2021
"K2-268 d","K2-268",1.49000000,,4.52859800000,,888.00,,5106.00,0.840000,0.780000,1,5,"Transit",2021
"TOI-269 b","TOI-269",2.77000000,8.80000000000000e+00,3.69771040000,0.0345000000,531.00,19.0000,3514.00,0.391700,0.398000,1,1,"Transit",2021
"K2-268 f","K2-268",2.23000000,,26.27057000000,,492.00,,5106.00,0.840000,0.780000,1,5,"Transit",2021
"K2-187 b","K2-187",1.20000000,,0.77401000000,0.0164000000,1815.00,2367.2520,5438.00,0.966999,0.830000,1,4,"Transit",2018
"K2-210 b","K2-210",0.86000000,,0.57023000000,,,,5500.00,0.911717,0.890000,1,1,"Transit",2018
"K2-32 b","K2-32",5.29900000,1.50000000000000e+01,8.99200000000,0.0795000000,837.00,79.5000,5271.00,0.830000,0.860000,2,4,"Transit",2016
"K2-32 e","K2-32",1.21200000,2.10000000000000e+00,4.34934000000,0.0489900000,1066.00,210.7222,5271.00,0.830000,0.860000,2,4,"Transit",2019
"HAT-P-64 b","HAT-P-64",19.08889413,1.84340476060000e+02,4.00723200000,0.0538700000,1766.00,1611.0000,6457.00,1.298000,1.735000,1,1,"Transit",2021
"Kepler-129 c","Kepler-129",2.52000000,4.30000000000000e+01,82.20000000000,0.3900000000,525.00,17.5540,5770.00,1.178000,1.653000,1,3,"Transit",2014
"K2-331 b","K2-331",1.79000000,,9.39897700000,,909.00,,5994.00,1.100000,1.060000,1,2,"Transit",2021
"EPIC 228836835 b","EPIC 228836835",1.10000000,,0.72811300000,,932.00,,3782.00,0.418179,0.320000,1,1,"Transit",2021
"K2-223 c","K2-223",1.50000000,,4.56254600000,0.0549000000,1091.00,305.7945,5859.00,1.060000,1.000000,1,2,"Transit",2018
"K2-32 c","K2-32",3.13400000,8.10000000000000e+00,20.66093000000,0.1384300000,634.00,26.2000,5271.00,0.830000,0.860000,2,4,"Transit",2016
"K2-32 d","K2-32",3.48400000,6.70000000000000e+00,31.71701000000,0.1842200000,550.00,14.8000,5271.00,0.830000,0.860000,2,4,"Transit",2016
"KIC 10068024 b","KIC 10068024",13.40000000,,2.07354900000,,,,6118.40,1.220000,1.574000,1,1,"Orbital Brightness Modulation",2021
"K2-350 b","K2-350",1.54000000,,4.16387300000,,1158.00,,5789.00,0.980000,1.040000,1,2,"Transit",2021
"K2-353 b","K2-353",5.55000000,,15.46680500000,,735.00,33.0649,5698.00,0.870000,0.990000,1,1,"Transit",2021
"K2-137 b","K2-137",0.64000000,1.58915000000000e+02,0.17971900000,0.0058000000,1471.00,975.5731,3697.00,0.463000,0.290000,1,1,"Transit",2017
"EPIC 206042996 b","EPIC 206042996",1.70000000,,5.29860000000,,,,4114.00,0.565000,0.500000,1,2,"Transit",2019
"NGTS-15 b","NGTS-15",12.32987877,2.38689133657000e+02,3.27623000000,0.0441000000,1146.00,425.0000,5600.00,0.995000,0.954000,1,1,"Transit",2021
"K2-354 b","K2-354",1.56000000,,3.79330600000,,543.00,,3669.00,0.430000,0.410000,1,1,"Transit",2021
"K2-330 b","K2-330",2.77000000,,13.77479800000,,969.00,114.9290,6232.00,1.230000,1.500000,1,1,"Transit",2021
"TOI-1333 b","TOI-1333",15.64776400,7.53257100000000e+02,4.72021900000,0.0626000000,1679.00,1112.8500,6274.00,1.464000,1.925000,2,1,"Transit",2021
"HD 238090 b","HD 238090",2.52000000,,13.67100000000,0.0932000000,469.60,8.1000,3933.00,0.578000,0.570000,1,1,"Radial Velocity",2020
"NGTS-18 b","NGTS-18",13.56286665,1.29991818463000e+02,3.05125000000,0.0448000000,1381.00,845.0000,5610.00,1.003000,1.392000,1,1,"Transit",2021
"HD 136352 b","HD 136352",1.66400000,4.72000000000000e+00,11.57797000000,0.0964000000,905.00,111.6000,5664.00,0.870000,1.058000,1,3,"Radial Velocity",2019
"K2-336 b","K2-336",1.22000000,,21.19473300000,,569.00,,5424.00,0.860000,0.800000,1,1,"Transit",2021
"GJ 414 A b","GJ 414 A",2.63000000,,50.80000000000,0.2324000000,308.60,2.2033,4120.00,0.650000,0.680000,2,2,"Radial Velocity",2021
"BD+55 362 b","BD+55 362",14.00000000,,265.59000000000,0.7800000000,259.06,0.7996,5012.00,0.909000,0.896193,1,1,"Radial Velocity",2021
"HD 136352 d","HD 136352",2.56200000,8.82000000000000e+00,107.24500000000,0.4250000000,431.00,5.7400,5664.00,0.870000,1.058000,1,3,"Radial Velocity",2019
"K2-337 b","K2-337",2.62000000,,16.27356300000,,850.00,,5869.00,0.940000,1.320000,1,1,"Transit",2021
"K2-138 c","K2-138",2.29900000,6.31000000000000e+00,3.56004000000,0.0446100000,1012.00,279.0000,5356.30,0.935000,0.863000,1,6,"Transit",2017
"KOI-1831 d","Kepler-324",1.13000000,2.23000000000000e+00,34.16900000000,0.1992400000,475.00,11.8000,5233.00,0.901000,0.835000,1,4,"Transit",2018
"K2-340 b","K2-340",3.36000000,,29.74045100000,,606.00,,5532.00,0.930000,1.130000,1,1,"Transit",2021
"K2-138 d","K2-138",2.39000000,7.92000000000000e+00,5.40479000000,0.0589300000,888.00,160.0000,5356.30,0.935000,0.863000,1,6,"Transit",2017
"K2-138 e","K2-138",3.39000000,1.29700000000000e+01,8.26146000000,0.0782000000,757.00,91.1000,5356.30,0.935000,0.863000,1,6,"Transit",2017
"EPIC 212297394 c","EPIC 212297394",2.27000000,,5.21396500000,,866.00,,5171.00,0.830000,0.800000,1,2,"Transit",2021
"K2-138 f","K2-138",2.90400000,1.63000000000000e+00,12.75758000000,0.1044700000,653.00,51.0000,5356.30,0.935000,0.863000,1,6,"Transit",2017
"K2-100 b","K2-100",3.88000000,2.18000000000000e+01,1.67390350000,0.0301000000,1841.00,1915.0000,5945.00,1.150000,1.240000,1,1,"Transit",2016
"TOI-2202 c","TOI-2202",13.40000000,1.17278682183000e+02,24.67440000000,0.1554400000,560.61,16.4310,5144.00,0.823000,0.794000,1,2,"Transit Timing Variations",2021
"KMT-2019-BLG-1715L b","KMT-2019-BLG-1715L",13.20000000,8.13640721920000e+02,,3.3200000000,,,,0.610000,,1,1,"Microlensing",2021
"K2-349 b","K2-349",1.38000000,,9.03217800000,,518.00,,4385.00,0.540000,0.490000,1,1,"Transit",2021
"K2-350 c","K2-350",2.74000000,,19.99194400000,,687.00,,5789.00,0.980000,1.040000,1,2,"Transit",2016
"K2-351 b","K2-351",2.54000000,,7.80616400000,,934.00,,5769.00,1.020000,1.050000,1,1,"Transit",2021
"GJ 740 b","GJ 740",1.53000000,,2.37756000000,0.0290000000,829.00,79.0000,3913.00,0.580000,0.560000,1,1,"Radial Velocity",2021
"HD 60292 b","HD 60292",12.70000000,,495.40000000000,1.5000000000,889.53,110.1333,4348.00,1.700000,27.000000,1,1,"Radial Velocity",2020
"TOI-1749 b","TOI-1749",1.39000000,5.70000000000000e+01,2.38839000000,0.0291000000,831.00,83.8379,3985.00,0.580000,0.550000,1,3,"Transit",2021
"TOI-1749 d","TOI-1749",2.52000000,1.50000000000000e+01,9.04970000000,0.0707000000,533.00,14.2074,3985.00,0.580000,0.550000,1,3,"Transit",2021
"KMT-2018-BLG-1025L b","KMT-2018-BLG-1025L",2.34000000,6.05900000000000e+00,,1.3050000000,,,,0.219000,,1,1,"Microlensing",2021
"K2-185 b","K2-185",1.15000000,,10.61638400000,,809.00,,5788.00,0.960000,0.940000,1,2,"Transit",2018
"EPIC 212587672 c","EPIC 212587672",2.32000000,,23.22855500000,,658.00,,6004.00,0.990000,0.980000,1,2,"Transit",2021
"HD 221420 b","HD 221420",12.00000000,7.27827052030000e+03,10090.00000000000,10.1500000000,123.49,0.0389,5847.00,1.351000,1.947000,1,1,"Radial Velocity",2019
"K2-185 c","K2-185",2.39000000,,52.71349400000,,477.00,,5788.00,0.960000,0.940000,1,2,"Transit",2018
"TOI-1201 b","TOI-1201",2.41500000,6.28000000000000e+00,2.49198630000,0.0287000000,703.00,40.6000,3476.00,0.512000,0.508000,2,1,"Transit",2021
"HD 136925 b","HD 136925",13.90000000,,4540.00000000000,5.1300000000,134.25,0.0518,5773.19,0.875104,1.193078,1,1,"Radial Velocity",2021
"HD 109286 b","HD 109286",13.20000000,,520.10000000000,1.2590000000,259.40,0.7090,5694.00,0.980000,1.089000,1,1,"Radial Velocity",2021
"Kepler-1771 b","Kepler-1771",4.05537256,,88.64399719000,0.3815000000,391.00,5.5100,5661.00,0.941000,0.934000,1,1,"Transit",2021
"Kepler-1786 b","Kepler-1786",3.16305828,,78.54609680000,0.3572200000,501.00,10.7000,5808.00,1.058000,1.397000,1,1,"Transit",2021
"Kepler-1834 b","Kepler-1834",1.45938340,,4.60301017800,0.0491100000,848.00,105.2000,4821.00,0.765000,0.788000,1,2,"Transit",2021
"TOI-559 b","TOI-559",12.22899794,1.91014872607000e+03,6.98390950000,0.0723000000,1180.00,404.9150,5925.00,1.026000,1.233000,1,1,"Transit",2021
"Kepler-418 c","Kepler-418",5.22108654,,12.21829987000,0.1063200000,835.00,107.6000,5822.00,0.957000,1.081000,1,2,"Transit",2021
"Kepler-1801 b","Kepler-1801",2.70926154,,10.44089985000,0.0915000000,829.00,111.5200,5738.00,0.936000,0.981000,1,2,"Transit",2021
"Kepler-1838 b","Kepler-1838",1.66049425,,12.14680004000,0.1108200000,1097.00,271.6000,5877.00,1.187000,1.963000,1,1,"Transit",2021
"Kepler-1839 b","Kepler-1839",1.94937590,,5.05675983400,0.0583000000,1049.00,286.3200,5926.00,1.030000,0.939000,1,1,"Transit",2021
"TOI-530 b","TOI-530",9.30345398,1.27131362800000e+02,6.38759700000,0.0520000000,565.00,14.2590,3659.00,0.530000,0.540000,1,1,"Transit",2021
"Kepler-1749 b","Kepler-1749",1.61301783,,14.53409958000,0.0956000000,420.00,7.3400,3957.00,0.551000,0.553000,1,1,"Transit",2021
"Kepler-1841 b","Kepler-1841",1.48912557,,25.88599968000,0.1606000000,542.00,20.3500,5190.00,0.823000,0.899000,1,1,"Transit",2021
"Kepler-1842 b","Kepler-1842",2.35388681,,14.02639961000,0.1160000000,822.00,108.0700,5970.00,1.057000,1.131000,1,1,"Transit",2021
"HAT-P-43 b","HAT-P-43",13.63000000,2.10395000000000e+02,3.33264140000,0.0444000000,1353.00,521.8770,5693.00,1.030000,1.080000,1,1,"Transit",2012
"Kepler-1742 b","Kepler-1742",2.17824130,,49.47819901000,0.2587000000,462.00,10.7300,5776.00,0.939000,0.849000,1,1,"Transit",2021
"Kepler-1743 b","Kepler-1743",1.59887007,,7.64971017800,0.0840000000,1144.00,515.0000,5855.00,1.266000,1.613000,1,1,"Transit",2021
"Kepler-1741 b","Kepler-1741",1.27300000,,2.75759005500,0.0296000000,615.00,33.7900,3683.00,0.454000,0.424000,1,1,"Transit",2021
"Kepler-1810 b","Kepler-1810",3.91815325,,101.13300320000,0.4137000000,380.00,4.9100,5492.00,0.921000,1.016000,1,1,"Transit",2021
"Kepler-1812 b","Kepler-1812",2.32494240,,7.16521978400,0.0765000000,1034.00,270.3400,6174.00,1.162000,1.103000,1,1,"Transit",2021
"Kepler-1845 b","Kepler-1845",2.43836702,,11.60649967000,0.0885000000,584.00,27.4700,4703.00,0.686000,0.701000,1,1,"Transit",2021
"Kepler-1716 b","Kepler-1716",2.42476850,,35.58100128000,0.1883600000,408.00,6.3000,4894.00,0.753000,0.684000,1,1,"Transit",2021
"K2-95 b","K2-95",3.31000000,,10.13464540000,0.0525000000,474.00,8.4172,3566.00,0.410000,0.400000,1,1,"Transit",2016
"Kepler-1746 b","Kepler-1746",8.93504475,,321.21200560000,0.9408200000,310.00,3.4000,6018.00,1.090000,1.286000,1,1,"Transit",2021
"Kepler-1745 b","Kepler-1745",1.92872921,,3.01619005200,0.0408000000,1449.00,1044.4900,5611.00,0.995000,1.400000,1,1,"Transit",2021
"Kepler-1814 b","Kepler-1814",2.36961357,,2.93535995500,0.0376500000,1022.00,216.9000,4922.00,0.790000,0.823000,1,2,"Transit",2021
"Kepler-1813 b","Kepler-1813",1.41300000,,2.81816005700,0.0364000000,1059.00,298.2000,5167.00,0.812000,0.787000,1,1,"Transit",2021
"Kepler-1815 b","Kepler-1815",2.74892620,,12.19139957000,0.0984000000,763.00,80.0100,5516.00,0.856000,0.967000,1,1,"Transit",2021
"Kepler-1856 b","Kepler-1856",1.73447868,,1.30200004600,0.0215000000,1344.00,772.7300,4948.00,0.782000,0.816000,1,1,"Transit",2021
"K2-101 b","K2-101",2.00000000,,14.67624290000,0.1124000000,618.00,20.1207,4927.00,0.820000,0.760000,1,1,"Transit",2016
"Kepler-1669 c","Kepler-1669",1.90120972,,1.60932004500,0.0228000000,958.00,199.2800,4224.00,0.609000,0.603000,1,3,"Transit",2021
"Kepler-1165 c","Kepler-1165",3.36093385,,29.96870041000,0.1969000000,644.00,40.7600,6249.00,1.130000,1.076000,1,2,"Transit",2021
"Kepler-1816 b","Kepler-1816",1.96793970,,91.50099945000,0.3564700000,310.00,2.0000,5051.00,0.786000,0.706000,1,1,"Transit",2021
"Kepler-1847 b","Kepler-1847",2.74516914,,11.12969971000,0.0989000000,843.00,119.4400,6122.00,1.041000,0.964000,1,1,"Transit",2021
"K2-355 b","K2-355",2.25000000,,5.73856470000,0.0632000000,1066.00,192.2722,5790.00,0.960000,0.920000,1,1,"Transit",2021
"K2-356 b","K2-356",2.29000000,,21.02673660000,0.1599000000,624.00,22.3128,5568.00,0.900000,0.860000,1,1,"Transit",2021
"Kepler-1757 b","Kepler-1757",2.94660251,,19.65640068000,0.1335000000,549.00,21.5000,5288.00,0.828000,0.740000,1,1,"Transit",2021
"Kepler-1758 b","Kepler-1758",2.57059831,,9.97721004500,0.0919000000,1028.00,93.6400,5557.00,1.035000,1.616000,1,1,"Transit",2021
"Kepler-1819 b","Kepler-1819",3.90351256,,16.48690033000,0.1337000000,760.00,78.9900,6090.00,1.173000,1.071000,1,1,"Transit",2021
"Kepler-1817 b","Kepler-1817",2.27349126,,44.29919815000,0.2348000000,463.00,10.8500,5316.00,0.878000,0.915000,1,1,"Transit",2021
"K2-357 b","K2-357",3.72000000,,16.34886370000,0.1450000000,735.00,40.8918,5794.00,0.980000,1.000000,1,1,"Transit",2021
"K2-358 b","K2-358",2.68000000,,11.25102850000,0.0863000000,888.00,92.6053,5650.00,0.930000,0.910000,1,1,"Transit",2021
"Kepler-1731 b","Kepler-1731",2.93295657,,21.76129913000,0.1399000000,486.00,13.3000,4859.00,0.781000,0.720000,1,1,"Transit",2021
"Kepler-1762 b","Kepler-1762",2.76022913,,29.53910065000,0.2040000000,714.00,61.4900,6572.00,1.298000,1.238000,1,1,"Transit",2021
"Kepler-1820 b","Kepler-1820",3.11883067,,31.03249931000,0.1964000000,561.00,23.4100,5841.00,1.047000,0.931000,1,1,"Transit",2021
"Kepler-1821 b","Kepler-1821",2.59248115,,16.45809937000,0.1244000000,644.00,40.6100,5475.00,0.946000,0.884000,1,1,"Transit",2021
"Kepler-1788 b","Kepler-1788",2.37850461,,2.80012011500,0.0343000000,956.00,197.8100,4786.00,0.686000,0.704000,1,1,"Transit",2021
"Kepler-1859 b","Kepler-1859",1.58313575,,2.72959995300,0.0394000000,1455.00,1056.1500,5887.00,1.090000,1.235000,1,2,"Transit",2021
"Kepler-1860 b","Kepler-1860",1.13863767,,12.73719978000,0.1062500000,697.00,56.3000,5420.00,0.874000,0.868000,1,1,"Transit",2021
"K2-184 b","K2-184",1.47000000,,16.97801020000,0.1685000000,533.00,14.0501,5245.00,0.840000,0.750000,1,1,"Transit",2018
"Kepler-1712 b","Kepler-1712",2.28372556,,13.81499958000,0.0903000000,391.00,5.5200,3732.00,0.515000,0.509000,1,1,"Transit",2021
"Kepler-1763 b","Kepler-1763",1.14651332,,1.48028004200,0.0257000000,1822.00,2597.2700,5897.00,1.026000,1.259000,1,1,"Transit",2021
"Kepler-1764 b","Kepler-1764",4.55527871,,70.46829987000,0.3512000000,511.00,16.1700,6461.00,1.162000,1.131000,1,1,"Transit",2021
"Kepler-1790 b","Kepler-1790",3.14461450,,31.58889961000,0.2098900000,682.00,49.2000,5866.00,1.020000,1.367000,1,1,"Transit",2021
"Kepler-1791 b","Kepler-1791",3.12103321,,7.72086000400,0.0761000000,1021.00,257.1400,5887.00,0.985000,1.177000,1,1,"Transit",2021
"EPIC 220554210 c","K2-282",1.60000000,,0.70531000000,,,,5499.00,0.940000,1.000000,1,2,"Transit",2019
"K2-273 b","K2-273",3.05000000,,11.71956630000,0.0729000000,849.00,83.5129,5161.00,0.890000,0.850000,1,1,"Transit",2018
"K2-104 b","K2-104",1.79000000,,1.97419540000,0.0242000000,798.00,62.1000,3712.00,0.510000,0.480000,1,1,"Transit",2016
"Kepler-1792 b","Kepler-1792",2.51990972,,4.19577980000,0.0488000000,1047.00,283.7800,5229.00,0.878000,1.005000,1,1,"Transit",2021
"Kepler-1090 c","Kepler-1090",3.29265785,,42.42720032000,0.2262200000,496.00,13.8000,5330.00,0.869000,1.013000,1,2,"Transit",2021
"EPIC 220492298 b","EPIC 220492298",0.99000000,,0.76240600000,,,,5620.00,0.950000,0.890000,1,1,"Transit",2021
"EPIC 206024342 c","EPIC 206024342",1.40000000,,0.91172400000,,,,5724.00,0.928000,1.100000,1,3,"Transit",2021
"Kepler-1760 b","Kepler-1760",2.28995546,,38.32609940000,0.2084000000,480.00,12.5600,5229.00,0.821000,0.903000,1,1,"Transit",2021
"Kepler-1777 b","Kepler-1777",2.13189678,,12.18420029000,0.1030100000,819.00,71.3000,5771.00,0.984000,1.068000,1,1,"Transit",2021
"K2-275 c","K2-275",2.21000000,,8.43883850000,0.0881000000,653.00,45.7572,4841.00,0.770000,0.690000,1,2,"Transit",2018
"K2-275 b","K2-275",2.34000000,,3.28096260000,0.0277000000,1166.00,161.2476,4841.00,0.770000,0.690000,1,2,"Transit",2018
"Kepler-1775 b","Kepler-1775",3.64762153,,85.65399933000,0.3956500000,522.00,9.9000,5818.00,1.149000,1.647000,1,1,"Transit",2021
"Kepler-1797 b","Kepler-1797",3.05774442,,23.35939980000,0.1637000000,684.00,51.6800,6244.00,1.069000,1.009000,1,1,"Transit",2021
"Kepler-1798 b","Kepler-1798",2.30911251,,16.85589981000,0.1082000000,408.00,6.5200,3967.00,0.593000,0.587000,1,1,"Transit",2021
"TIC 172900988 b","TIC 172900988 Aa",11.25000000,9.42000000000000e+02,200.45200000000,0.9028100000,361.24,5.7522,6050.00,1.238400,1.384200,2,1,"Transit",2021
"HD 93385 d","HD 93385",2.89000000,,45.85000000000,0.2565000000,619.44,24.4710,5977.00,1.040000,1.184840,1,3,"Radial Velocity",2021
"OGLE-2018-BLG-0567L b","OGLE-2018-BLG-0567L",12.30000000,1.01705090240000e+02,,2.7200000000,,,,0.250000,,1,1,"Microlensing",2021
"OGLE-2018-BLG-0962L b","OGLE-2018-BLG-0962L",13.60000000,4.25890065380000e+02,,3.5900000000,,,,0.540000,,1,1,"Microlensing",2021
"Kepler-487 d","Kepler-487",2.77513568,,2.41839003600,0.0344500000,1226.00,550.8000,5422.00,0.874000,0.887000,1,3,"Transit",2021
"Kepler-1822 b","Kepler-1822",2.64755943,,22.13339996000,0.1416000000,507.00,15.6500,5165.00,0.782000,0.702000,1,1,"Transit",2021
"Kepler-1823 b","Kepler-1823",2.08612680,,21.10339928000,0.1533200000,718.00,78.0000,6000.00,1.068000,1.126000,1,1,"Transit",2021
"HD 96700 c","HD 96700",1.69000000,,19.88000000000,0.1410000000,808.42,69.4130,5845.00,0.890000,1.160000,1,3,"Radial Velocity",2021
"HD 96700 d","HD 96700",3.61000000,,103.50000000000,0.4240000000,466.19,7.6762,5845.00,0.890000,1.160000,1,3,"Radial Velocity",2021
"TOI-2257 b","TOI-2257",2.19400000,,35.18934600000,0.1450000000,256.00,0.6703,3430.00,0.328000,0.313000,1,1,"Transit",2021
"Kepler-1769 b","Kepler-1769",4.46500000,,89.19349670000,0.4059800000,483.00,8.9000,6071.00,1.061000,1.295000,1,1,"Transit",2021
"Kepler-1778 b","Kepler-1778",3.01665969,,10.08740044000,0.0956000000,942.00,186.1400,6310.00,1.143000,1.095000,1,1,"Transit",2021
"Kepler-1824 b","Kepler-1824",2.38127597,,95.61100006000,0.4267000000,421.00,7.4500,6002.00,1.135000,1.081000,1,1,"Transit",2021
"HD 189567 b","HD 189567",2.85000000,,14.28800000000,0.1110000000,845.16,171.2523,5726.00,0.830000,1.040000,1,2,"Radial Velocity",2021
"HD 189567 c","HD 189567",2.54000000,,33.68800000000,0.1970000000,634.41,54.3688,5726.00,0.830000,1.040000,1,2,"Radial Velocity",2021
"HD 137496 c","HD 137496",12.60000000,,479.90000000000,1.2163000000,370.00,1.5713,5799.00,1.040000,1.590000,1,2,"Radial Velocity",2021
"Kepler-1782 b","Kepler-1782",2.22927435,,5.75622987700,0.0582500000,773.00,86.0000,4931.00,0.794000,0.734000,1,1,"Transit",2021
"Kepler-1784 b","Kepler-1784",2.79936489,,13.59049988000,0.1072000000,724.00,64.8000,5442.00,0.887000,0.974000,1,1,"Transit",2021
"Kepler-1828 b","Kepler-1828",2.11598626,,10.27379990000,0.0924000000,799.00,96.2700,5806.00,0.996000,0.899000,1,1,"Transit",2021
"Kepler-1829 b","Kepler-1829",2.47887001,,5.18671989400,0.0559000000,860.00,129.3700,5230.00,0.873000,0.777000,1,1,"Transit",2021
"Kepler-1776 b","Kepler-1776",2.61157023,,35.01190186000,0.2093000000,603.00,29.9000,5872.00,1.041000,1.153000,1,1,"Transit",2021
"Kepler-1709 b","Kepler-1709",3.12424875,,65.70459747000,0.3270400000,472.00,11.7000,5918.00,1.003000,1.043000,1,1,"Transit",2021
"Kepler-1833 b","Kepler-1833",1.30027362,,6.89212989800,0.0754500000,1177.00,439.2000,6164.00,1.286000,1.446000,1,1,"Transit",2021
"TOI-3362 b","TOI-3362",12.80065596,1.59835905880300e+03,18.09547000000,0.1530000000,688.00,37.2117,6532.00,1.445000,1.830000,1,1,"Transit",2021
"Kepler-1738 b","Kepler-1738",2.82472883,,7.67463016500,0.0781000000,957.00,198.6700,6063.00,1.079000,1.001000,1,1,"Transit",2021
"Kepler-1739 b","Kepler-1739",2.43056832,,7.34370994600,0.0697000000,839.00,117.5000,5757.00,0.865000,0.762000,1,1,"Transit",2021
"Kepler-1924 b","Kepler-1924",2.65446572,,15.33170033000,0.1216000000,821.00,107.4400,5726.00,1.018000,1.285000,1,1,"Transit",2021
"Kepler-1925 b","Kepler-1925",3.00177922,,46.71640015000,0.2588000000,531.00,18.7400,5856.00,1.057000,1.092000,1,1,"Transit",2021
"HATS-76 b","HATS-76",12.09449018,8.35570882003000e+02,1.94164230000,0.0265800000,939.80,129.8000,4016.00,0.662000,0.625900,1,1,"Transit",2021
"Kepler-1130 d","Kepler-1130",0.64472273,,4.27225017500,0.0506800000,981.00,221.4000,5450.00,0.944000,0.842000,2,3,"Transit",2021
"Kepler-1802 c","Kepler-1802",2.32200000,,33.13610077000,0.1748000000,357.00,3.8600,4245.00,0.649000,0.637000,1,2,"Transit",2021
"Kepler-1942 b","Kepler-1942",2.11702870,,4.62604999500,0.0516000000,1012.00,247.3400,5834.00,0.852000,0.797000,1,1,"Transit",2021
"Kepler-1943 b","Kepler-1943",1.54869189,,4.85018014900,0.0597500000,1098.00,724.2000,6032.00,1.055000,0.973000,1,1,"Transit",2021
"Kepler-1927 b","Kepler-1927",3.40627075,,73.75039673000,0.3873300000,677.00,34.7000,6056.00,1.408000,2.481000,1,1,"Transit",2021
"Kepler-1722 b","Kepler-1722",2.86719266,,9.17856979400,0.0819000000,753.00,76.1400,5506.00,0.876000,0.788000,1,1,"Transit",2021
"HD 69123 b","HD 69123",13.10000000,9.82089777630000e+02,1193.30000000000,2.4820000000,411.78,4.7903,4842.00,1.680000,7.720000,1,1,"Radial Velocity",2022
"Kepler-1266 c","Kepler-1266",1.68023962,,4.86631012000,0.0506000000,881.00,110.4000,4996.00,0.791000,0.831000,1,2,"Transit",2021
"Kepler-394 d","Kepler-394",1.50066814,,5.61358022700,0.0590400000,1165.00,302.0000,6398.00,1.141000,1.101000,1,3,"Transit",2021
"Kepler-1944 b","Kepler-1944",2.75971163,,9.84257984200,0.0918000000,801.00,97.6200,5585.00,1.064000,0.972000,1,1,"Transit",2021
"Kepler-1945 b","Kepler-1945",1.28900000,,6.08003997800,0.0597000000,808.00,100.7200,4991.00,0.767000,0.804000,1,1,"Transit",2021
"Kepler-1946 b","Kepler-1946",2.48812698,,3.03519010500,0.0394000000,1143.00,403.5300,5505.00,0.887000,0.873000,1,1,"Transit",2021
"Kepler-1929 b","Kepler-1929",3.07250761,,59.36249924000,0.3088300000,566.00,37.2000,5786.00,1.006000,1.471000,1,1,"Transit",2021
"Kepler-913 c","Kepler-913",3.85807090,,5.93911981600,0.0699000000,1357.00,122.8200,6068.00,1.294000,1.797000,1,2,"Transit",2021
"Kepler-324 e","Kepler-324",2.03862444,2.35014000000000e+02,13.97939968000,0.1097200000,635.00,38.9000,5191.00,0.844000,0.826000,1,4,"Transit",2021
"Kepler-1727 b","Kepler-1727",3.17321625,,9.02929973600,0.0796000000,757.00,77.7500,5349.00,0.824000,0.820000,1,1,"Transit",2021
"Kepler-1931 b","Kepler-1931",2.65323514,,38.57609940000,0.2332900000,619.00,51.7000,6167.00,1.174000,1.221000,1,1,"Transit",2021
"Kepler-1530 d","Kepler-1530",3.27870115,,9.20761013000,0.0827600000,972.00,69.2000,5678.00,1.015000,1.303000,1,3,"Transit",2021
"Kepler-1932 b","Kepler-1932",1.51482218,,0.52417701500,0.0123000000,1891.00,2799.9000,5278.00,0.911000,0.815000,1,1,"Transit",2021
"YZ Cet b","YZ Cet",0.91300000,,2.02087000000,0.0163400000,471.20,8.2100,3151.00,0.142000,0.157000,1,3,"Radial Velocity",2017
"YZ Cet c","YZ Cet",1.05000000,,3.05989000000,0.0215600000,410.30,4.7200,3151.00,0.142000,0.157000,1,3,"Radial Velocity",2017
"Kepler-281 d","Kepler-281",5.93747806,6.54000000000000e+02,148.27200320000,0.5456000000,321.00,2.5100,5717.00,0.984000,0.884000,1,3,"Transit",2021
"Kepler-495 c","Kepler-495",1.21936414,,5.89660978300,0.0614000000,1000.00,108.1300,5392.00,0.888000,1.087000,1,2,"Transit",2021
"Kepler-501 c","Kepler-501",1.68119739,,3.62276005700,0.0467000000,1304.00,683.8400,5794.00,1.032000,1.216000,1,2,"Transit",2021
"Kepler-196 d","Kepler-196",2.66065673,,122.08000180000,0.4545000000,297.00,1.8000,5132.00,0.805000,0.770000,1,3,"Transit",2021
"Kepler-1950 b","Kepler-1950",1.52696349,,10.77690029000,0.0871000000,752.00,75.8300,5455.00,0.759000,0.852000,1,1,"Transit",2021
"Kepler-1899 b","Kepler-1899",1.55098292,,4.09577989600,0.0457000000,851.00,124.3000,4791.00,0.759000,0.742000,1,1,"Transit",2021
"Kepler-1869 b","Kepler-1869",1.11955354,,8.16736030600,0.0797600000,865.00,138.5000,5808.00,0.987000,0.902000,1,2,"Transit",2021
"Kepler-1312 c","Kepler-1312",1.02732734,,1.11611998100,0.0210300000,1659.00,1770.2000,5721.00,0.983000,0.905000,1,2,"Transit",2021
"Kepler-1952 b","Kepler-1952",1.23923346,,27.21080017000,0.1724000000,725.00,65.2700,5973.00,0.922000,1.305000,1,1,"Transit",2021
"Kepler-1728 b","Kepler-1728",2.95501875,,4.78299999200,0.0535000000,886.00,145.4800,5170.00,0.891000,0.807000,1,1,"Transit",2021
"Kepler-1926 b","Kepler-1926",2.31495961,,42.87770081000,0.2197000000,451.00,9.8000,5256.00,0.768000,0.832000,1,1,"Transit",2021
"Kepler-1729 b","Kepler-1729",3.89404186,,4.22097015400,0.0418000000,595.00,29.6800,3837.00,0.544000,0.517000,1,1,"Transit",2021
"Kepler-1972 b","Kepler-1972",0.80200000,2.02000000000000e+00,7.54425000000,0.0800600000,1084.00,341.3000,5818.00,1.120000,1.384000,1,2,"Transit",2022
"Kepler-1321 d","Kepler-1321",2.62843782,,5.72092008600,0.0501000000,509.00,15.8400,3640.00,0.513000,0.503000,1,3,"Transit",2021
"Kepler-1600 c","Kepler-1600",1.94206512,,7.29804992700,0.0696100000,786.00,84.7000,5119.00,0.818000,0.834000,1,2,"Transit",2021
"Kepler-1954 b","Kepler-1954",1.80235934,,5.88343000400,0.0625000000,949.00,192.0900,5840.00,0.942000,0.849000,1,1,"Transit",2021
"Kepler-1730 b","Kepler-1730",4.48524519,,13.81019974000,0.1131000000,833.00,113.7500,5942.00,1.009000,1.142000,1,1,"Transit",2021
"Kepler-1721 b","Kepler-1721",3.11856756,,4.59238004700,0.0519000000,924.00,172.6000,5351.00,0.890000,0.796000,1,1,"Transit",2021
"Kepler-1887 b","Kepler-1887",2.92454357,,19.94750023000,0.1421000000,625.00,36.1400,5749.00,0.961000,0.864000,1,1,"Transit",2021
"Kepler-1958 b","Kepler-1958",2.05124311,,9.32861995700,0.0856000000,806.00,99.6000,5749.00,0.961000,0.864000,1,1,"Transit",2021
"Kepler-1726 b","Kepler-1726",2.50861954,,18.39629936000,0.1279400000,582.00,24.0000,5316.00,0.876000,0.804000,1,1,"Transit",2021
"Kepler-1723 b","Kepler-1723",2.88046569,,39.75289917000,0.2249000000,568.00,24.5400,6072.00,0.960000,1.010000,1,1,"Transit",2021
"Kepler-1705 b","Kepler-1705",2.03000000,4.47000000000000e+00,9.03502000000,0.0800000000,789.00,91.7400,6312.00,1.139000,1.259000,1,2,"Transit",2021
"OGLE-2019-BLG-0960L b","OGLE-2019-BLG-0960L",1.39000000,2.50000000000000e+00,,1.9000000000,,,,0.500000,,1,1,"Microlensing",2021
"Kepler-1890 b","Kepler-1890",0.86867375,,4.82059001900,0.0571200000,1328.00,493.0000,6046.00,1.024000,1.396000,1,1,"Transit",2021
"Kepler-1892 b","Kepler-1892",1.83707938,,6.33123016400,0.0633000000,822.00,108.0400,5383.00,0.851000,0.759000,1,1,"Transit",2021
"Kepler-1959 b","Kepler-1959",1.14315727,,6.38669014000,0.0617000000,811.00,102.2500,5071.00,0.768000,0.811000,1,1,"Transit",2021
"Kepler-1960 b","Kepler-1960",1.30749704,,2.29794001600,0.0354000000,1547.00,1352.1400,6371.00,1.117000,1.072000,1,1,"Transit",2021
"Kepler-457 d","KOI-7892",2.98467257,,10.69060040000,0.0996000000,1008.00,244.4700,6474.00,1.148000,1.242000,1,3,"Transit",2021
"Kepler-633 c","Kepler-633",2.29600000,,23.78319931000,0.1624600000,725.00,115.4000,5877.00,0.997000,1.265000,1,2,"Transit",2021
"Kepler-1861 b","Kepler-1861",2.20677414,,40.03060150000,0.2408200000,617.00,31.5000,5855.00,1.161000,1.373000,1,1,"Transit",2021
"Kepler-1863 b","Kepler-1863",2.26309256,,44.99760056000,0.2367800000,508.00,41.5000,5871.00,1.097000,0.983000,1,1,"Transit",2021
"Kepler-1895 b","Kepler-1895",2.11934728,,6.07029008900,0.0615000000,789.00,91.4500,5076.00,0.860000,0.763000,1,1,"Transit",2021
"Kepler-1911 b","Kepler-1911",1.01100000,,5.99079990400,0.0636000000,987.00,223.9300,5721.00,0.954000,0.972000,1,1,"Transit",2021
"Kepler-1865 b","Kepler-1865",1.57686072,,2.52400994300,0.0344000000,1203.00,495.1400,5420.00,0.849000,0.871000,1,1,"Transit",2021
"Kepler-1866 b","Kepler-1866",2.08215108,,11.66009998000,0.1016000000,834.00,114.3600,5791.00,1.030000,1.083000,1,1,"Transit",2021
"Kepler-1897 b","Kepler-1897",2.81407954,,24.22030067000,0.1546000000,505.00,15.4300,5165.00,0.859000,0.761000,1,1,"Transit",2021
"Kepler-1896 b","Kepler-1896",3.09935997,,44.87020111000,0.2529000000,536.00,19.5000,6122.00,1.070000,0.996000,1,1,"Transit",2021
"Kepler-1967 b","Kepler-1967",0.73022577,,7.28169012100,0.0668600000,1086.00,57.1000,4970.00,0.996000,1.806000,1,1,"Transit",2021
"b Cen AB b","b Cen A",12.40000000,3.46432963630000e+03,1790000.00000000000,556.0000000000,,,,5.500000,,2,1,"Imaging",2021
"OGLE-2018-BLG-0532L b","OGLE-2018-BLG-0532L",2.37000000,6.22800000000000e+00,,1.0640000000,,,,0.195000,,1,1,"Microlensing",2020
"Kepler-1867 b","Kepler-1867",1.15985997,,9.88735961900,0.0872000000,768.00,82.3200,5693.00,0.911000,0.816000,1,1,"Transit",2021
"Kepler-1868 b","Kepler-1868",3.14950109,,211.03399660000,0.6234800000,215.00,0.5000,4658.00,0.743000,0.686000,1,1,"Transit",2021
"Kepler-1903 b","Kepler-1903",2.28642395,,17.06789970000,0.1321000000,769.00,82.5600,6347.00,1.053000,0.996000,1,1,"Transit",2021
"Kepler-1969 b","Kepler-1969",1.68161001,,6.64752006500,0.0717000000,999.00,235.8900,6046.00,1.111000,1.007000,1,1,"Transit",2021
"Kepler-1968 b","Kepler-1968",1.50004034,,7.28109979600,0.0696000000,744.00,72.1600,5008.00,0.844000,0.788000,1,1,"Transit",2021
"Kepler-1871 b","Kepler-1871",2.42172881,,1.95270001900,0.0308000000,1403.00,917.1500,5741.00,1.020000,0.946000,1,1,"Transit",2021
"Kepler-1872 b","Kepler-1872",2.38421141,,3.82591009100,0.0465000000,1005.00,241.2500,5223.00,0.913000,0.885000,1,1,"Transit",2021
"Kepler-1906 b","Kepler-1906",2.77615754,,7.36268997200,0.0738000000,901.00,155.7200,5868.00,0.987000,0.894000,1,1,"Transit",2021
"Kepler-1907 b","Kepler-1907",0.86973029,,5.65245008500,0.0544400000,856.00,75.0000,5159.00,0.752000,0.800000,1,2,"Transit",2021
"Kepler-1913 b","Kepler-1913",1.51852059,,14.19600010000,0.1209000000,818.00,105.7000,6214.00,1.169000,1.076000,1,1,"Transit",2021
"HD 79181 b","HD 79181",14.10000000,,273.10000000000,0.9000000000,821.87,76.0617,4862.00,1.280000,11.060000,1,1,"Radial Velocity",2021
"HD 10975 b","HD 10975",14.30000000,,283.80000000000,0.9500000000,799.92,68.2992,4840.00,1.410000,11.160000,1,1,"Radial Velocity",2021
"HD 99283 b","HD 99283",13.80000000,,310.40000000000,1.0800000000,759.06,55.3069,4886.00,1.760000,11.210000,1,1,"Radial Velocity",2021
"Kepler-1873 b","Kepler-1873",1.62573811,,0.55884200300,0.0128000000,1787.00,2412.1500,5151.00,0.903000,0.792000,1,1,"Transit",2021
"Kepler-1874 b","Kepler-1874",2.21110724,,56.57320023000,0.2633000000,356.00,3.7900,4701.00,0.758000,0.775000,1,1,"Transit",2021
"Kepler-1909 b","Kepler-1909",1.09217411,,2.39160990700,0.0306000000,1031.00,266.0100,4935.00,0.663000,0.685000,1,1,"Transit",2021
"Kepler-1717 b","Kepler-1717",2.98929758,,30.65279961000,0.2014000000,780.00,87.6900,6200.00,1.158000,1.640000,1,1,"Transit",2021
"Kepler-1917 b","Kepler-1917",1.88971288,,12.90240002000,0.1030000000,675.00,48.9900,5530.00,0.882000,0.788000,1,1,"Transit",2021
"Kepler-1918 b","Kepler-1918",2.29763023,,47.05640030000,0.2524000000,497.00,14.4300,5889.00,0.967000,0.924000,1,1,"Transit",2021
"ups Leo b","ups Leo",14.20000000,,385.20000000000,1.1800000000,719.08,45.3174,4836.00,1.480000,11.220000,1,1,"Radial Velocity",2021
"HD 219139 b","HD 219139",14.00000000,,275.50000000000,0.9400000000,804.83,70.5297,4831.00,1.460000,11.220000,1,1,"Radial Velocity",2021
"Kepler-616 d","Kepler-616",2.65300000,,51.06740189000,0.2749000000,499.00,14.6900,6004.00,1.061000,0.977000,1,3,"Transit",2021
"Kepler-534 c","Kepler-534",1.22700000,,7.37868976600,0.0761000000,933.00,178.6800,5936.00,1.075000,0.965000,1,2,"Transit",2021
"Kepler-1919 b","Kepler-1919",2.62390658,,37.88660049000,0.2107000000,479.00,12.4600,5513.00,0.868000,0.818000,1,1,"Transit",2021
"Kepler-1488 c","Kepler-1488",1.65156749,,6.15826988200,0.0695900000,1212.00,760.6000,5710.00,1.003000,1.524000,1,2,"Transit",2021
"gam Psc b","gam Psc",13.60000000,,555.10000000000,1.3200000000,666.07,33.5227,4742.00,0.990000,11.200000,1,1,"Radial Velocity",2021
"HIP 34222 b","HIP 34222",13.90000000,,159.98600000000,0.4920000000,218.98,0.3832,4050.00,0.620000,0.618600,1,1,"Radial Velocity",2021
"Kepler-1881 b","Kepler-1881",2.98104391,,159.39399720000,0.5332500000,289.00,1.5000,5135.00,0.812000,0.874000,1,1,"Transit",2021
"Kepler-1879 b","Kepler-1879",2.06512018,,10.61340046000,0.0957000000,987.00,242.6000,5865.00,1.023000,1.388000,1,1,"Transit",2021
"Kepler-1934 b","Kepler-1934",0.91307734,,1.41975998900,0.0246600000,1700.00,1835.6000,5925.00,0.968000,1.035000,1,1,"Transit",2021
"Kepler-1935 b","Kepler-1935",2.50271696,,3.95140004200,0.0463000000,1083.00,324.7800,5570.00,0.845000,0.899000,1,1,"Transit",2021
"Kepler-1921 b","Kepler-1921",2.89459458,,20.03479958000,0.1586500000,967.00,216.2000,6120.00,1.251000,2.000000,1,2,"Transit",2021
"HIP 86221 b","HIP 86221",14.00000000,,2.22400000000,0.0310000000,,,,0.790000,,1,1,"Radial Velocity",2021
"Kepler-1883 b","Kepler-1883",3.25107395,,103.42700200000,0.4438000000,416.00,7.0800,6208.00,1.086000,1.024000,1,1,"Transit",2021
"Kepler-1938 b","Kepler-1938",1.82828927,,13.06260014000,0.0938000000,527.00,18.2500,4522.00,0.646000,0.655000,1,1,"Transit",2021
"TOI-1268 b","TOI-1268",9.10000000,9.64000000000000e+01,8.15770940000,0.0711000000,918.90,91.0972,5300.00,0.960000,0.920000,1,1,"Transit",2022
"K2-25 b","K2-25",3.44000000,2.45000000000000e+01,3.48456408000,0.0287000000,494.00,9.9100,3207.00,0.263400,0.293200,1,1,"Transit",2015
"TOI-2136 b","TOI-2136",2.19000000,6.37000000000000e+00,7.85192800000,0.0570000000,395.00,4.0000,3342.00,0.340000,0.340000,1,1,"Transit",2022
"K2-382 b","K2-382",2.07200000,,21.70015600000,,,,5452.00,0.922000,0.811000,1,1,"Transit",2022
"K2-376 b","K2-376",1.73600000,,5.77647500000,,,,5937.00,0.908000,1.149000,1,1,"Transit",2022
"iot Dra b","iot Dra",12.40000000,,510.85440000000,1.4530000000,618.67,24.9999,4504.00,1.540000,11.790000,1,2,"Radial Velocity",2002
"CoRoT-35 b","CoRoT-35",18.83108758,3.49611247700000e+02,3.22748000000,0.0429000000,1747.00,1251.8629,6390.00,1.010000,1.650000,1,1,"Transit",2022
"CoRoT-36 b","CoRoT-36",15.80466279,2.16123316760000e+02,5.61653100000,0.0660000000,1567.00,1491.0287,6730.00,1.320000,1.520000,1,1,"Transit",2022
"K2-383 b","K2-383",1.56400000,,1.86596200000,,,,5129.00,1.061000,0.804000,1,1,"Transit",2022
"K2-366 b","K2-366",2.35900000,,15.93703900000,,,,5601.00,0.825000,0.940000,1,1,"Transit",2022
"iot Dra c","iot Dra",12.20000000,,25000.00000000000,19.4000000000,169.31,0.1402,4504.00,1.540000,11.790000,1,2,"Radial Velocity",2021
"K2-373 b","K2-373",2.06100000,,11.02066000000,,,,6138.00,1.158000,1.486000,1,1,"Transit",2022
"K2-367 b","K2-367",2.41300000,,20.64509900000,,,,4348.00,0.756000,0.625000,1,1,"Transit",2022
"HD 160691 c","HD 160691",,1.39844499080000e+03,3947.00000000000,4.1700000000,157.21,0.1092,5773.00,1.130000,1.330000,1,4,"Radial Velocity",2004
"HD 160691 d","HD 160691",3.23000000,,9.63920000000,0.0952000000,900.00,209.5104,5773.00,1.130000,1.330000,1,4,"Radial Velocity",2004
"K2-384 f","K2-384",2.22200000,,13.62749000000,,,,3623.00,0.330000,0.348000,1,5,"Transit",2022
"K2-369 b","K2-369",1.31300000,,5.76161200000,,,,5682.00,0.735000,0.881000,1,1,"Transit",2022
"TOI-620 b","TOI-620",3.76000000,,5.09881790000,0.0482500000,603.60,20.8000,3708.00,0.577000,0.550000,1,1,"Transit",2022
"AB Aur b","AB Aur",12.50000000,2.86045566300000e+03,,93.9000000000,83.63,0.0067,9770.00,2.400000,2.958870,1,1,"Imaging",2022
"HD 33142 b","HD 33142",13.70000000,,330.00000000000,1.0740000000,477.50,8.6781,5025.40,1.520000,4.170000,1,3,"Radial Velocity",2011
"K2-384 e","K2-384",1.34500000,,9.71504300000,,,,3623.00,0.330000,0.348000,1,5,"Transit",2022
"K2-371 b","K2-371",13.02400000,,3.11490500000,,956.83,198.0922,4925.00,0.958000,0.736000,1,1,"Transit",2022
"K2-372 b","K2-372",2.94500000,,9.84407700000,,,,5479.00,0.847000,0.922000,1,1,"Transit",2022
"TYC 2187-512-1 b","TYC 2187-512-1",12.50000000,,691.90000000000,1.2200000000,114.69,0.0279,3734.00,0.498000,0.495000,1,1,"Radial Velocity",2022
"TOI-1246 b","TOI-1246",3.01000000,8.10000000000000e+00,4.30744000000,0.0490000000,955.00,196.0000,5151.00,0.870000,0.860000,1,4,"Transit",2022
"HD 160691 e","HD 160691",,2.22479884900000e+03,307.90000000000,0.9600000000,327.66,2.0603,5773.00,1.130000,1.330000,1,4,"Radial Velocity",2006
"K2-393 b","K2-393",2.35200000,,10.41318100000,,,,5678.00,0.881000,1.071000,1,1,"Transit",2022
"K2-375 b","K2-375",2.24300000,,14.45389500000,,,,5822.00,1.119000,1.543000,1,1,"Transit",2022
"HIP 94235 b","HIP 94235",3.00000000,3.79000000000000e+02,7.71305700000,0.0787000000,1060.00,219.2841,5991.00,1.094000,1.080000,2,1,"Transit",2022
"KOI-984 c","KOI-984",14.10000000,2.09800000000000e+02,21.51200000000,0.1467000000,597.00,22.0364,5295.00,0.928000,0.818000,1,2,"Transit Timing Variations",2022
"K2-389 c","K2-389",2.04000000,,20.85133700000,,,,5782.00,0.802000,1.084000,1,2,"Transit",2022
"K2-390 b","K2-390",4.66200000,,3.31279200000,,1119.00,260.9650,5558.00,0.789000,0.966000,1,1,"Transit",2022
"HD 73583 b","HD 73583",2.79000000,1.02000000000000e+01,6.39804200000,0.0604000000,714.00,43.3000,4511.00,0.730000,0.650000,1,2,"Transit",2022
"HD 103891 b","HD 103891",13.20000000,9.18524096230000e+02,1919.00000000000,3.2700000000,241.25,0.5714,6072.00,1.280000,2.220000,1,1,"Radial Velocity",2022
"HD 105779 b","HD 105779",14.10000000,,2412.00000000000,3.3800000000,147.29,0.0683,5792.00,0.890000,0.940000,1,1,"Radial Velocity",2022
"HD 33142 d","HD 33142",9.32000000,,89.90000000000,0.4520000000,736.04,48.9956,5025.40,1.520000,4.170000,1,3,"Radial Velocity",2022
"HD 19615 b","HD 19615",12.60000000,,402.00000000000,1.1000000000,1113.92,270.2479,4263.00,1.100000,32.300000,1,1,"Radial Velocity",2022
"K2-391 b","K2-391",1.37100000,,4.62265400000,,,,5543.00,0.757000,0.566000,1,1,"Transit",2022
"HD 73583 c","HD 73583",2.39000000,9.70000000000000e+00,18.87974000000,0.1242000000,498.00,10.2000,4511.00,0.730000,0.650000,1,2,"Transit",2022
"GJ 411 b","GJ 411",1.45000000,,12.93940000000,0.0787900000,349.83,3.1300,3719.00,0.389900,0.368500,1,2,"Radial Velocity",2019
"TOI-1064 c","TOI-1064",2.65100000,2.50000000000000e+00,12.22657400000,0.0942900000,634.00,26.8000,4734.00,0.748000,0.726000,1,2,"Transit",2022
"K2-316 b","K2-316",1.33000000,,1.13300000000,0.0147000000,841.00,68.5057,3436.00,0.408000,0.379000,1,2,"Transit",2020
"HD 95735 c","GJ 411",3.76000000,,2946.00000000000,2.9400000000,63.49,0.0023,3719.00,0.389900,0.368500,1,2,"Radial Velocity",2021
"TOI-2669 b","TOI-2669",19.72780603,1.93875328270000e+02,6.20340000000,,1226.00,375.5540,4800.00,1.190000,4.100000,1,1,"Transit",2022
"TOI-4329 b","TOI-4329",16.81347105,1.43022783150000e+02,2.92230000000,,2027.12,3990.5716,6000.00,1.538000,2.310000,1,1,"Transit",2022
"K2-397 b","K2-397",2.41700000,,3.57232600000,,,,5387.00,0.937000,0.966000,1,1,"Transit",2022
"K2-316 c","K2-316",1.83000000,,5.26000000000,0.0582000000,423.00,4.3703,3436.00,0.408000,0.379000,1,2,"Transit",2020
"TOI-2046 b","TOI-2046",16.14093221,7.31005336100000e+02,1.49718420000,,1828.82,2643.6550,6250.00,1.130000,1.210000,1,1,"Transit",2022
"Kepler-1656 c","Kepler-1656",14.00000000,1.26400000000000e+02,1919.00000000000,3.0530000000,161.19,0.1126,5569.00,1.030000,1.100000,1,2,"Radial Velocity",2022
"TOI-206 b","TOI-206",1.30000000,,0.73631040000,0.0112000000,910.00,117.7582,3383.00,0.350000,0.350000,1,1,"Transit",2022
"K2-398 c","K2-398",5.09800000,,18.78783900000,,,,5946.00,0.945000,1.239000,1,2,"Transit",2022
"K2-319 b","K2-319",2.79000000,,26.68000000000,0.1516000000,641.00,25.1842,5440.00,0.954000,0.898000,1,1,"Transit",2020
"mu2 Sco b","mu2 Sco",12.30000000,4.57672906080000e+03,,242.4000000000,159.05,0.1074,21700.00,9.100000,5.600000,1,1,"Imaging",2022
"TOI-1693 b","TOI-1693",1.41000000,,1.76669570000,0.0226000000,764.00,57.0208,3499.00,0.490000,0.460000,1,1,"Transit",2022
"K2-402 b","K2-402",2.67800000,,17.27474000000,,,,5716.00,0.944000,1.280000,1,1,"Transit",2022
"K2-323 b","K2-323",2.10000000,,24.93000000000,0.1275000000,318.00,2.8163,3710.00,0.478000,0.549000,1,1,"Transit",2020
"HD 81040 b","HD 81040",12.60000000,2.30107766668000e+03,1002.70000000000,1.9460000000,189.77,0.2213,5755.00,0.990000,0.910000,1,1,"Radial Velocity",2005
"HD 171238 b","HD 171238",12.50000000,2.79688998160000e+03,1515.00000000000,2.5180000000,166.96,0.0989,5467.00,0.920000,1.010000,1,1,"Radial Velocity",2009
"HD 87883 b","HD 87883",12.70000000,2.00549724817000e+03,3006.00000000000,3.7700000000,110.52,0.0238,4980.00,0.800000,0.798557,1,1,"Radial Velocity",2009
"TOI-2411 b","TOI-2411",1.68000000,,0.78269420000,0.0144000000,1355.00,1051.1379,4099.00,0.650000,0.680000,1,1,"Transit",2022
"TOI-2427 b","TOI-2427",1.80000000,,1.30600110000,0.0202000000,1117.00,62.7136,4072.00,0.640000,0.650000,1,1,"Transit",2022
"K2-404 b","K2-404",2.53000000,,13.11536500000,,,,3748.00,0.552000,0.552000,1,1,"Transit",2022
"K2-325 b","K2-325",2.20000000,,6.93000000000,0.0419000000,423.00,5.0999,3287.00,0.274000,0.298000,1,1,"Transit",2020
"HD 106515 A b","HD 106515 A",12.10000000,6.00695689230000e+03,3626.00000000000,4.4800000000,116.53,0.0342,5362.00,0.890000,0.910000,2,1,"Radial Velocity",2012
"KMT-2017-BLG-2509L b","KMT-2017-BLG-2509L",13.40000000,6.64261370630000e+02,,2.1400000000,,,,0.460000,,1,1,"Microlensing",2021
"K2-406 b","K2-406",4.60200000,,22.54940600000,,,,5784.00,0.798000,0.961000,1,1,"Transit",2022
"K2-326 b","K2-326",2.28000000,,1.25600000000,0.0198000000,1114.00,268.1283,3924.00,0.507000,0.688000,1,1,"Transit",2020
"TOI-5153 b","TOI-5153",11.88151954,1.03612060682000e+03,20.33003000000,0.1580000000,906.00,49.5559,6300.00,1.240000,1.400000,1,1,"Transit",2022
"NGTS-20 b","NGTS-20",11.99360935,9.47128652860000e+02,54.18915000000,0.3130000000,688.00,6.7645,5980.00,1.470000,1.780000,1,1,"Transit",2022
"HD 29021 b","HD 29021",12.90000000,1.42069297929000e+03,1365.00000000000,2.2940000000,163.20,0.1252,5560.00,0.860000,0.850000,1,1,"Radial Velocity",2017
"KMT-2021-BLG-0912L b","KMT-2021-BLG-0912L",1.49000000,2.81000000000000e+00,,3.1400000000,,,,0.800000,,1,1,"Microlensing",2022
"K2-407 c","K2-407",1.36000000,,9.22453000000,,,,5563.00,0.881000,0.927000,1,2,"Transit",2022
"K2-199 b","K2-199",1.73000000,6.90000000000000e+00,3.22539930000,0.0382000000,913.00,116.2000,4491.00,0.711000,0.682000,1,2,"Transit",2018
"Ross 508 b","Ross 508",1.83000000,,10.77000000000,0.0536600000,293.86,1.2464,3071.00,0.177400,0.211300,1,1,"Radial Velocity",2022
"K2-387 b","K2-387",7.32200000,,28.73532700000,,,,3572.00,0.570000,0.585000,1,1,"Transit",2022
"K2-374 b","K2-374",1.59300000,,4.52195300000,,,,5789.00,0.731000,0.907000,1,2,"Transit",2022
"HD 136118 b","HD 136118",12.30000000,4.16418778851400e+03,1187.59765000000,2.3270000000,249.62,0.6840,6097.00,1.180000,1.677540,1,1,"Radial Velocity",2022
"HD 140901 b","HD 140901",4.07000000,,9.02378000000,0.0850000000,904.37,109.3426,5610.00,0.990000,0.950000,1,2,"Radial Velocity",2022
"HD 93351 c","HD 93351",12.30000000,4.15401727949000e+03,14010.29410000000,11.1540000000,74.54,0.0051,5408.00,0.940000,0.911435,1,2,"Radial Velocity",2022
"GJ 2030 b","GJ 2030",2.03000000,,2.38129000000,0.0340000000,2147.31,3542.7587,5485.00,0.960000,2.241040,1,2,"Radial Velocity",2022
"TOI-2570 b","TOI-2570",13.64132951,2.60619293740000e+02,2.98876150000,0.0414500000,1431.00,699.0000,5771.00,1.063000,1.095000,1,1,"Transit",2022
"HD 113337 b","HD 113337",13.10000000,,317.58639000000,1.0220000000,395.73,4.1073,6774.00,1.410000,1.500000,3,2,"Radial Velocity",2013
"HIP 97233 b","HIP 97233",12.10000000,6.09817364510900e+03,1062.26506000000,2.4910000000,354.42,2.5778,5020.00,1.810000,5.340000,1,1,"Radial Velocity",2014
"HD 144899 b","HD 144899",4.77000000,,40.43914000000,0.2420000000,770.87,58.8430,6126.00,1.160000,1.648020,1,1,"Radial Velocity",2022
"HD 142 A d","HD 142",10.90000000,,108.45299000000,0.4740000000,530.32,13.2625,6245.00,1.210000,1.470000,2,3,"Radial Velocity",2022
"GJ 2030 c","GJ 2030",12.30000000,4.06915709482100e+03,25533.11353000000,16.7610000000,96.71,0.0146,5485.00,0.960000,2.241040,1,2,"Radial Velocity",2022
"GJ 3222 b","GJ 3222",3.40000000,,10.66669000000,0.0910000000,811.06,67.5954,5257.46,0.890000,0.931389,2,1,"Radial Velocity",2022
"GJ 680 b","GJ 680",12.00000000,7.97749301570000e+03,17281.66514000000,10.1380000000,36.57,0.0003,3563.00,0.456000,0.459330,2,1,"Radial Velocity",2022
"TOI-3540 A b","TOI-3540 A",23.53885947,3.75037520260000e+02,3.11999900000,0.0428900000,1498.00,841.3000,5810.00,1.081000,1.228000,2,1,"Transit",2022
"TOI-3331 A b","TOI-3331 A",12.97999965,7.21470483890000e+02,2.01802310000,0.0314400000,1488.00,818.5000,5609.00,1.016000,0.952000,2,1,"Transit",2022
"TOI-3693 b","TOI-3693",12.59889431,3.24184975140000e+02,9.08851600000,0.0813000000,801.00,68.6000,5321.00,0.867000,0.791000,1,1,"Transit",2022
"HD 145934 b","HD 145934",13.40000000,6.58540459304000e+02,2751.53433000000,4.8900000000,276.92,0.9461,4823.75,2.058000,6.930587,1,1,"Radial Velocity",2015
"HD 151450 b","HD 151450",6.94000000,,21.89288000000,0.1600000000,795.00,66.5618,6091.98,1.140000,1.171840,1,2,"Radial Velocity",2022
"HD 149806 b","HD 149806",12.30000000,4.00368444297900e+03,16521.52778000000,12.4040000000,69.13,0.0037,5352.05,0.930000,0.890000,1,1,"Radial Velocity",2022
"HD 151450 c","HD 151450",12.80000000,1.63618063923600e+03,18144.76236000000,14.1310000000,84.59,0.0085,6091.98,1.140000,1.171840,1,2,"Radial Velocity",2022
"HD 115404 A b","HD 115404 A",6.09000000,,10.49488000000,0.0880000000,695.65,39.0242,5019.17,0.830000,0.727007,1,2,"Radial Velocity",2022
"TOI-2196 b","TOI-2196",3.51000000,2.60000000000000e+01,1.19472680000,0.0223400000,1860.00,2000.0000,5634.00,1.032000,1.043000,1,1,"Transit",2022
"HD 191806 b","HD 191806",12.50000000,2.96661035093800e+03,1603.38923000000,2.7490000000,206.98,0.2951,6010.00,1.070000,1.402230,1,1,"Radial Velocity",2016
"HD 153557 c","HD 153557",4.36000000,,15.27018000000,0.1110000000,604.33,22.2262,4837.00,0.790000,0.745171,1,3,"Radial Velocity",2022
"HD 153557 d","HD 153557",11.90000000,8.72566108577800e+03,40654.64809000000,21.4490000000,43.47,0.0006,4837.00,0.790000,0.745171,1,3,"Radial Velocity",2022
"HD 12235 c","HD 12235",12.50000000,3.13569506346200e+03,36336.70679000000,22.2100000000,82.22,0.0076,5986.00,1.100000,1.801850,1,2,"Radial Velocity",2022
"HD 56414 b","HD 56414",3.71000000,,29.04992000000,0.2290000000,1133.00,1614.3559,8500.00,1.890000,1.751000,1,1,"Transit",2022
"GJ 896 A b","GJ 896 A",13.30000000,7.18292199820000e+02,284.39000000000,0.6396500000,126.70,0.0429,3345.00,0.435990,0.394682,2,1,"Astrometry",2022
"GJ 676 A c","GJ 676 A",12.30000000,4.28814086724400e+03,13921.42302000000,9.7260000000,47.96,0.0010,3734.00,0.626000,0.690000,2,4,"Radial Velocity",2016
"HD 219828 c","HD 219828",12.20000000,5.10241724597800e+03,4789.87297000000,5.6570000000,149.17,0.0822,5891.00,1.040000,1.560000,1,2,"Radial Velocity",2016
"HD 72892 b","HD 72892",12.80000000,,39.44603000000,0.2280000000,634.46,26.9314,5688.00,1.010000,1.220000,1,1,"Radial Velocity",2016
"HD 155918 b","HD 155918",2.67000000,,1.87567000000,0.0300000000,1622.13,1153.7389,5771.84,1.030000,1.019060,1,2,"Radial Velocity",2022
"TOI-2048 b","TOI-2048",2.61000000,,13.79019000000,,646.00,29.0350,5185.00,0.830000,0.790000,1,1,"Transit",2022
"HD 111232 b","HD 111232",12.60000000,2.53150326175500e+03,1169.13202000000,2.1480000000,172.05,0.1496,5512.00,0.960000,0.900000,1,2,"Radial Velocity",2003
"HD 10697 b","HD 10697",12.80000000,1.82528854140100e+03,1075.37990000000,2.0510000000,259.25,0.7124,5641.00,0.990000,1.863076,1,1,"Radial Velocity",1999
"HD 125612 b","HD 125612",13.20000000,,557.69994000000,1.3490000000,253.38,0.6309,5900.00,1.050000,1.070000,2,3,"Radial Velocity",2007
"HIP 67537 b","HIP 67537",12.30000000,4.30911754210600e+03,2523.64713000000,4.8070000000,323.20,1.7903,4985.00,2.316000,8.690000,1,1,"Radial Velocity",2017
"HD 156098 c","HD 156098",12.80000000,1.66160691179600e+03,7841.58390000000,8.4150000000,177.18,0.1642,6419.19,1.290000,2.757160,1,2,"Radial Velocity",2022
"HD 156098 b","HD 156098",4.12000000,,21.85849000000,0.1670000000,1257.73,416.9726,6419.19,1.290000,2.757160,1,2,"Radial Velocity",2022
"HD 168863 b","HD 168863",12.70000000,2.15487659946000e+03,14773.93272000000,10.9610000000,63.01,0.0026,4905.00,0.800000,0.777826,1,1,"Radial Velocity",2022
"HIP 19976 b","HIP 19976",4.94000000,,50.65905000000,0.2340000000,378.10,3.4055,4316.00,0.670000,0.772319,2,1,"Radial Velocity",2022
"HD 203387 c","HD 203387",12.60000000,2.37894562639500e+03,2481.07227000000,5.0670000000,360.63,2.8216,5174.32,2.817000,10.585200,1,2,"Radial Velocity",2022
"HIP 35965 b","HIP 35965",12.60000000,2.58998368864300e+03,26125.56497000000,15.8980000000,48.85,0.0009,4836.00,0.780000,0.697551,1,1,"Radial Velocity",2022
"HD 125612 c","HD 125612",4.07000000,,4.15466000000,0.0510000000,1303.14,441.4278,5900.00,1.050000,1.070000,2,3,"Radial Velocity",2009
"HD 125612 d","HD 125612",12.70000000,2.28137230544600e+03,2822.72698000000,3.9820000000,147.48,0.0724,5900.00,1.050000,1.070000,2,3,"Radial Velocity",2009
"HD 156279 c","HD 156279",12.50000000,3.09882696825000e+03,4818.25358000000,5.4860000000,109.42,0.0237,5453.00,0.940000,0.950000,1,2,"Radial Velocity",2016
"HD 27894 d","HD 27894",12.70000000,2.06365984665100e+03,5019.54244000000,5.3620000000,95.87,0.0124,4875.00,0.810000,0.891767,1,3,"Radial Velocity",2017
"HD 181234 b","HD 181234",12.50000000,2.98091262925300e+03,7593.40512000000,7.4270000000,98.09,0.0144,5386.00,0.940000,1.059423,1,1,"Radial Velocity",2019
"HD 18143 b","HD 18143",3.28000000,,10.28510000000,0.0880000000,769.92,61.8730,5078.00,0.850000,0.870000,1,2,"Radial Velocity",2022
"HIP 948 b","HIP 948",12.10000000,6.54726518420000e+03,24955.45756000000,15.0370000000,46.40,0.0008,4497.00,0.710000,0.688488,1,1,"Radial Velocity",2022
"HD 139357 b","HD 139357",12.10000000,6.31556827549700e+03,1124.79139000000,2.9490000000,446.97,7.6490,4700.00,2.690000,11.470000,1,1,"Radial Velocity",2008
"HD 25015 b","HD 25015",12.50000000,2.88492845033900e+03,6134.42700000000,6.2480000000,90.69,0.0106,5160.00,0.860000,0.830000,1,1,"Radial Velocity",2019
"HD 188641 b","HD 188641",11.90000000,9.33303117155500e+03,14583.81038000000,12.0270000000,114.36,0.0285,5897.32,1.070000,1.944920,1,1,"Radial Velocity",2022
"HD 168443 b","HD 168443",12.60000000,,58.11187000000,0.2920000000,641.03,28.2942,5491.00,0.980000,1.711479,1,2,"Radial Velocity",1998
"HD 156279 b","HD 156279",12.50000000,,133.40355000000,0.5020000000,361.73,2.8355,5453.00,0.940000,0.950000,1,2,"Radial Velocity",2011
"HD 168443 c","HD 168443",12.20000000,5.50033841154200e+03,1753.10960000000,2.8420000000,205.47,0.2987,5491.00,0.980000,1.711479,1,2,"Radial Velocity",2000
"GJ 229 A c","GJ 229",2.87000000,,121.93268000000,0.3840000000,188.10,0.1899,3564.00,0.509000,0.460000,3,2,"Radial Velocity",2020
"HD 81817 b","HD 81817",12.00000000,7.66856380409600e+03,1021.20159000000,3.2330000000,1016.37,174.4020,4140.00,4.300000,83.800000,1,2,"Radial Velocity",2020
"HD 204313 e","HD 204313",12.20000000,4.86817771001900e+03,7325.64666000000,7.4570000000,106.81,0.0226,5767.00,1.030000,1.100000,1,3,"Radial Velocity",2022
"HD 169830 c","HD 169830",12.60000000,2.43742605328300e+03,1818.82339000000,3.0750000000,241.03,0.4856,6300.00,1.170000,1.935709,1,2,"Radial Velocity",2003
"HIP 56640 b","HIP 56640",12.70000000,2.15169831539000e+03,2675.57603000000,4.5500000000,239.37,0.5420,4769.00,1.750000,4.930000,1,1,"Radial Velocity",2021
"HD 213519 b","HD 213519",2.99000000,,11.12214000000,0.0990000000,931.36,125.3797,5840.00,1.050000,1.082870,1,1,"Radial Velocity",2022
"HD 217786 c","HD 217786",2.61000000,,2.52221000000,0.0380000000,1663.13,1308.8643,5966.00,1.140000,1.270000,2,2,"Radial Velocity",2022
"TOI-3629 b","TOI-3629",8.29464572,8.26353858200000e+01,3.93655100000,0.0430000000,690.00,39.0000,3870.00,0.630000,0.600000,1,1,"Transit",2022
"HD 183263 c","HD 183263",12.50000000,2.95898246917000e+03,4667.97841000000,5.5850000000,134.60,0.0570,5948.00,1.060000,1.230000,1,2,"Radial Velocity",2008
"HD 66428 c","HD 66428",13.50000000,5.60649309948000e+02,10478.84437000000,9.4080000000,95.52,0.0141,5716.00,1.010000,1.130000,1,2,"Radial Velocity",2021
"HD 80869 b","HD 80869",12.80000000,1.60980088145500e+03,1752.92067000000,2.9050000000,203.20,0.1420,5837.00,1.060000,1.062000,1,1,"Radial Velocity",2021
"HD 25912 b","HD 25912",6.90000000,,41.83156000000,0.2420000000,579.16,18.7477,5920.58,1.080000,0.995896,1,2,"Radial Velocity",2022
"HD 217958 b","HD 217958",14.20000000,1.66542085268000e+02,2560.19774000000,3.7580000000,169.89,0.1388,5930.64,1.080000,1.326190,1,1,"Radial Velocity",2022
"HD 25912 c","HD 25912",12.20000000,5.25275008248900e+03,26308.65619000000,17.8480000000,67.44,0.0034,5920.58,1.080000,0.995896,1,2,"Radial Velocity",2022
"HD 109988 b","HD 109988",12.10000000,6.93533366914700e+03,17132.15854000000,12.5180000000,65.91,0.0031,5185.97,0.880000,0.869694,1,1,"Radial Velocity",2022
"HD 28192 b","HD 28192",12.20000000,,14.23283000000,0.1180000000,859.98,91.1399,5919.87,1.080000,1.070940,1,1,"Radial Velocity",2022
"HD 43197 c","HD 43197",12.60000000,2.50067390627600e+03,9295.97350000000,8.5400000000,90.89,0.0100,5508.00,0.960000,1.000000,1,2,"Radial Velocity",2022
"HD 38529 b","HD 38529",14.10000000,,14.30990000000,0.1150000000,1369.46,516.1847,5697.00,0.980000,2.857838,2,2,"Radial Velocity",2000
"HD 38529 c","HD 38529",12.50000000,3.29905886466000e+03,2127.60566000000,3.2260000000,258.56,0.6560,5697.00,0.980000,2.857838,2,2,"Radial Velocity",2000
"HD 110537 b","HD 110537",11.90000000,8.61283200129300e+03,24469.67342000000,16.7140000000,72.83,0.0047,5718.00,1.020000,1.166260,1,1,"Radial Velocity",2022
"HD 56957 b","HD 56957",12.80000000,1.88090851262600e+03,5859.08992000000,6.4260000000,145.67,0.0750,5743.00,1.030000,1.777930,1,1,"Radial Velocity",2022
"HD 62364 c","HD 62364",12.00000000,7.92346218651000e+03,74839.94555000000,36.9840000000,58.70,0.0020,6255.00,1.190000,1.401000,1,2,"Radial Velocity",2022
"TOI-712 c","TOI-712",2.70100000,,51.69906000000,0.2447000000,369.90,3.0800,4622.00,0.732000,0.674000,1,3,"Transit",2022
"TOI-712 d","TOI-712",2.47400000,,84.83960000000,0.3405000000,313.60,1.6000,4622.00,0.732000,0.674000,1,3,"Transit",2022
"HD 43197 b","HD 43197",14.20000000,,308.92072000000,0.8820000000,282.81,0.9377,5508.00,0.960000,1.000000,1,2,"Radial Velocity",2010
"HD 4113 b","HD 4113",13.50000000,,526.52390000000,1.2800000000,251.65,0.7440,5688.00,1.008000,1.077514,3,1,"Radial Velocity",2007
"HD 111232 c","HD 111232",12.20000000,5.74093451564100e+03,26472.44623000000,17.2500000000,60.71,0.0023,5512.00,0.960000,0.900000,1,2,"Radial Velocity",2022
"HD 62549 b","HD 62549",12.60000000,2.70758019923300e+03,14306.88519000000,11.8420000000,92.25,0.0121,5930.46,1.080000,1.232270,1,1,"Radial Velocity",2022
"TOI-1452 b","TOI-1452",1.67200000,4.82000000000000e+00,11.06201000000,0.0610000000,326.00,1.8000,3185.00,0.249000,0.275000,2,1,"Transit",2022
"KMT-2021-BLG-0171L b","KMT-2021-BLG-0171L",3.35000000,1.12000000000000e+01,,3.5000000000,,,5200.00,0.780000,,1,1,"Microlensing",2022
"HD 73267 b","HD 73267",13.00000000,1.32153051630600e+03,1257.99159000000,2.2290000000,165.89,0.1577,5387.00,0.930000,0.909000,1,2,"Radial Velocity",2008
"HD 11505 b","HD 11505",12.60000000,2.51052658689300e+03,32669.22247000000,20.2470000000,67.46,0.0035,5757.15,1.030000,1.195680,1,1,"Radial Velocity",2022
"HD 80913 b","HD 80913",12.00000000,7.50520000289800e+03,10839.83341000000,9.9500000000,118.23,0.0326,6013.24,1.110000,1.654200,1,1,"Radial Velocity",2022
"HD 81817 c","HD 81817",12.00000000,,622.97802000000,2.3250000000,1198.52,337.2228,4140.00,4.300000,83.800000,1,2,"Radial Velocity",2022
"TOI-2207 b","TOI-2207",11.15293580,2.03410180480000e+02,8.00196800000,0.0854000000,1259.00,406.0000,6101.00,1.296000,1.564000,1,1,"Transit",2022
"HD 86264 b","HD 86264",12.50000000,3.11726101585600e+03,1488.79123000000,2.7630000000,247.01,0.5987,6210.00,1.260000,1.880000,1,1,"Radial Velocity",2009
"HD 7449 b","HD 7449",12.60000000,2.59792939881800e+03,1270.55195000000,2.4380000000,183.23,0.2125,6024.00,1.196000,0.970000,2,1,"Radial Velocity",2011
"HD 8673 b","HD 8673",12.30000000,4.21059073593600e+03,1644.69097000000,2.9700000000,219.11,0.3841,6389.05,1.280000,1.502250,2,1,"Radial Velocity",2009
"HD 127506 b","HD 127506",5.67000000,,65.78395000000,0.2870000000,354.80,2.6404,4595.32,0.730000,0.735766,1,1,"Radial Velocity",2022
"HD 135872 b","HD 135872",12.80000000,1.74456012602300e+03,2422.32597000000,4.1720000000,233.64,0.4969,4992.00,1.646000,3.930380,1,1,"Radial Velocity",2022
"HD 86065 b","HD 86065",12.50000000,2.87730056857100e+03,25775.78859000000,15.9470000000,52.56,0.0013,4927.56,0.810000,0.780347,1,1,"Radial Velocity",2022
"HD 88072 b","HD 88072",12.60000000,2.51179790052100e+03,18538.79293000000,13.8950000000,76.03,0.0056,5785.33,1.040000,1.032000,1,1,"Radial Velocity",2022
"HD 93351 b","HD 93351",1.69000000,,2.45946000000,0.0350000000,1330.76,522.5845,5408.00,0.940000,0.911435,1,2,"Radial Velocity",2022
"TOI-2421 b","TOI-2421",10.36830715,1.05836859531000e+02,4.34740320000,0.0543000000,1534.00,923.6000,5607.00,1.131000,1.750000,1,1,"Transit",2022
"HD 142 c","HD 142",12.40000000,3.46464746470700e+03,10159.64279000000,9.8110000000,116.56,0.0310,6245.00,1.210000,1.470000,2,3,"Radial Velocity",2012
"TOI-2583 A b","TOI-2583 A",14.45958510,7.94571017500000e+01,4.52072650000,0.0571000000,1456.00,750.9000,5936.00,1.215000,1.477000,2,1,"Transit",2023
"OGLE-2018-BLG-1119L b","OGLE-2018-BLG-1119L",13.90000000,2.89223850370000e+02,,4.0600000000,,,,0.480000,,1,1,"Microlensing",2022
"KMT-2021-BLG-1554L b","KMT-2021-BLG-1554L",6.90000000,3.81394088400000e+01,,0.7200000000,,,,0.080000,,1,1,"Microlensing",2022
"TOI-2796 b","TOI-2796",17.26183028,1.39844499080000e+02,4.80849830000,0.0569000000,1205.00,352.0000,5764.00,1.063000,1.069000,1,1,"Transit",2023
"TOI-2096 b","TOI-2096",1.24300000,,3.11906330000,0.0250000000,445.00,9.4000,3300.00,0.231000,0.235000,1,2,"Transit",2023
"KMT-2021-BLG-1898L b","KMT-2021-BLG-1898L",14.00000000,2.32014737110000e+02,,1.9000000000,,,,0.480000,,1,1,"Microlensing",2022
"GJ 338 B b","GJ 338 B",3.25000000,,24.42200000000,0.1420000000,391.00,3.9278,4014.00,0.640000,0.580000,2,1,"Radial Velocity",2020
"TOI-2842 b","TOI-2842",12.84549188,1.17596510590000e+02,3.55140580000,0.0475000000,1471.00,781.8000,5910.00,1.135000,1.265000,1,1,"Transit",2023
"TOI-4603 b","TOI-4603",11.67975789,4.09680816623000e+03,7.24599000000,0.0888000000,1677.00,1192.0000,6264.00,1.765000,2.738000,1,1,"Transit",2023
"KMT-2021-BLG-0712L b","KMT-2021-BLG-0712L",6.91000000,3.81900000000000e+01,,2.2200000000,,,,0.220000,,1,1,"Microlensing",2023
"KMT-2021-BLG-0909L b","KMT-2021-BLG-0909L",13.70000000,4.00463792820000e+02,,1.7500000000,,,,0.380000,,1,1,"Microlensing",2023
"MASCARA-1 b","MASCARA-1",17.90074218,1.17597100000000e+03,2.14877381000,0.0403520000,2594.30,38711.5000,7490.00,1.900000,2.082000,1,1,"Transit",2017
"K2-38 b","K2-38",1.54000000,7.30000000000000e+00,4.01593000000,0.0499400000,1266.00,426.0000,5731.00,1.030000,1.060000,1,2,"Transit",2016
"TOI-3364 b","TOI-3364",12.22899794,5.30773439690000e+02,5.87689180000,0.0675000000,1264.00,425.0000,5706.00,1.186000,1.419000,1,1,"Transit",2023
"KMT-2021-BLG-2478L b","KMT-2021-BLG-2478L",13.90000000,2.86045566300000e+02,,1.8500000000,,,,0.200000,,1,1,"Microlensing",2023
"KMT-2021-BLG-1105L b","KMT-2021-BLG-1105L",13.60000000,4.13176929100000e+02,,3.5400000000,,,,0.630000,,1,1,"Microlensing",2023
"K2-414 b","K2-414",1.21900000,,4.36960000000,0.0487000000,811.92,72.1130,4343.00,0.814000,0.732000,1,2,"Transit",2022
"TOI-4582 b","TOI-4582",10.53644186,1.68449055710000e+02,31.03400000000,,614.66,33.7343,5190.00,1.340000,2.500000,1,1,"Transit",2023
"TOI-3688 A b","TOI-3688 A",13.08088048,3.11471838860000e+02,3.24607500000,0.0456000000,1534.00,924.3000,5950.00,1.199000,1.302000,2,1,"Transit",2023
"TOI-942 c","TOI-942",4.67000000,3.70000000000000e+01,10.15627200000,0.0859800000,772.63,59.2488,4969.00,0.822000,0.894000,1,2,"Transit",2020
"TOI-733 b","TOI-733",1.99200000,5.72000000000000e+00,4.88476500000,0.0618000000,1055.80,207.1000,5585.00,0.956000,0.949000,1,1,"Transit",2023
"Kepler-20 c","Kepler-20",2.89400000,1.11000000000000e+01,10.85407740000,0.0936000000,828.00,78.7000,5495.00,0.929000,0.916400,2,6,"Transit",2011
"HIP 21152 b","HIP 21152",12.00000000,7.62788176800000e+03,22000.00000000000,17.0000000000,1300.00,0.0150,6655.00,1.400000,1.591860,2,1,"Imaging",2022
"OGLE-2019-BLG-0468L c","OGLE-2019-BLG-0468L",12.50000000,3.24820631954000e+03,,2.7700000000,,,,0.920000,,1,2,"Microlensing",2022
"OGLE-2019-BLG-0468L b","OGLE-2019-BLG-0468L",13.10000000,1.09015143601000e+03,,3.2900000000,,,,0.920000,,1,2,"Microlensing",2022
"TOI-3976 A b","TOI-3976 A",12.27383387,5.56199712250000e+01,6.60766200000,0.0743000000,1295.00,469.0000,5975.00,1.254000,1.501000,2,1,"Transit",2023
"KMT-2017-BLG-1003L b","KMT-2017-BLG-1003L",2.13000000,5.19000000000000e+00,,1.3800000000,,,,0.320000,,1,1,"Microlensing",2023
"TOI-4087 b","TOI-4087",13.04725353,2.32014737110000e+02,3.17748350000,0.0446900000,1458.00,753.9000,6060.00,1.178000,1.112000,1,1,"Transit",2023
"TOI-942 b","TOI-942",3.89000000,8.26358000000000e+02,4.32421000000,0.0486600000,1120.00,261.8580,4969.00,0.822000,0.894000,1,2,"Transit",2020
"KMT-2021-BLG-0240L b","KMT-2021-BLG-0240L",9.60000000,6.67439654700000e+01,,2.8000000000,,,,0.560000,,1,1,"Microlensing",2022
"KMT-2017-BLG-0673L b","KMT-2017-BLG-0673L",13.00000000,1.16643025369000e+03,,2.3400000000,,,,0.630000,,1,1,"Microlensing",2022
"KMT-2019-BLG-1367L b","KMT-2019-BLG-1367L",1.85000000,4.08000000000000e+00,,1.7000000000,,,,0.250000,,1,1,"Microlensing",2023
"OGLE-2017-BLG-1806L b","OGLE-2017-BLG-1806L",2.15000000,5.27000000000000e+00,,1.7500000000,,,,0.380000,,1,1,"Microlensing",2023
"TOI-4791 b","TOI-4791",12.44196858,7.34183620170000e+02,4.28088000000,0.0555000000,1472.00,783.2000,6058.00,1.242000,1.409000,1,1,"Transit",2023
"EPIC 229004835 b","EPIC 229004835",2.33200000,1.04000000000000e+01,16.14113200000,0.1237000000,804.00,69.7000,5868.00,0.970000,0.999000,1,1,"Transit",2023
"OGLE-2019-BLG-1053L b","OGLE-2019-BLG-1053L",1.38000000,2.48000000000000e+00,,3.4000000000,,,,0.610000,,1,1,"Microlensing",2021
"KMT-2019-BLG-2974L b","KMT-2019-BLG-2974L",11.40000000,8.89919539600000e+01,,2.0000000000,,,,0.470000,,1,1,"Microlensing",2022
"OGLE-2019-BLG-1470L AB c","OGLE-2019-BLG-1470L A",13.30000000,6.99222495400000e+02,,3.2000000000,,,,0.570000,,2,1,"Microlensing",2022
"HD 23472 b","HD 23472",2.00000000,8.32000000000000e+00,17.66708700000,0.1162000000,543.00,16.0000,4684.00,0.670000,0.710000,1,5,"Transit",2019
"HD 191939 c","HD 191939",3.19500000,8.00000000000000e+00,28.57974300000,0.1752000000,600.00,21.0000,5348.00,0.810000,0.940000,1,6,"Transit",2020
"OGLE-2018-BLG-0506L b","OGLE-2018-BLG-0506L",4.18000000,1.63000000000000e+01,,3.0000000000,,,,0.630000,,1,1,"Microlensing",2022
"TIC 279401253 b","TIC 279401253",11.20898070,1.95146641898000e+03,76.80000000000,0.3690000000,486.37,9.1803,5951.00,1.130000,1.060000,1,2,"Transit",2023
"HD 23472 c","HD 23472",1.87000000,3.41000000000000e+00,29.79749000000,0.1646000000,467.00,7.9600,4684.00,0.670000,0.710000,1,5,"Transit",2019
"HD 23472 f","HD 23472",1.13700000,7.70000000000000e-01,12.16218390000,0.0906000000,630.00,26.3000,4684.00,0.670000,0.710000,1,5,"Transit",2022
"OGLE-2019-BLG-1492L b","OGLE-2019-BLG-1492L",6.79000000,3.71000000000000e+01,,2.7000000000,,,,0.680000,,1,1,"Microlensing",2022
"TIC 279401253 c","TIC 279401253",12.60000000,,155.30000000000,0.5910000000,384.31,3.5788,5951.00,1.130000,1.060000,1,2,"Transit",2023
"TOI-1811 b","TOI-1811",11.14172682,3.08929211604000e+02,3.71307650000,0.0438900000,962.20,55.9743,4766.00,0.817000,0.769000,1,1,"Transit",2023
"HD 23472 d","HD 23472",0.75000000,5.50000000000000e-01,3.97664000000,0.0429800000,909.00,117.0000,4684.00,0.670000,0.710000,1,5,"Transit",2022
"HD 23472 e","HD 23472",0.81800000,7.20000000000000e-01,7.90754000000,0.0680000000,723.00,46.7000,4684.00,0.670000,0.710000,1,5,"Transit",2022
"HATS-54 b","HATS-54",11.37711541,2.39324790471000e+02,2.54417650000,0.0370000000,1429.00,476.9650,5621.00,1.050000,1.230000,1,1,"Transit",2019
"HD 45364 c","HD 45364",14.20000000,,345.43000000000,0.9020000000,261.82,0.7829,5466.00,0.820000,0.890000,1,2,"Radial Velocity",2008
"KMT-2021-BLG-1253L b","KMT-2021-BLG-1253L",4.59000000,1.90500000000000e+01,,1.5200000000,,,,0.240000,,1,1,"Microlensing",2022
"TOI-2152 A b","TOI-2152",14.35870428,8.99454391810000e+02,3.37735120000,0.0506400000,1802.00,2195.7879,6630.00,1.516000,1.612000,3,1,"Transit",2023
"NGTS-23 b","NGTS-23",14.20177855,1.94828813491000e+02,4.07643260000,0.0504000000,1327.00,815.7013,6057.00,1.010000,1.240000,1,1,"Transit",2022
"NGTS-24 b","NGTS-24",13.60770257,1.65270771640000e+02,3.46787960000,0.0479000000,1499.00,391.8300,5820.00,1.260000,1.640000,1,1,"Transit",2022
"NGTS-25 b","NGTS-25",11.46678726,2.03092352073000e+02,2.82309300000,0.0388000000,1101.00,339.4356,5321.00,0.910000,0.860000,1,1,"Transit",2022
"KMT-2021-BLG-1372L b","KMT-2021-BLG-1372L",9.12000000,6.12700000000000e+01,,2.3700000000,,,,0.420000,,1,1,"Microlensing",2022
"TOI-2497 b","TOI-2497",11.14172682,1.53193292174000e+03,10.65566900000,0.1166000000,1595.00,997.8085,7360.00,1.859000,2.360000,1,1,"Transit",2023
"TOI-5542 b","TOI-5542",11.30986153,4.19533497240000e+02,75.12375000000,0.3320000000,441.00,9.6000,5700.00,0.890000,1.058000,1,1,"Transit",2022
"TOI-2338 b","TOI-2338",11.20898070,1.90061387386000e+03,22.65398000000,0.1580000000,799.00,13.8485,5581.00,0.990000,1.050000,1,1,"Transit",2023
"KMT-2021-BLG-1077L b","KMT-2021-BLG-1077L",9.86000000,6.99222495400000e+01,,1.2600000000,,,,0.140000,,1,2,"Microlensing",2022
"PZ Tel b","PZ Tel",11.90000000,8.58136698900000e+03,44000.00000000000,27.0000000000,53.77,0.0014,5169.00,1.360000,1.256460,1,1,"Imaging",2023
"KMT-2018-BLG-0030L b","KMT-2018-BLG-0030L",13.60000000,4.60851190150000e+02,,4.3900000000,,,,0.510000,,1,1,"Microlensing",2022
"MOA-2020-BLG-135L b","MOA-2020-BLG-135L",3.37000000,1.13000000000000e+01,,1.1100000000,,,,0.230000,,1,1,"Microlensing",2022
"TOI-2364 b","TOI-2364",8.60849718,7.15113915750000e+01,4.01975170000,0.0487100000,1091.00,237.0000,5306.00,0.954000,0.886000,1,1,"Transit",2023
"OGLE-2018-BLG-0298L b","OGLE-2018-BLG-0298L",7.56000000,4.44959769800000e+01,,2.8600000000,,,,0.690000,,1,1,"Microlensing",2022
"TOI-969 c","TOI-969",12.40000000,,1700.00000000000,2.5200000000,96.40,0.0208,4435.00,0.734000,0.671000,1,2,"Radial Velocity",2022
"OGLE-2006-BLG-284L A b","OGLE-2006-BLG-284L A",14.30000000,1.44000000000000e+02,,2.1700000000,,,,0.350000,,2,1,"Microlensing",2020
"K2-3 d","K2-3",1.45800000,2.20000000000000e+00,44.55603000000,0.2014000000,305.20,1.4400,3844.00,0.549000,0.546000,1,3,"Transit",2015
"K2-3 c","K2-3",1.58200000,2.68000000000000e+00,24.64672900000,0.1357000000,371.80,3.1700,3844.00,0.549000,0.546000,1,3,"Transit",2015
"HD 111998 b","HD 111998",12.90000000,1.52557635360000e+03,810.00000000000,1.9100000000,275.49,0.8918,6557.00,1.400000,1.450000,1,1,"Radial Velocity",2016
"HIP 70849 b","HIP 70849",12.90000000,1.43022783150000e+03,3649.00000000000,3.9900000000,78.85,0.0056,4105.00,0.650000,0.633112,2,1,"Radial Velocity",2011
"HD 114783 c","HD 114783",13.40000000,6.03873973300000e+02,4352.00000000000,5.0000000000,101.53,0.0170,5135.00,0.900000,0.840622,1,2,"Radial Velocity",2016
"Kepler-409 b","Kepler-409",1.19900000,6.00000000000000e+00,68.95832160000,0.3192000000,438.00,6.1500,5421.00,0.913000,0.897000,1,1,"Transit",2014
"Kepler-20 f","Kepler-20",0.95200000,1.40000000000000e+00,19.57832800000,0.1387000000,681.00,35.9000,5495.00,0.929000,0.916400,2,6,"Transit",2011
"KMT-2022-BLG-0440L b","KMT-2022-BLG-0440L",4.05000000,1.54000000000000e+01,,1.9000000000,,,,0.530000,,1,1,"Microlensing",2023
"TOI-411 c","HD 22946",2.32800000,9.72000000000000e+00,9.57308300000,0.1017000000,931.00,156.7500,6169.00,1.098000,1.117000,1,3,"Transit",2022
"HD 140901 c","HD 140901",13.40000000,5.72091132600000e+02,14386.00000000000,11.8000000000,76.76,0.0057,5610.00,1.060000,0.950000,1,2,"Radial Velocity",2022
"Kepler-102 c","Kepler-102",0.56700000,1.70000000000000e+00,7.07139200000,0.0670200000,777.00,61.0000,4909.00,0.803000,0.724000,1,5,"Transit",2014
"K2-416 b","K2-416",2.66000000,1.65270771640000e+03,13.10200000000,0.0880000000,447.00,6.9344,3746.00,0.548000,0.554000,1,1,"Transit",2023
"TOI-411 b","HD 22946",1.36200000,1.37100000000000e+01,4.04029500000,0.0572700000,1241.00,495.1390,6169.00,1.098000,1.117000,1,3,"Transit",2022
"HIP 54597 b","HIP 54597",13.30000000,7.62788176800000e+02,3274.00000000000,4.0000000000,94.00,0.0143,4799.00,0.800000,0.660000,1,1,"Radial Velocity",2023
"HD 75302 b","HD 75302",12.80000000,1.71627339780000e+03,4356.00000000000,5.3000000000,115.76,0.0299,5697.46,1.060000,0.940904,1,1,"Radial Velocity",2023
"Kepler-68 c","Kepler-68",0.97900000,1.30000000000000e+00,9.60502700000,0.0900800000,1052.00,204.0000,5847.00,1.057000,1.256400,2,4,"Transit",2013
"MOA-2020-BLG-208L b","MOA-2020-BLG-208L",7.71000000,4.60000000000000e+01,,2.7400000000,,,,0.430000,,1,1,"Microlensing",2023
"HD 15906 b","HD 15906",2.24000000,,10.92470900000,0.0900000000,668.00,33.1400,4757.00,0.790000,0.762000,1,2,"Transit",2023
"HIP 81208 C b","HIP 81208 C",12.30000000,4.70386042360000e+03,104100.00000000000,23.0400000000,2050.00,,,0.135000,,3,1,"Imaging",2023
"HD 108202 b","HD 108202",13.10000000,9.53485221000000e+02,2990.00000000000,3.7000000000,93.04,0.0125,4556.03,0.740000,0.663550,1,1,"Radial Velocity",2023
"Kepler-323 b","Kepler-323",1.38100000,3.90000000000000e+00,1.67832800000,0.0277800000,1838.00,1900.0000,6004.00,1.015000,1.120000,1,2,"Transit",2014
"HD 15906 c","HD 15906",2.93000000,,21.58329800000,0.1410000000,532.00,13.3700,4757.00,0.790000,0.762000,1,2,"Transit",2023
"TOI-622 b","TOI-622",9.23620010,9.63020073210000e+01,6.40251300000,0.0708000000,1388.00,602.0000,6400.00,1.313000,1.415000,1,1,"Transit",2023
"TOI-4201 b","TOI-4201",13.67495645,7.88214449360000e+02,3.58191940000,0.0400000000,725.00,45.2000,3794.00,0.610000,0.630000,1,1,"Transit",2023
"HD 99492 b","HD 99492",5.44000000,,17.05030000000,0.1200000000,622.27,23.2671,4929.00,0.850000,0.822539,2,2,"Radial Velocity",2004
"Kepler-454 b","Kepler-454",2.37000000,5.40000000000000e+00,10.57375340000,0.0952800000,916.00,117.7000,5687.00,1.030000,1.066000,2,3,"Transit",2015
"Kepler-109 b","Kepler-109",2.49000000,4.90000000000000e+00,6.48163070000,0.0701000000,1276.00,442.0000,5950.00,1.094000,1.387000,1,2,"Transit",2014
"GJ 1252 b","GJ 1252",1.19300000,1.32000000000000e+00,0.51823310000,0.0091500000,1090.00,233.0000,3458.00,0.381000,0.391000,1,1,"Transit",2020
"HAT-P-2 c","HAT-P-2",12.40000000,3.40076395490000e+03,8500.00000000000,,,,6412.00,1.330000,1.416000,1,2,"Radial Velocity",2023
"TOI-4600 b","TOI-4600",6.80000000,9.59841789140000e+02,82.68690000000,0.3490000000,347.00,3.3159,5170.00,0.890000,0.810000,1,2,"Transit",2023
"TOI-858 B b","TOI-858 B",14.06727078,3.49611247700000e+02,3.27971780000,0.0443500000,1529.00,908.9000,5842.00,1.081000,1.308000,2,1,"Transit",2023
"K2-36 b","K2-36",1.43000000,4.30000000000000e+00,1.42261400000,0.0228800000,1328.00,519.0000,4916.00,0.790000,0.718000,1,2,"Transit",2016
"K2-36 c","K2-36",3.20000000,7.90000000000000e+00,5.34088800000,0.0552800000,854.00,89.0000,4916.00,0.790000,0.718000,1,2,"Transit",2016
"Kepler-538 b","Kepler-538",2.21500000,1.29000000000000e+01,81.73778000000,0.3554000000,417.00,5.0700,5534.00,0.892000,0.871700,2,1,"Transit",2016
"TOI-1235 b","TOI-1235",1.69000000,6.69000000000000e+00,3.44471400000,0.0384500000,775.00,60.3000,3997.00,0.630000,0.619000,1,1,"Transit",2020
"TOI-1052 b","TOI-1052",2.87000000,1.69000000000000e+01,9.13970300000,0.0910300000,1135.00,246.0000,6146.00,1.204000,1.264000,1,2,"Transit",2023
"K2-110 b","K2-110",2.59200000,1.59000000000000e+01,13.86375000000,0.1020700000,638.00,27.7000,5010.00,0.738000,0.713000,1,1,"Transit",2017
"TOI-1634 c","TOI-1634",,,103.00000000000,,,,3472.00,0.451000,0.450000,2,2,"Radial Velocity",2022
"TOI-2018 b","TOI-2018",2.26800000,9.20000000000000e+00,7.43558300000,,576.34,26.0758,4174.00,0.570000,0.620000,1,1,"Transit",2023
"TOI-1052 c","TOI-1052",6.48000000,,35.80600000000,0.2263000000,719.00,39.7000,6146.00,1.204000,1.264000,1,2,"Radial Velocity",2023
"TOI-519 b","TOI-519",11.54525012,1.47154552441000e+02,1.26523280000,0.0159000000,687.00,54.0000,3322.00,0.335000,0.350000,1,1,"Transit",2021
"TOI-244 b","TOI-244",1.52000000,2.68000000000000e+00,7.39722500000,0.0559000000,458.00,7.3000,3433.00,0.428000,0.426000,1,1,"Transit",2023
"TOI-2084 b","TOI-2084",2.47000000,,6.07842470000,0.0500600000,527.00,12.8000,3551.00,0.453000,0.475000,2,1,"Transit",2023
"TOI-4184 b","TOI-4184",2.43000000,,4.90198040000,0.0336000000,412.00,4.8000,3238.00,0.210900,0.234700,1,1,"Transit",2023
"TOI-470 b","TOI-470",4.34000000,,12.19148000000,0.1190000000,660.00,44.7551,5190.00,0.870000,0.831000,1,1,"Transit",2023
"TOI-1470 b","TOI-1470",2.18000000,7.32000000000000e+00,2.52709300000,0.0285000000,734.00,46.3000,3709.00,0.471000,0.469000,1,2,"Transit",2023
"Kepler-21 b","Kepler-21",1.63900000,7.50000000000000e+00,2.78582120000,0.0434000000,2015.00,2749.0000,6305.00,1.408000,1.902000,2,1,"Transit",2012
"Kepler-78 b","Kepler-78",1.20100000,1.68000000000000e+00,0.35500745000,0.0090100000,2223.00,4070.0000,5058.00,0.779000,0.747500,2,1,"Transit",2013
"WISE J033605.05-014350.4 b","WISE J033605.05-014350.4",12.60000000,2.62208435775000e+03,2560.00000000000,0.9700000000,325.00,,415.00,0.013100,,1,1,"Imaging",2023
"OGLE-2018-BLG-1126L b","OGLE-2018-BLG-1126L",4.41000000,1.77983907920000e+01,,3.2300000000,,,,0.690000,,1,1,"Microlensing",2022
"HD 6860 b","HD 6860",11.90000000,,663.87000000000,2.0300000000,1196.06,406.4355,3802.00,2.490000,86.400000,1,1,"Radial Velocity",2023
"TOI-1470 c","TOI-1470",2.47000000,7.24000000000000e+00,18.08816000000,0.1060000000,373.00,3.3500,3709.00,0.471000,0.469000,1,2,"Transit",2023
"K2-12 b","K2-12",2.44000000,5.20000000000000e+00,8.28246000000,0.0792000000,1026.00,185.0000,5672.00,0.965000,1.117000,1,1,"Transit",2015
"OGLE-2018-BLG-1212L b","OGLE-2018-BLG-1212L",9.32000000,6.35656814000000e+01,,1.6800000000,,,,0.160000,,1,1,"Microlensing",2022
"GJ 649 b","GJ 649",10.80000000,,600.10000000000,1.1120000000,120.74,0.0352,3734.00,0.510000,0.500000,1,1,"Radial Velocity",2009
"HD 36384 b","HD 36384",12.70000000,,490.00000000000,1.3000000000,1032.58,229.7515,3940.00,1.140000,38.400000,1,1,"Radial Velocity",2023
"MWC 758 c","MWC 758",,,,100.0000000000,500.00,0.0010,7314.00,1.500000,2.014460,1,1,"Imaging",2023
"K2-2016-BLG-0005L b","K2-2016-BLG-0005L",13.70000000,3.49611247700000e+02,4700.00000000000,4.1600000000,,,,0.584000,,1,1,"Microlensing",2023
"GJ 849 b","GJ 849",13.90000000,,1925.31000000000,2.3200000000,73.63,0.0048,3467.00,0.450000,0.450000,1,2,"Radial Velocity",2006
"GJ 849 c","GJ 849",13.80000000,,5990.00000000000,4.9500000000,50.41,0.0010,3467.00,0.450000,0.450000,1,2,"Radial Velocity",2014
"Kepler-68 b","Kepler-68",2.35700000,8.03000000000000e+00,5.39875259000,0.0613500000,1275.00,441.0000,5847.00,1.057000,1.256400,2,4,"Transit",2013
"Kepler-107 d","Kepler-107",0.86000000,7.70000000000000e+00,7.95839000000,0.0837700000,1173.00,315.0000,5854.00,1.238000,1.447000,1,4,"Transit",2014
"TOI-139 b","TOI-139",2.45660000,,11.07085000000,,561.17,22.4219,4570.00,0.690000,0.700700,1,1,"Transit",2023
"HD 62364 b","HD 62364",12.10000000,5.96563919939000e+03,5138.00000000000,6.1500000000,143.96,0.0720,6255.00,1.157000,1.401000,1,2,"Radial Velocity",2022
"BD-210397 b","BD-210397",14.00000000,,1891.00000000000,2.6300000000,104.11,0.0200,4051.00,0.679000,0.747000,1,2,"Radial Velocity",2023
"KMT-2022-BLG-0371L b","KMT-2022-BLG-0371L",10.90000000,8.26353858200000e+01,,3.0200000000,,,,0.630000,,1,1,"Microlensing",2023
"WASP-79 b","WASP-79",17.14974047,2.70154145950000e+02,3.66239200000,0.0519000000,1716.20,1645.9887,6600.00,1.390000,1.510000,1,1,"Transit",2012
"Kepler-454 d","Kepler-454",13.30000000,,4073.00000000000,5.1000000000,125.37,0.0434,5687.00,1.030000,1.066000,2,3,"Radial Velocity",2023
"HD 74698 b","HD 74698",5.12000000,,15.01700000000,0.1210000000,925.57,123.0000,5783.00,1.039000,1.333000,1,2,"Radial Velocity",2023
"HD 74698 c","HD 74698",14.00000000,,3449.00000000000,4.5000000000,151.77,0.0880,5783.00,1.039000,1.333000,1,2,"Radial Velocity",2023
"GJ 9404 b","GJ 9404",3.48000000,,13.45860000000,0.0943000000,473.50,11.2454,3811.00,0.620000,0.626041,1,1,"Radial Velocity",2023
"GJ 832 b","GJ 832",13.80000000,3.14650122930000e+02,3853.00000000000,3.7000000000,57.84,0.0019,3472.00,0.450000,0.441557,1,1,"Radial Velocity",2008
"Kepler-323 c","Kepler-323",1.57000000,6.80000000000000e+00,3.55382290000,0.0458000000,1431.00,700.0000,6004.00,1.015000,1.120000,1,2,"Transit",2014
"TOI-5803 b","TOI-5803",3.27320000,,5.38305000000,,678.87,73.7220,5134.00,0.870000,0.762500,1,1,"Transit",2023
"KMT-2019-BLG-1216L b","KMT-2019-BLG-1216L",5.98000000,2.98758702580000e+01,,2.4400000000,,,,0.390000,,1,1,"Microlensing",2023
"TOI-1680 b","TOI-1680",1.46600000,,4.80263450000,0.0314400000,404.00,4.4100,3225.00,0.179800,0.210600,1,1,"Transit",2023
"HD 100777 b","HD 100777",13.70000000,3.90928940610000e+02,383.00000000000,1.0600000000,264.28,0.9345,5533.00,1.080000,1.040000,1,1,"Radial Velocity",2007
"HD 215497 c","HD 215497",13.00000000,1.11239942450000e+02,566.00000000000,1.3100000000,198.60,0.2267,5113.00,0.920000,0.850000,1,2,"Radial Velocity",2009
"Kepler-107 c","Kepler-107",1.59700000,1.00000000000000e+01,4.90145200000,0.0606400000,1378.00,602.0000,5854.00,1.238000,1.447000,1,4,"Transit",2014
"K2-3 b","K2-3",2.07800000,5.11000000000000e+00,10.05465350000,0.0747000000,501.30,10.5000,3844.00,0.549000,0.546000,1,3,"Transit",2015
"Kepler-107 b","Kepler-107",1.53600000,3.80000000000000e+00,3.18002180000,0.0454400000,1592.00,1073.0000,5854.00,1.238000,1.447000,1,4,"Transit",2014
"HD 167677 b","HD 167677",13.20000000,9.05810959950000e+02,1820.00000000000,2.8770000000,151.90,0.0891,5474.00,0.960000,0.952710,1,1,"Radial Velocity",2023
"HD 165131 b","HD 165131",12.10000000,5.94339121090000e+03,2342.60000000000,3.5400000000,155.20,0.0967,5870.00,1.060000,1.064190,1,1,"Radial Velocity",2023
"HIP 39017 b","HIP 39017",12.00000000,7.50075040520000e+03,31000.00000000000,22.1000000000,91.06,0.0115,7201.00,1.520000,1.519870,1,1,"Imaging",2024
"omi UMa b","omi UMa",13.00000000,,1569.81000000000,3.6910000000,473.88,8.4795,5075.00,2.720000,13.840000,2,1,"Radial Velocity",2012
"omi CrB b","omi CrB",13.70000000,,187.01000000000,0.6990000000,947.65,135.8368,4769.00,1.300000,11.870000,1,1,"Radial Velocity",2012
"TOI-544 b","TOI-544",2.01800000,2.89000000000000e+00,1.54835200000,0.0225000000,999.00,240.1950,4169.00,0.631000,0.623000,1,2,"Transit",2022
"Teegarden's Star d","Teegarden's Star",0.95400000,,26.13000000000,0.0791000000,159.00,0.1200,3034.00,0.097000,0.120000,1,3,"Radial Velocity",2024
"TOI-782 b","TOI-782",2.73400000,1.91000000000000e+01,8.02400150000,0.0578000000,435.00,5.9100,3370.00,0.397000,0.413000,1,1,"Transit",2024
"HD 4732 c","HD 4732",13.10000000,,3184.20000000000,4.7250000000,243.69,0.5881,4898.00,1.390000,5.030000,2,2,"Radial Velocity",2012
"HD 4732 b","HD 4732",13.40000000,,371.74000000000,1.1290000000,498.53,10.3009,4898.00,1.390000,5.030000,2,2,"Radial Velocity",2012
"ome Ser b","ome Ser",14.00000000,,278.59000000000,0.8380000000,824.94,77.1527,4724.00,1.010000,10.990000,2,1,"Radial Velocity",2013
"TOI-2010 b","TOI-2010",11.81426566,4.08727331402000e+02,141.83402500000,0.5516000000,400.20,4.0900,5929.00,1.112000,1.079000,1,1,"Transit",2023
"TOI-1273 b","TOI-1273",11.09689089,7.05579063540000e+01,4.63129600000,0.0549000000,1211.00,225.0130,5690.00,1.060000,1.060000,1,1,"Transit",2024
"TOI-904 b","TOI-904",2.42600000,,10.87720000000,0.0560000000,429.43,8.3169,3770.20,0.557000,0.527000,1,2,"Transit",2023
"KMT-2023-BLG-0469L b","KMT-2023-BLG-0469L",7.04000000,3.94107224680000e+01,,2.3100000000,,,,0.470000,,1,1,"Microlensing",2024
"HD 2952 b","HD 2952",13.90000000,,312.08000000000,1.1170000000,731.02,46.9588,4853.00,1.910000,10.900000,1,1,"Radial Velocity",2013
"TOI-2416 b","TOI-2416",9.86390302,9.53485221000000e+02,8.27547900000,0.0831000000,1080.00,130.9300,5808.00,1.118000,1.236000,1,1,"Transit",2023
"TOI-2373 b","TOI-2373",10.42435205,2.95580418510000e+03,13.33668000000,0.1120000000,860.00,69.8726,5651.00,1.041000,1.102000,1,1,"Transit",2023
"TOI-904 c","TOI-904",2.16700000,,83.99970000000,0.3120000000,217.26,0.5449,3770.20,0.557000,0.527000,1,2,"Transit",2023
"TOI-4860 b","TOI-4860",8.70000000,8.67000000000000e+01,1.52275910000,0.0180800000,694.00,42.5000,3260.00,0.340000,0.358000,1,1,"Transit",2023
"TOI-4633 c","TOI-4633",3.20000000,1.23000000000000e+02,271.94450000000,0.8470000000,268.57,1.5600,5800.00,1.100000,1.050000,2,1,"Transit",2024
"gam Lib b","gam Lib",13.70000000,,414.88000000000,1.3190000000,720.78,45.3740,4879.00,1.780000,12.380000,1,2,"Radial Velocity",2018
"KMT-2021-BLG-1770L b","KMT-2021-BLG-1770L",12.10000000,6.67439654700000e+03,,0.9000000000,,,,0.130000,,1,1,"Microlensing",2023
"OGLE-2019-BLG-1180L b","OGLE-2019-BLG-1180L",13.50000000,5.55246227029000e+02,,5.1900000000,,,,0.545000,,1,1,"Microlensing",2023
"HD 47366 b","HD 47366",13.40000000,,360.08000000000,1.2070000000,577.05,17.9154,4866.00,1.810000,7.300000,1,2,"Radial Velocity",2016
"HD 47366 c","HD 47366",13.50000000,,677.53000000000,1.8400000000,467.37,7.7091,4866.00,1.810000,7.300000,1,2,"Radial Velocity",2016
"Kepler-100 e","Kepler-100",5.27000000,,60.88858800000,0.3123915860,621.73,25.4128,5884.00,1.097000,1.500000,1,4,"Radial Velocity",2023
"NGTS-27 b","NGTS-27",15.64773706,1.88472245351000e+02,3.37041810000,0.0446000000,1783.00,1680.0000,5700.00,1.070000,1.770000,1,1,"Transit",2024
"HD 134606 d","HD 134606",7.59000000,,966.50000000000,1.9410000000,207.68,0.3082,5576.00,1.046000,1.158000,1,5,"Radial Velocity",2024
"HATS-2 b","HATS-2",12.57647635,4.35424917590000e+02,1.35413379000,0.0231700000,1550.00,950.0563,5227.00,0.904000,0.876000,1,1,"Transit",2013
"gam Cep b","gam Cep",12.70000000,2.09766748620000e+03,913.00000000000,2.1300000000,343.48,2.6076,4775.00,1.270000,4.740000,2,1,"Radial Velocity",2003
"TOI-5398 c","TOI-5398",3.52000000,1.18000000000000e+01,4.77271000000,0.0570000000,1242.00,370.6030,6000.00,1.146000,1.051000,1,2,"Transit",2023
"HD 134606 f","HD 134606",2.24000000,,26.91500000000,0.1784000000,685.04,36.4790,5576.00,1.046000,1.158000,1,5,"Radial Velocity",2024
"HD 134606 e","HD 134606",1.33000000,,4.32030000000,0.0527000000,1260.39,418.0334,5576.00,1.046000,1.158000,1,5,"Radial Velocity",2024
"TOI-238 c","TOI-238",2.18000000,6.70000000000000e+00,8.46565100000,0.0749000000,696.00,58.3000,5059.00,0.790000,0.733000,1,2,"Radial Velocity",2024
"2MASS J11550485-7919108 b","2MASS J11550485-7919108",12.10000000,6.35656814000000e+03,,587.0000000000,2506.00,0.0000,3021.00,0.588460,0.600455,1,1,"Imaging",2024
"2MASS J21252752-8138278 b","2MASS J21252752-8138278",12.40000000,3.81394088400000e+03,,7493.0000000000,1616.00,0.0000,3592.00,0.643977,0.672832,1,1,"Imaging",2024
"Kepler-1513 c","Kepler-1513",11.00000000,8.45423562620000e+01,841.40000000000,,,,5491.00,0.943000,0.950000,1,2,"Transit Timing Variations",2023
"HIP 66074 b","HIP 66074",12.90000000,1.58914203500000e+03,310.90000000000,0.7990000000,192.69,0.2381,4300.00,0.705000,0.690000,1,1,"Astrometry",2023
"HAT-P-19 b","HAT-P-19",11.29865255,8.80384687390000e+01,4.00878322000,0.0459900000,981.20,154.0000,4962.00,0.807000,0.773000,1,1,"Transit",2010
"Kepler-849 b","Kepler-849",8.08167508,2.98758702580000e+02,394.62508000000,1.1370000000,362.70,2.8600,5950.00,1.259000,1.822000,1,1,"Transit",2016
"TOI-1853 b","TOI-1853",3.46000000,7.32000000000000e+01,1.24362580000,0.0213000000,1479.00,435.3300,4985.00,0.837000,0.808000,1,1,"Transit",2023
"TOI-5126 b","TOI-5126",4.74000000,,5.45883850000,0.0651900000,1442.00,467.0000,6150.00,1.240000,1.241000,1,2,"Transit",2023
"Kepler-1513 b","Kepler-1513",8.59400000,4.83099178640000e+01,160.88420000000,0.5697100000,346.00,2.2300,5491.00,0.943000,0.950000,1,2,"Transit",2016
"HAT-P-51 b","HAT-P-51",13.50682174,9.75733209490000e+01,4.21802091000,0.0504200000,1168.20,310.0000,5453.00,0.961000,0.995000,1,1,"Transit",2015
"Kepler-553 c","Kepler-553",11.57887706,2.12945032690000e+03,328.24017000000,0.8980000000,251.00,0.5890,5191.00,0.889000,0.902000,1,2,"Transit",2016
"Kepler-111 c","Kepler-111",7.08407580,2.22479884900000e+02,224.77833000000,0.7510000000,352.20,2.4800,5914.00,1.118000,1.145000,1,2,"Transit",2014
"14 And b","14 And",13.10000000,,186.76000000000,0.7750000000,909.92,115.1634,4888.00,1.780000,11.550000,1,1,"Radial Velocity",2008
"18 Del b","18 Del",12.50000000,,982.85000000000,2.4760000000,452.72,7.0173,4980.00,2.100000,8.800000,2,1,"Radial Velocity",2008
"GJ 724 b","GJ 724",3.27000000,,5.10128400000,0.0468500000,611.00,23.3200,3799.00,0.527100,0.522260,1,1,"Radial Velocity",2023
"KMT-2019-BLG-0335L b","KMT-2019-BLG-0335L",12.10000000,6.67439654700000e+03,,1.6400000000,,,,0.320000,,1,1,"Microlensing",2023
"Kepler-553 b","Kepler-553",4.74139884,1.16007368555000e+02,4.03046700000,0.0476600000,1089.00,235.0000,5191.00,0.889000,0.902000,1,2,"Transit",2016
"6 Lyn b","6 Lyn",13.40000000,,919.86000000000,2.0280000000,371.86,3.1949,4941.00,1.320000,4.940000,1,1,"Radial Velocity",2008
"4 UMa b","4 UMa",12.60000000,,270.27000000000,0.8770000000,967.44,150.0929,4415.00,1.234000,18.110000,1,1,"Radial Velocity",2006
"TOI-4641 b","TOI-4641",8.18255591,1.22999593509000e+03,22.09341000000,0.1730000000,950.11,192.5802,6560.00,1.410000,1.720000,1,1,"Transit",2023
"CI Tau c","CI Tau",13.00000000,,25.20000000000,0.1700000000,610.62,19.2542,3807.00,0.900000,1.880857,1,1,"Radial Velocity",2024
"TOI-1994 b","TOI-1994",13.67495645,7.02400779470000e+03,4.03371420000,0.0613000000,2290.00,1910.2600,7700.00,1.860000,2.300000,1,1,"Transit",2024
"TOI-4515 b","TOI-4515",12.17000000,6.37000000000000e+02,15.26644600000,0.1180000000,705.00,42.2987,5433.00,0.949000,0.860000,1,1,"Transit",2024
"M62H b","M62H",,7.85036165290000e+02,0.13293502800,,,,,1.400000,,1,1,"Pulsar Timing",2024
"HD 145457 b","HD 145457",13.20000000,,176.13000000000,0.7620000000,826.81,77.8446,4757.00,1.900000,9.900000,1,1,"Radial Velocity",2010
"HD 167042 b","HD 167042",13.60000000,,417.67000000000,1.2200000000,462.08,7.6592,4919.00,1.390000,4.630000,1,1,"Radial Velocity",2007
"LHS 1678 c","LHS 1678",0.94100000,1.40000000000000e+00,3.69428400000,0.0327000000,510.90,13.5000,3490.00,0.345000,0.329000,2,3,"Transit",2021
"HD 173416 b","HD 173416",13.40000000,,322.03000000000,1.1580000000,771.03,58.1544,4683.00,2.000000,13.500000,1,1,"Radial Velocity",2008
"HD 32518 b","HD 32518",13.20000000,,157.35000000000,0.5940000000,916.07,131.2791,4580.00,1.130000,10.220000,1,1,"Radial Velocity",2009
"HS Psc b","HS Psc",13.60000000,,3.98600000000,0.0435000000,783.44,64.4735,4203.00,0.690000,0.650000,1,1,"Radial Velocity",2024
"HD 81688 b","HD 81688",13.50000000,,183.93000000000,0.6480000000,958.66,143.6043,4797.00,1.070000,11.130000,1,1,"Radial Velocity",2007
"kap CrB b","kap CrB",13.30000000,6.89691100000000e+02,1253.68000000000,2.5000000000,319.32,1.7376,4840.00,1.330000,4.680000,1,1,"Radial Velocity",2007
"KMT-2021-BLG-1547L b","KMT-2021-BLG-1547L",13.60000000,4.67207758290000e+02,,4.5000000000,,,,0.720000,,1,1,"Microlensing",2023
"TOI-4559 b","TOI-4559",1.41500000,,3.96599100000,0.0359000000,554.16,15.7700,3558.00,0.392000,0.374000,1,1,"Transit",2024
"11 Com b","11 Com",12.20000000,,323.21000000000,1.1780000000,803.26,68.5387,4874.00,2.090000,13.760000,2,1,"Radial Velocity",2007
"nu Oph b","nu Oph",12.00000000,7.05773298000000e+03,529.93000000000,1.7650000000,620.57,25.1924,4887.00,2.610000,12.240000,1,2,"Radial Velocity",2012
"TOI-4377 b","TOI-4377",15.10970598,3.04161785499000e+02,4.37808100000,0.0579000000,1162.08,430.9826,4974.00,1.360000,3.520000,1,1,"Transit",2023
"KMT-2023-BLG-0416L b","KMT-2023-BLG-0416L",3.67000000,1.30309646870000e+01,,2.9600000000,,,,0.630000,,1,1,"Microlensing",2024
"HD 76920 b","HD 76920",13.10000000,,415.89100000000,1.0910000000,621.44,24.7841,4664.00,1.000000,8.330000,1,1,"Radial Velocity",2017
"75 Cet b","75 Cet",13.30000000,,696.62000000000,1.9120000000,540.31,14.1750,4809.00,1.920000,10.380000,2,2,"Radial Velocity",2012
"LHS 3154 b","LHS 3154",3.69000000,,3.71778000000,0.0226200000,343.83,3.7134,2861.00,0.111800,0.140500,1,1,"Radial Velocity",2023
"TOI-1269 b","TOI-1269",2.40144286,6.40000000000000e+00,4.25299130000,0.0496000000,1004.90,231.2034,5499.00,0.902700,0.852100,1,2,"Transit",2024
"Kepler-23 d","Kepler-23",2.20600000,4.44000000000000e+00,15.27000000000,0.1201200000,896.00,161.0380,5828.00,1.078000,1.548000,1,3,"Transit",2014
"TOI-3919 b","TOI-3919",12.31866979,1.23317421916000e+03,7.43323400000,0.0795000000,1198.00,184.3220,6100.00,1.208000,1.319000,1,1,"Transit",2024
"TOI-1288 b","TOI-1288",4.96846551,4.41000000000000e+01,2.69982790000,0.0374000000,1203.44,1198.4100,5388.00,0.955200,0.958300,1,2,"Transit",2022
"GJ 238 b","GJ 238",0.56600000,,1.74469990000,0.0212300000,758.00,229.4579,3485.00,0.419300,0.431400,1,1,"Transit",2024
"Kepler-49 c","Kepler-49",2.44400000,8.38000000000000e+00,10.91000000000,0.0782100000,443.00,12.3410,4095.60,0.607000,0.618000,1,4,"Transit",2012
"TOI-5301 b","TOI-5301",13.09208946,1.18232167404000e+03,5.85885800000,0.0730000000,1648.00,429.7940,6240.00,1.483000,2.190000,1,1,"Transit",2024
"TOI-5232 b","TOI-5232",12.77823800,7.43718472380000e+02,4.09666920000,0.0559300000,1772.00,1193.8600,6500.00,1.389000,1.785000,1,1,"Transit",2024
"TOI-1410.01","TOI-1410",3.10083009,1.25000000000000e+01,1.21687000000,0.0207000000,1236.70,565.5415,4635.00,0.794100,0.755800,1,2,"Transit",2024
"TOI-1386 b","TOI-1386",6.21638650,4.58000000000000e+01,25.84010000000,0.1730000000,615.03,34.6800,5735.00,1.036300,1.023500,1,2,"Transit",2024
"TOI-6029 b","TOI-6029",14.39233122,5.19649445445000e+02,5.79870000000,,1484.00,806.7940,6223.00,1.548000,2.338000,1,1,"Transit",2024
"OGLE-2017-BLG-0448L b","OGLE-2017-BLG-0448L",4.08000000,1.56000000000000e+01,,5.7500000000,,,,0.500000,,1,1,"Microlensing",2024
"Kepler-128 c","Kepler-128",1.52100000,3.38000000000000e+00,22.80000000000,0.1651700000,843.00,130.9790,6072.00,1.184000,1.659000,1,2,"Transit",2013
"TOI-1451 b","TOI-1451",2.61143902,1.52000000000000e+01,16.53794400000,0.1270000000,723.33,53.0216,5801.00,1.002200,1.016200,1,1,"Transit",2024
"TIC 4672985 b","TIC 4672985",11.50041420,4.04913390518000e+03,69.04800000000,0.3300000000,517.20,11.9376,5757.00,1.010000,1.150000,1,1,"Transit",2024
"TOI-5218 b","TOI-5218",9.86000000,6.57000000000000e+02,4.29145200000,0.0469000000,783.00,62.0000,4230.00,0.739000,0.708000,1,1,"Transit",2024
"Kepler-305 d","Kepler-305",2.76000000,6.20000000000000e+00,16.74000000000,0.1209100000,576.00,25.5230,5090.00,0.827000,0.792000,1,4,"Transit",2014
"TOI-1601 b","TOI-1601",14.19902343,3.87000000000000e+02,5.33175000000,0.0690000000,1493.97,1071.4200,5982.00,1.505500,2.195000,1,1,"Transit",2021
"TOI-1444 b","TOI-1444",1.41792246,3.58000000000000e+00,0.47027430000,0.0116000000,2130.02,5028.6263,5460.00,0.951300,0.910500,1,1,"Transit",2021
"TOI-1736 b","TOI-1736",3.18175535,1.23000000000000e+01,7.07307600000,0.0730000000,1099.79,329.6000,5636.00,1.037300,1.428600,1,2,"Transit",2023
"TOI-5634 A b","TOI-5634 A",10.42000000,5.88000000000000e+02,2.20353730000,0.0272000000,837.00,77.0000,3896.00,0.556000,0.540000,2,1,"Transit",2024
"TOI-1683.01","TOI-1683",2.63820000,,3.05753560000,0.0365075930,929.25,163.0560,4402.00,0.694661,0.700000,1,1,"Transit",2024
"TOI-1298 b","TOI-1298",9.65807033,9.90000000000000e+01,4.53714300000,0.0570000000,1278.00,732.0077,5752.00,1.218700,1.453600,1,1,"Transit",2021
"TOI-1751 b","TOI-1751",2.95078450,1.95000000000000e+01,37.46852000000,0.2150000000,651.64,192.5210,5970.00,0.938200,1.313700,1,1,"Transit",2024
"K2-419 A b","K2-419 A",10.55000000,1.96000000000000e+02,20.35847252000,0.1208000000,377.00,3.3000,3711.00,0.562000,0.541000,2,1,"Transit",2024
"HIP 97166 b","HIP 97166",2.48013380,1.91000000000000e+01,10.28891400000,0.0910000000,701.66,9.0686,5216.00,0.934200,0.841800,1,2,"Transit",2021
"TOI-1776 b","TOI-1776",1.21612741,1.40000000000000e+00,2.79986800000,0.0378000000,1269.21,560.3349,5785.00,0.919600,0.935600,1,1,"Transit",2024
"Kepler-963 c","Kepler-963",0.60000000,,0.91978300000,,,,5169.47,0.821000,0.928000,1,2,"Transit",2024
"OGLE-2023-BLG-0836L b","OGLE-2023-BLG-0836L",12.90000000,1.38573185452000e+03,,3.7000000000,,,,0.710000,,2,1,"Microlensing",2024
"BD-14 3065 b","BD-14 3065 A",21.59000000,3.93200000000000e+03,4.28897310000,0.0656000000,2001.00,646.7610,6935.00,1.410000,2.350000,3,1,"Transit",2024
"HIP 97166 c","HIP 97166",2.75000000,,16.43200000000,0.1240000000,642.00,30.7622,5216.00,0.934200,0.841800,1,2,"Radial Velocity",2021
"TOI-1794 b","TOI-1794",3.29701268,8.70000000000000e+00,8.76552800000,0.0820000000,992.91,228.9130,5631.00,0.969800,1.316200,1,1,"Transit",2024
"2MASS J03590986+2009361 b","2MASS J03590986+2009361",12.20000000,5.72091132600000e+03,,572.0000000000,2369.00,0.0000,2943.00,0.264996,0.289776,1,1,"Imaging",2024
"TOI-663 c","TOI-663",2.26000000,3.65000000000000e+00,4.69555070000,0.0437000000,553.00,22.3000,3681.00,0.514000,0.512000,1,3,"Transit",2024
"TOI-1246 c","TOI-1246",2.45109846,9.10000000000000e+00,5.90413700000,0.0610000000,862.49,129.0000,5213.00,0.888900,0.864900,1,4,"Transit",2022
"TOI-1842 b","TOI-1842",12.34850230,8.94000000000000e+01,9.57391810000,0.1000000000,1199.55,354.6390,6039.00,1.464300,2.032000,1,1,"Transit",2021
"TOI-1824 b","TOI-1824",2.74382690,1.60000000000000e+01,22.80853300000,0.1510000000,528.67,14.6287,5165.00,0.880100,0.812300,1,1,"Transit",2024
"HIP 77900 b","HIP 77900",12.10000000,6.67439654700000e+03,,3319.0000000000,2507.00,,13646.00,,,1,1,"Imaging",2024
"2MASS J11011926-7732383 b","2MASS J11011926-7732383",11.90000000,8.89919539600000e+03,,266.0000000000,2677.00,,,,,1,1,"Imaging",2024
"SPECULOOS-3 b","SPECULOOS-3",0.97700000,,0.71912603000,0.0073300000,553.00,15.5400,2800.00,0.100900,0.123000,1,1,"Transit",2024
"KMT-2023-BLG-1431L b","KMT-2023-BLG-1431L",3.76000000,1.36000000000000e+01,,3.2000000000,,,,0.570000,,1,1,"Microlensing",2024
"TOI-3071 b","TOI-3071",7.16000000,6.82000000000000e+01,1.26693800000,0.0249000000,2155.00,2579.6100,6177.00,1.290000,1.310000,1,1,"Transit",2024
"TOI-1246 e","TOI-1246",3.51418750,1.45000000000000e+01,37.92548000000,0.2120000000,463.98,11.0000,5213.00,0.888900,0.864900,1,4,"Transit",2022
"TOI-2019 b","TOI-2019",5.33275337,3.44000000000000e+01,15.34440000000,0.1280000000,917.46,126.0520,5626.00,1.183200,1.745700,1,1,"Transit",2024
"TIC 139270665 c","TIC 139270665",12.90000000,,1010.00000000000,2.0000000000,200.00,0.2100,5844.00,1.035000,1.016000,1,2,"Radial Velocity",2024
"HD 48948 b","HD 48948",2.06000000,,7.34013000000,0.0652000000,957.00,138.8500,4593.00,0.686000,0.679000,1,3,"Radial Velocity",2024
"HD 93963 A c","HD 93963 A",3.11976057,1.84000000000000e+01,3.64513890000,0.0472600000,1212.45,543.8000,5908.00,1.084400,1.031100,2,2,"Transit",2022
"HD 93963 A b","HD 93963 A",1.46954368,2.80000000000000e+00,1.03761090000,0.0206100000,1842.23,2898.0000,5908.00,1.084400,1.031100,2,2,"Transit",2022
"TOI-815 c","TOI-815",2.62000000,2.35000000000000e+01,34.97614500000,0.1930000000,469.00,8.0300,4869.00,0.776000,0.770000,2,2,"Transit",2024
"HD 48948 c","HD 48948",2.60000000,,38.06000000000,0.1951000000,553.00,15.5000,4593.00,0.686000,0.679000,1,3,"Radial Velocity",2024
"HD 48948 d","HD 48948",3.24000000,,151.92000000000,0.4894000000,349.00,2.4600,4593.00,0.686000,0.679000,1,3,"Radial Velocity",2024
"HIP 8152 c","HIP 8152",2.52442508,1.07000000000000e+01,19.60562000000,0.1390000000,650.68,39.9000,5618.00,0.937300,0.960300,1,2,"Transit",2023
"HIP 8152 b","HIP 8152",2.53625843,8.90000000000000e+00,10.75101400000,0.0930000000,794.96,88.9000,5618.00,0.937300,0.960300,1,2,"Transit",2023
"TOI-1669 b","TOI-1669",14.10000000,,500.00000000000,1.2700000000,241.72,0.5710,5497.00,0.986700,1.056100,1,2,"Radial Velocity",2023
"OGLE-2014-BLG-0221L b","OGLE-2014-BLG-0221L",12.90000000,1.38255357045000e+03,,3.7600000000,,,,0.690000,,1,1,"Microlensing",2024
"TOI-329 b","TOI-329",4.94057819,4.04000000000000e+01,5.70439000000,0.0638000000,1213.02,576.8749,5614.00,1.067800,1.532600,1,1,"Transit",2024
"TOI-480 b","TOI-480",2.85372018,2.08000000000000e+01,6.86619600000,0.0770000000,1198.94,531.5210,6174.00,1.279300,1.487700,1,1,"Transit",2024
"TOI-1410 c","TOI-1410",5.63000000,,47.56000000000,0.2390000000,397.45,4.1841,4635.00,0.794100,0.755800,1,2,"Radial Velocity",2024
"TOI-757 b","TOI-757",2.50000000,1.05000000000000e+01,17.46819000000,0.1220000000,641.00,24.3644,5278.00,0.800000,0.780000,1,1,"Transit",2024
"GJ 900 b","GJ 900 A",12.40000000,3.49611247700000e+03,,12000.0000000000,1.48,0.0000,3976.00,1.080000,0.716187,3,1,"Imaging",2024
"TOI-1450 A c","TOI-1450 A",1.13000000,,5.06880000000,,533.00,,3437.00,0.480000,0.483000,2,2,"Transit",2024
"TOI-1855 b","TOI-1855",18.49481816,3.60099585131000e+02,1.36414864000,0.0239800000,1701.00,852.1620,5359.00,0.987000,1.041000,1,1,"Transit",2024
"TOI-3261 b","TOI-3261",3.82000000,3.03000000000000e+01,0.88313310000,0.0171400000,1722.00,1466.0000,5068.00,0.861000,0.849000,1,1,"Transit",2024
"TOI-669 b","TOI-669",2.58606487,1.00000000000000e+01,3.94515200000,0.0480000000,1124.85,388.2000,5597.00,0.924500,0.988200,1,1,"Transit",2023
"HD 25463 b","HD 25463",2.54535814,8.70000000000000e+00,7.04914230000,0.0760000000,1198.46,461.4000,6353.00,1.251000,1.418200,1,2,"Transit",2023
"HD 73344 b","HD 73344",2.88400000,1.04800000000000e+01,15.61100000000,0.1310000000,911.00,111.9729,6252.60,1.200000,1.220000,1,3,"Transit",2024
"TOI-2368 b","TOI-2368",10.83908434,2.06588464550000e+02,5.17500730000,0.0564900000,1000.00,162.7267,5360.00,0.897000,0.846000,1,1,"Transit",2024
"TOI-2107 b","TOI-2107",13.57407563,2.63797577810000e+02,2.45454670000,0.0351500000,1397.00,508.4680,5627.00,0.961000,0.932000,1,1,"Transit",2024
"TOI-1248 b","TOI-1248",6.80848590,2.74000000000000e+01,4.36015610000,0.0510000000,952.09,202.0739,5205.00,0.904200,0.868600,1,1,"Transit",2024
"TOI-837 b","TOI-837",9.16894621,1.20456966253000e+02,8.32491130000,0.0888000000,995.30,164.0000,5995.00,1.142000,1.052000,1,1,"Transit",2020
"SWEEPS-11 b","SWEEPS-11",12.66600000,3.08282000000000e+03,1.79600000000,0.0300000000,,,,1.100000,1.450000,1,1,"Transit",2006
"Kepler-24 c","Kepler-24",2.51400000,9.99000000000000e+00,12.33000000000,0.1061200000,915.00,144.8270,6028.00,1.060000,1.099000,1,4,"Transit",2011
"Kepler-57 b","Kepler-57",3.13500000,2.50600000000000e+01,5.72000000000,0.0598800000,850.00,124.3490,5187.90,0.859000,0.826000,1,2,"Transit",2012
"TOI-3894 b","TOI-3894",15.27784069,2.60619293740000e+02,4.33454000000,0.0535400000,1531.00,546.9030,6000.00,1.138000,1.502000,1,1,"Transit",2024
"TOI-3321 b","TOI-3321",15.55806521,1.76076937478000e+02,3.65251450000,0.0470000000,1616.00,967.9190,5850.00,1.041000,1.549000,1,1,"Transit",2024
"TOI-1744.01","TOI-1744",2.68000000,,22.34170292700,0.1640860000,598.00,63.3100,6179.00,1.180000,1.140000,1,1,"Transit",2024
"K2-360 c","EPIC 201595106",4.02000000,,9.79692000000,0.0883000000,912.00,115.0000,5679.00,0.958000,0.980000,1,2,"Radial Velocity",2024
"WASP-132 b","WASP-132",10.09929161,1.36030558196000e+02,7.13351640000,0.0674000000,682.00,58.5000,4686.00,0.789000,0.758000,1,3,"Transit",2016
"TOI-469.01","TOI-469",3.41000000,9.10000000000000e+00,13.63082050000,0.1110000000,716.00,74.7000,5289.00,0.901000,0.980000,1,3,"Transit",2021
"K2-260 b","K2-260",18.41635529,5.46664860040000e+02,2.62669762000,0.0439200000,2090.00,2520.0300,6860.00,1.637000,1.755000,1,1,"Transit",2018
"K2-237 b","K2-237",16.06246934,4.34153603962000e+02,2.18053332000,0.0355200000,1759.00,1860.0000,6180.00,1.256000,1.236000,1,1,"Transit",2018
"TOI-1772.01","TOI-1772",2.90500000,,8.05424687400,0.0783750000,877.67,140.9300,5583.00,0.990000,0.995000,1,1,"Transit",2024
"WASP-132 c","WASP-132",1.84100000,6.26000000000000e+00,1.01153624000,0.0183300000,1329.00,791.0000,4686.00,0.789000,0.758000,1,3,"Transit",2022
"BD-17 63 b","BD-17 63",12.80000000,1.63999458012000e+03,655.57000000000,1.3400000000,168.92,0.1169,4714.00,0.741000,0.740000,1,1,"Radial Velocity",2008
"K2-261 b","K2-261",9.26982704,6.89687643190000e+01,11.63346810000,0.1086000000,1036.00,180.0000,5490.00,1.107000,1.663000,1,1,"Transit",2018
"K2-321 b","K2-321",2.05124347,,2.29797490000,0.0283900000,830.00,68.5516,3750.00,0.578000,0.595000,1,1,"Transit",2020
"TOI-1777.01","TOI-1777",2.24600000,,14.65011197400,0.1194660000,580.00,71.3400,5859.00,1.060000,0.980000,1,1,"Transit",2024
"HD 20794 d","HD 20794",2.04000000,,89.68000000000,0.3625000000,388.00,5.2273,5368.00,0.790000,0.930000,1,4,"Radial Velocity",2011
"HD 175167 b","HD 175167",12.30000000,4.70386042360000e+03,1175.00000000000,2.4000000000,232.03,0.4960,5635.00,1.090000,1.750000,1,1,"Radial Velocity",2009
"Kepler-289 d","Kepler-289",3.03000000,5.33000000000000e+00,66.02820000000,0.3300000000,502.81,10.5675,5990.00,1.080000,1.000000,1,4,"Transit",2014
"Kepler-289 c","Kepler-289",11.23000000,1.57180000000000e+02,125.87230000000,0.5015500000,394.00,4.8820,5990.00,1.080000,1.000000,1,4,"Transit",2014
"K2-167 b","K2-167",2.36509493,6.50000000000000e+00,9.97854100000,0.0932000000,1220.00,317.0000,6310.00,1.084000,1.499000,1,1,"Transit",2018
"K2-265 b","K2-265",1.70824866,7.34183620170000e+00,2.36902000000,0.0335900000,1366.00,592.0000,5420.00,0.901000,0.920000,2,1,"Transit",2018
"Kepler-289 b","Kepler-289",2.49000000,3.70000000000000e+00,34.53830000000,0.2118300000,607.00,27.3710,5990.00,1.080000,1.000000,1,4,"Transit",2014
"KELT-24 b","KELT-24",12.71098411,1.45883238813000e+03,5.55149296000,0.0665000000,1391.00,624.0000,6426.00,1.268000,1.338000,2,1,"Transit",2019
"TOI-3568 b","TOI-3568",5.30000000,2.64000000000000e+01,4.41796500000,0.0485000000,899.00,130.1481,4969.00,0.780000,0.719000,1,1,"Transit",2024
"K2-57 b","K2-57",2.30905002,,9.00730000000,0.0752000000,635.80,24.1000,4413.00,0.699000,0.671000,1,1,"Transit",2016
"K2-54 b","K2-54",2.61169250,,9.78330000000,0.0761000000,560.00,6.1000,3990.00,0.615000,0.643000,1,1,"Transit",2016
"TOI-4638.01","TOI-4638",2.93300000,,10.28391878700,0.0930130000,779.83,87.8100,5700.00,1.020000,0.895000,1,1,"Transit",2024
"TOI-5076 b","TOI-5076",3.48935569,1.61456830756000e+01,23.44316200000,0.1481000000,550.00,12.8373,4780.00,0.789000,0.844000,2,1,"Transit",2024
"K2-77 b","K2-77",2.49960270,6.03877000000000e+02,8.20008440000,0.0753000000,806.00,58.0000,5160.00,0.847000,0.792000,1,1,"Transit",2016
"K2-180 b","K2-180",2.46597575,1.14100398113000e+01,8.86566300000,0.0756000000,797.50,48.3000,5365.00,0.735000,0.719000,1,1,"Transit",2018
"TOI-2458 c","TOI-2458",3.18000000,,16.55300000000,0.1290000000,922.76,131.8551,6005.00,1.050000,1.310000,1,2,"Radial Velocity",2024
"K2-97 b","K2-97",13.45077684,1.74487795443000e+02,8.40711500000,0.0854000000,1566.00,114.1490,4673.00,1.170000,4.140000,1,1,"Transit",2016
"K2-182 b","K2-182",2.71257333,2.09766748620000e+01,4.73696960000,0.0517400000,965.80,146.9000,5128.00,0.823000,0.789000,1,1,"Transit",2018
"NGTS-33 b","NGTS-33",18.38272835,1.15371711741000e+03,2.82797200000,0.0480000000,1991.00,2620.0000,7437.00,1.600000,1.470000,1,1,"Transit",2024
"Kepler-105 b","Kepler-105",2.53000000,1.08000000000000e+01,5.41220340000,0.0601600000,1418.00,341.8090,5933.00,0.991000,1.026000,1,2,"Transit",2013
"TOI-2537 b","TOI-2537",11.25381662,4.15401727949000e+02,94.10220000000,0.3715000000,338.00,7.4445,4870.00,0.771000,0.771000,1,2,"Transit",2024
"K2-98 b","K2-98",5.06645928,3.40076395490000e+01,10.13673490000,0.0986000000,1185.00,339.0000,6260.00,1.246000,1.518000,1,1,"Transit",2016
"K2-114 b","K2-114",10.59248676,6.38835098070000e+02,11.39093100000,0.0944000000,701.40,40.0000,4899.00,0.863000,0.832000,1,1,"Transit",2017
"TOI-4994 b","TOI-4994",8.54124329,8.89919539600000e+01,21.49198400000,0.1515000000,717.60,40.0000,5640.00,1.005000,1.055000,1,1,"Transit",2024
"Kepler-105 c","Kepler-105",1.44000000,5.60000000000000e+00,7.12592000000,0.0722900000,997.00,236.1670,5933.00,0.991000,1.026000,1,2,"Transit",2014
"TOI-2295 c","TOI-2295",12.80000000,,966.50000000000,2.0180000000,234.90,0.5059,5730.00,1.168000,1.459000,1,2,"Radial Velocity",2024
"TOI-5110 b","TOI-5110",11.98240037,9.21702380300000e+02,30.15857700000,0.2157000000,976.00,15.1027,6160.00,1.469000,2.333000,1,1,"Transit",2024
"TOI-2537 c","TOI-2537",12.70000000,,1920.00000000000,2.7800000000,123.10,0.0389,4870.00,0.771000,0.771000,1,2,"Radial Velocity",2024
"MOA-2008-BLG-310L b","MOA-2008-BLG-310L",5.18000000,2.34000000000000e+01,,1.1000000000,,,,0.210000,,1,1,"Microlensing",2009
"K2-115 b","K2-115",11.80305668,3.21006691070000e+02,20.27299140000,0.1415000000,696.00,20.4393,5870.00,0.918000,0.855000,1,1,"Transit",2017
"K2-277 b","K2-277",2.18575124,7.40000000000000e+00,6.32676800000,0.0664000000,1049.00,195.0000,5680.00,0.974000,0.973000,1,1,"Transit",2018
"TOI-406 c","TOI-406",1.32000000,2.08000000000000e+00,3.30744100000,0.0322000000,584.00,19.0000,3392.00,0.408000,0.410000,1,2,"Transit",2024
"TOI-5005 b","TOI-5005",6.25000000,3.27000000000000e+01,6.30850440000,0.0661400000,1040.00,226.0000,5749.00,0.970000,0.930000,1,1,"Transit",2024
"HD 86728 b","HD 86728",3.03000000,,31.15150000000,0.1916000000,687.36,37.1828,5610.00,0.967000,1.237000,1,1,"Radial Velocity",2025
"KMT-2021-BLG-2609L b","KMT-2021-BLG-2609L",3.17000000,1.01705090240000e+01,,2.3000000000,,,,0.200000,,1,1,"Microlensing",2024
"TOI-5688 A b","TOI-5688 A",10.30000000,1.24000000000000e+02,2.94815527000,0.0337900000,742.00,50.3000,3713.00,0.600000,0.570000,2,1,"Transit",2024
"HD 222237 b","HD 222237",12.80000000,1.64952943233000e+03,14892.00000000000,10.8000000000,58.74,0.0019,4751.00,0.760000,0.710000,1,1,"Radial Velocity",2024
"HD 21520 b","HD 21520",2.69700000,1.77000000000000e+01,25.12920000000,0.1726000000,637.00,25.7431,5871.00,1.090000,1.044000,1,1,"Transit",2024
"TOI-2768 b","TOI-2768",2.63000000,,1.50801000000,0.0270000000,855.00,89.0458,4008.00,0.630000,0.657000,1,1,"Transit",2024
"TOI-1174 b","TOI-1174",2.56200000,3.20000000000000e+01,8.95348768300,0.0799400000,713.83,52.0200,5030.00,0.850000,0.760000,1,1,"Transit",2024
"TOI-2981 b","TOI-2981",13.40000000,6.38000000000000e+02,3.60150100000,0.0480000000,1358.00,556.6160,5940.00,1.030000,1.080000,1,1,"Transit",2024
"TOI-1180 b","TOI-1180",3.07200000,1.00000000000000e+01,9.68676037800,0.0807990000,638.18,36.9700,4738.00,0.750000,0.730000,1,1,"Transit",2024
"OGLE-2016-BLG-1800L b","OGLE-2016-BLG-1800L",13.20000000,8.23175574130000e+02,,1.8800000000,,,,0.410000,,1,1,"Microlensing",2024
"TOI-5713 b","TOI-5713",1.77000000,,10.44198900000,0.0600800000,347.20,2.2554,3225.00,0.265300,0.299200,1,1,"Transit",2024
"TOI-6002 b","TOI-6002",1.65000000,,10.90482100000,0.0572200000,321.40,1.6823,3229.00,0.210100,0.243200,1,1,"Transit",2024
"HD 135694 b","HD 135694",2.85700000,6.10000000000000e+00,15.92347556800,0.1246950000,750.83,71.8000,5712.00,1.020000,1.080000,1,1,"Transit",2023
"TOI-1295 b","TOI-1295",15.69257298,4.51316337940000e+02,3.19688380000,0.0470000000,2360.00,1800.0000,6280.00,1.380000,1.700000,1,1,"Transit",2024
"TOI-6130 b","TOI-6130",14.34749530,3.33719827350000e+02,2.39267900000,0.0360000000,1750.00,1150.0000,6110.00,1.310000,1.510000,1,1,"Transit",2024
"TOI-1437 b","TOI-1437",2.24000000,9.60000000000000e+00,18.84094200000,0.1400000000,794.23,82.0000,6008.00,1.100000,1.170000,1,1,"Transit",2024
"HD 183579 b","HD 183579",3.49000000,2.04000000000000e+01,17.47129100000,0.1322000000,752.00,58.1000,5784.00,0.996000,0.960000,1,1,"Transit",2021
"KMT-2023-BLG-1866L b","KMT-2023-BLG-1866L",1.43000000,2.63000000000000e+00,,2.6300000000,,,,0.510000,,1,1,"Microlensing",2024
"K2-203 b","K2-203",1.26549392,,9.69520000000,0.0824000000,738.40,49.6336,5026.00,0.793000,0.765000,1,1,"Transit",2018
"TOI-6651 b","TOI-6651",5.09000000,6.10000000000000e+01,5.05697300000,0.0633000000,1493.00,817.0000,5940.00,1.323000,1.721000,1,1,"Transit",2024
"TOI-1630.01","TOI-1630",2.41700000,,12.05573473300,0.1011510000,584.00,55.5800,5504.00,0.950000,0.830000,1,1,"Transit",2024
"TOI-1467 b","TOI-1467",1.92000000,9.00000000000000e+00,5.97114713000,0.0507480000,506.07,18.1300,3834.00,0.489000,0.491000,1,1,"Transit",2024
"TOI-1659.01","TOI-1659",2.25500000,,5.87755632800,0.0657570000,1031.14,268.4400,5977.00,1.100000,1.006000,1,1,"Transit",2024
"HD 101581 c","HIP 56998",0.99000000,,6.20401000000,0.0573000000,747.00,52.0000,4675.00,0.653000,0.630000,1,2,"Transit",2025
"K2-208 b","K2-208",1.67462172,,4.19097000000,0.0487800000,1122.00,264.3425,5500.00,0.881000,0.872000,1,1,"Transit",2018
"TOI-1716.01","TOI-1716",3.14300000,,8.08237655400,0.0804960000,959.00,254.8300,5879.00,1.070000,1.240000,1,1,"Transit",2024
"TOI-6038 A b","TOI-6038 A",6.41000000,7.85000000000000e+01,5.82673110000,0.0690000000,1439.00,716.0000,6110.00,1.291000,1.648000,2,1,"Transit",2025
"HIP 116454 b","HIP 116454",2.46900000,9.70000000000000e+00,9.10041570000,0.0792000000,753.20,51.2858,5048.00,0.800000,0.758000,2,1,"Transit",2014
"TOI-2420 b","TOI-2420",15.02003414,2.94626933289000e+02,5.84264100000,0.0684000000,1571.60,1017.0000,5707.00,1.158000,2.369000,1,1,"Transit",2024
"K2-225 b","K2-225",3.60929179,,15.87230000000,0.1409000000,923.00,121.3934,5520.00,1.482000,1.700000,1,1,"Transit",2018
"TOI-1739 b","TOI-1739",1.94600000,,8.30334140600,0.0738720000,755.55,53.9100,4814.00,0.780000,0.781000,1,1,"Transit",2024
"HD 73344 d","HD 73344",13.20000000,8.10462437850000e+02,5823.00000000000,6.7000000000,126.51,0.0407,6148.00,1.190000,1.220000,1,3,"Radial Velocity",2025
"TOI-2485 b","TOI-2485",12.13932610,7.66602117684000e+02,11.23479000000,0.1093000000,1134.00,275.6000,6016.40,1.163000,1.720000,1,1,"Transit",2024
"K2-7 b","K2-7",4.03523305,,28.67810000000,0.1867000000,786.00,125.0000,5700.00,1.056000,1.533000,1,1,"Transit",2015
"HD 118203 c","HD 118203",12.40000000,3.74719691853000e+03,5103.00000000000,6.2800000000,146.00,0.1122,5742.00,1.270000,2.040000,1,2,"Radial Velocity",2024
"TOI-4734 b","TOI-4734",10.91754720,6.16587109580000e+01,6.23563300000,0.0740000000,1468.00,775.0000,6070.00,1.391000,1.857000,1,1,"Transit",2025
"TOI-1453 c","TOI-1453",2.22400000,2.95000000000000e+00,6.58869820000,,819.80,75.3000,4975.00,0.715000,0.720000,2,2,"Transit",2025
"TOI-3493 b","TOI-3493",3.22000000,8.97000000000000e+00,8.15946670000,,1102.00,245.0000,5844.00,1.023000,1.228000,1,1,"Transit",2025
"TOI-2969 b","TOI-2969",12.32987877,3.68680952120000e+02,1.82371460000,0.0261000000,1186.00,382.0000,4738.00,0.710000,0.700000,1,1,"Transit",2025
"TOI-5300 b","TOI-5300",9.86390302,1.90697044200000e+02,2.26219600000,0.0295000000,1043.00,198.0000,4610.00,0.670000,0.650000,1,1,"Transit",2025
"TOI-4794 b","TOI-4794",14.35870428,3.08293554790000e+02,3.56581160000,0.0492000000,1673.00,1310.0000,6390.00,1.250000,1.451000,1,1,"Transit",2025
"TOI-2443 b","TOI-2443",2.36300000,4.80000000000000e+00,15.66858000000,0.1050000000,519.00,13.2931,4375.00,0.642000,0.631000,1,1,"Transit",2023
"OGLE-2016-BLG-0007L b","OGLE-2016-BLG-0007L",1.09000000,1.32000000000000e+00,14200.00000000000,10.1000000000,,,,0.590000,,1,1,"Microlensing",2025
"TOI-5340 b","TOI-5340",15.07607904,2.70154145950000e+02,4.93943920000,0.0628000000,1566.00,1004.0000,5990.00,1.350000,1.842000,1,1,"Transit",2025
"AT2021ueyL b","AT2021ueyL",13.60000000,4.25890065380000e+02,4168.69000000000,4.0100000000,,,3680.00,0.490000,,1,1,"Microlensing",2025
"Kepler-10 c","Kepler-10",2.35500000,1.12900000000000e+01,45.29430100000,0.2410000000,579.00,18.3000,5708.00,0.910000,1.065000,1,3,"Transit",2011
"TOI-2407 b","TOI-2407",4.26000000,,2.70296900000,0.0330000000,705.00,41.0000,3530.00,0.548000,0.567000,1,1,"Transit",2025
"TOI-5386 A b","TOI-5386 A",14.70618268,1.55100262616000e+02,3.62156552000,0.0485600000,1488.00,817.0000,6094.00,1.165000,1.245000,2,1,"Transit",2025
"TOI-2015 c","TOI-2015",2.93000000,8.91000000000000e+00,5.58279600000,0.0412320000,448.00,6.6800,3297.00,0.304100,0.327300,1,2,"Transit Timing Variations",2025
"TOI-2015 b","TOI-2015",3.30900000,9.20000000000000e+00,3.34823700000,0.0293220000,530.90,13.1850,3297.00,0.304100,0.327300,1,2,"Transit",2023
"GJ 3998 b","GJ 3998",1.39000000,,2.65033000000,0.0300000000,733.50,48.0000,3726.00,0.520000,0.500000,1,3,"Radial Velocity",2016
"TOI-1117 b","TOI-1117",2.46000000,8.90000000000000e+00,2.22816000000,0.0330000000,1538.00,928.0000,5635.00,0.970000,1.050000,1,3,"Transit",2025
"GJ 3998 c","GJ 3998",2.50000000,,13.72700000000,0.0900000000,423.49,5.4000,3726.00,0.520000,0.500000,1,3,"Radial Velocity",2016
"TOI-640 b","TOI-640",19.27944680,1.81162191990000e+02,5.00377700000,0.0660800000,1816.00,1150.1200,6460.00,1.536000,2.082000,1,1,"Transit",2021
"K2-157 d","K2-157",5.16000000,,66.50000000000,0.3090000000,429.10,6.4600,5334.00,0.890000,0.860000,1,3,"Radial Velocity",2025
"TOI-1117 c","TOI-1117",2.91000000,,4.57900000000,0.0534000000,1210.00,355.0000,5635.00,0.970000,1.050000,1,3,"Radial Velocity",2025
"TOI-1117 d","TOI-1117",3.27000000,,8.66500000000,0.0817000000,978.00,152.0000,5635.00,0.970000,1.050000,1,3,"Radial Velocity",2025
"Proxima Cen d","Proxima Cen",0.69200000,,5.12338000000,0.0288100000,282.00,1.8140,2900.00,0.122100,0.141000,3,2,"Radial Velocity",2025
"Proxima Cen b","Proxima Cen",1.02000000,,11.18465000000,0.0484800000,218.00,0.6410,2900.00,0.122100,0.141000,3,2,"Radial Velocity",2016
"LP 261-75 b","LP 261-75 A",12.10000000,6.67439654700000e+03,,450.0000000000,1500.00,0.0000,3138.00,0.220000,0.308000,1,1,"Imaging",2006
"TIC 88785435 b","TIC 88785435",5.03000000,,10.50884300000,0.0843200000,635.00,28.3253,3998.00,0.724000,0.911000,1,1,"Transit",2025
"TOI-1238 c","TOI-1238",2.11000000,8.32000000000000e+00,3.29473600000,0.0370000000,695.00,63.0000,4089.00,0.590000,0.580000,1,2,"Transit",2022
"TOI-1238 b","TOI-1238",1.21000000,3.76000000000000e+00,0.76459700000,0.0139000000,1133.00,442.0000,4089.00,0.590000,0.580000,1,2,"Transit",2022
"KOI-1843.03","Kepler-974",0.61000000,8.00000000000000e+00,0.17689130000,0.0050000000,1654.00,1769.2920,3584.00,0.460000,0.450000,1,2,"Transit",2013
"TOI-5143 c","TOI-5143",16.25302201,,5.20971180000,0.0560200000,904.48,158.1646,5183.00,0.864000,0.852000,1,1,"Transit",2025
"TOI-1803 b","TOI-1803",2.99000000,1.03200000000000e+01,6.29328700000,0.0600000000,747.00,58.0000,4687.00,0.756000,0.715000,1,2,"Transit",2025
"TOI-5882 b","TOI-5882",11.46678726,6.99540323807000e+03,7.14897200000,0.0804000000,1515.00,4792.5000,5920.00,1.334000,2.260000,1,1,"Transit",2025
"TOI-4465 b","TOI-4465",14.01122587,1.87200931723000e+03,101.94054000000,0.4160000000,427.00,130.5280,5545.00,0.930000,1.014000,1,1,"Transit",2025
"TOI-1478 b","TOI-1478",11.99360935,2.79688998160000e+02,10.18021170000,0.0818000000,918.00,261.0130,5597.00,0.947000,1.048000,1,1,"Transit",2021
"HIP 67851 b","HIP 67851",13.70000000,,89.23000000000,0.4200000000,840.72,83.2200,4840.00,1.280000,5.450000,1,2,"Radial Velocity",2015
"HIP 67851 c","HIP 67851",12.70000000,2.20477565935900e+03,3128.41000000000,4.5500000000,255.43,0.7091,4840.00,1.280000,5.450000,1,2,"Radial Velocity",2015
"TOI-2346 b","TOI-2346",16.11851425,3.94107224680000e+02,3.33120290000,0.0473000000,1689.00,1360.0000,6480.00,1.271000,1.380000,1,1,"Transit",2025
"HD 94890 b","HD 94890",13.30000000,,824.61000000000,2.0700000000,533.83,13.5382,4867.00,1.740000,10.710000,1,2,"Radial Velocity",2025
"HD 87816 b","HD 87816",12.70000000,,484.17000000000,1.6180000000,567.39,17.2656,4989.00,2.410000,9.000000,1,2,"Radial Velocity",2025
"TOI-2886 b","TOI-2886",18.64053490,4.44959769800000e+02,1.60200105000,0.0287100000,1978.00,2560.0000,6240.00,1.229000,1.241000,1,1,"Transit",2025
"TOI-2876 b","TOI-2876",9.63972340,5.40308291900000e+01,6.29964310000,0.0654000000,929.00,124.2000,5271.00,0.939000,0.873000,1,1,"Transit",2025
"TOI-2986 b","TOI-2986",9.29224500,9.66198357280000e+01,3.27836620000,0.0448900000,1622.00,1156.0000,5906.00,1.122000,1.458000,1,1,"Transit",2025
"WASP-116 b","WASP-116",13.67495645,2.03410180480000e+02,6.61320000000,0.0650000000,1414.00,663.0000,6250.00,1.250000,1.426000,1,1,"Transit",2025
"HD 102888 b","HD 102888",12.80000000,,252.06000000000,1.0500000000,688.63,37.4512,4990.00,2.420000,8.600000,1,1,"Radial Velocity",2025
"HD 94890 c","HD 94890",12.50000000,,2492.19000000000,4.3300000000,369.10,3.0940,4867.00,1.740000,10.710000,1,2,"Radial Velocity",2025
"TOI-3135 b","TOI-3135",13.65253849,3.27363259210000e+02,3.70655850000,0.0475600000,1292.00,464.0000,5890.00,1.044000,0.985000,1,1,"Transit",2025
"Gaia-4 b","Gaia-4",12.40000000,3.75037520260000e+03,571.30000000000,,,,4034.00,0.644000,0.624000,1,1,"Astrometry",2025
"WASP-188 b","WASP-188",14.81827249,4.58626391301000e+02,5.74891600000,0.0720000000,1666.00,1278.0000,6850.00,1.500000,1.830000,1,1,"Transit",2025
"WASP-154 b","WASP-154",10.76062147,1.98960582782000e+02,3.81167800000,0.0440000000,994.00,162.0000,4774.00,0.800000,0.823000,1,1,"Transit",2025
"TIC 434398831 b","TIC 434398831",3.51000000,,3.68550400000,0.0464100000,1250.00,333.6313,5638.00,0.992000,0.909000,1,2,"Transit",2025
"TOI-3464 b","TOI-3464",13.76462830,3.97285508750000e+02,3.65155680000,0.0515000000,1693.00,1370.0000,6370.00,1.363000,1.560000,1,1,"Transit",2025
"HR 858 c","HR 858",1.97900000,3.80000000000000e+00,5.97386500000,0.0687000000,1309.00,512.0000,6354.00,1.204000,1.258000,2,3,"Transit",2019
"WASP-197 b","WASP-197",14.44837612,4.03324248483000e+02,5.16722800000,0.0650000000,1665.00,1276.0000,6050.00,1.360000,2.112000,1,1,"Transit",2025
"WASP-102 b","WASP-102",14.90794433,1.97689269154000e+02,2.70981300000,0.0410000000,1671.00,1293.0000,5990.00,1.080000,1.375000,1,1,"Transit",2025
"TOI-3486 b","TOI-3486",10.57006880,9.91624629840000e+01,2.21778105000,0.0313800000,1190.00,334.0000,4930.00,0.837000,0.788000,1,1,"Transit",2025
"TOI-2328 b","TOI-2328",9.97599282,5.08525451200000e+01,17.10197000000,0.1270000000,842.00,20.0982,5525.00,0.950000,0.900000,1,1,"Transit",2025
"TOI-3837 b","TOI-3837",10.87271128,1.87518760130000e+02,11.88865000000,0.0990000000,1178.00,138.0650,5905.00,0.890000,1.200000,1,1,"Transit",2025
"Gl 410 b","Gl 410",2.83000000,,6.02000000000,0.0531000000,592.44,20.4555,3842.00,0.550000,0.543000,1,1,"Radial Velocity",2025
"HD 219666 b","HD 219666",4.89800000,1.76000000000000e+01,6.03446800000,0.0635600000,1076.00,598.4408,5540.00,1.020000,1.059000,1,1,"Transit",2018
"TOI-3682 b","TOI-3682",12.80065596,6.92865927260000e+01,3.34624060000,0.0480000000,1657.00,1258.0000,5703.00,1.320000,1.735000,1,1,"Transit",2025
"TOI-6628 b","TOI-6628",10.98480109,2.35193021180000e+02,18.18424000000,0.1340000000,833.00,20.0861,5463.00,0.970000,1.010000,1,1,"Transit",2025
"Kepler-289 e","Kepler-289",2.94000000,1.74000000000000e+01,330.07160000000,0.9342000000,286.00,1.5800,5990.00,1.061000,0.985000,1,4,"Transit",2025
"KMT-2022-BLG-2076L b","KMT-2022-BLG-2076L",13.90000000,2.79688998160000e+02,,5.6700000000,,,,0.670000,,1,1,"Microlensing",2025
"TOI-4214 b","TOI-4214",10.68215861,1.65270771640000e+02,3.49138850000,0.0501800000,1642.00,1210.0000,6370.00,1.382000,1.434000,1,1,"Transit",2025
"GJ 581 c","GJ 581",2.50000000,6.81000000000000e+00,12.92110000000,0.0718000000,346.13,2.3985,3500.00,0.295000,0.302000,1,3,"Radial Velocity",2007
"G 192-15 c","G 192-15",3.87000000,,1219.00000000000,1.1370000000,55.90,0.0016,2999.00,0.132000,0.170718,1,2,"Radial Velocity",2025
"G 268-110 b","G 268-110",1.13000000,,1.43263000000,0.0128300000,534.00,13.5700,,0.137000,0.177000,1,1,"Radial Velocity",2025
"TOI-2449 b","TOI-2449",11.24000000,2.22000000000000e+02,106.14468000000,0.4500000000,400.00,362.6420,6021.00,1.079000,1.065000,1,1,"Transit",2025
"KMT-2024-BLG-2242L b","KMT-2024-BLG-2242L",3.82000000,1.39844499080000e+01,,0.8900000000,,,,0.069000,,1,1,"Microlensing",2025
"GJ 508.2 b","GJ 508.2",,,5300.00000000000,4.8500000000,59.30,0.0025,3720.00,0.540000,0.530000,1,1,"Radial Velocity",2025
"GJ 3512 c","GJ 3512",14.30000000,,2354.00000000000,1.7310000000,42.92,0.0005,3141.00,0.123000,0.139000,1,2,"Radial Velocity",2020
"HD 28471 b","HD 28471",1.75000000,,3.16490000000,0.0420000000,1377.00,653.3957,5766.00,0.980000,1.080000,1,3,"Radial Velocity",2025
"HD 28471 c","HD 28471",2.26000000,,6.12450000000,0.0650000000,1066.00,272.8024,5766.00,0.980000,1.080000,1,3,"Radial Velocity",2025
"NGTS-32 b","NGTS-32",15.91675259,1.81162191990000e+02,3.31211000000,0.0440000000,1750.00,1554.0000,5680.00,1.070000,1.850000,1,1,"Transit",2025
"HD 143811 AB b","HD 143811 A",15.69257298,1.93875328270000e+03,117000.00000000000,63.0000000000,1042.00,0.0011,6791.00,1.320000,1.683980,2,1,"Imaging",2025
"AF Lep b","AF Lep",13.00000000,1.14736054927000e+03,8905.00000000000,8.9960000000,1400.00,0.0241,6140.00,1.218000,1.250000,1,1,"Imaging",2023
"TOI-238 b","TOI-238",1.55900000,3.37000000000000e+00,1.27309900000,0.0212000000,1378.00,753.1000,5059.00,0.781000,0.756000,1,2,"Transit",2024
"HD 152843 b","HD 152843",3.05000000,9.82000000000000e+00,11.62071000000,0.1049000000,1003.11,265.4000,6310.00,1.150000,1.430000,1,2,"Transit",2021
"MOA-2022-BLG-033L b","MOA-2022-BLG-033L",3.52000000,1.21500000000000e+01,,2.1500000000,,,,0.510000,,1,1,"Microlensing",2025
"HD 28471 d","HD 28471",2.06000000,,11.68100000000,0.1000000000,945.00,115.2590,5766.00,0.980000,1.080000,1,3,"Radial Velocity",2025
"HD 152843 c","HD 152843",5.94000000,9.67000000000000e+00,19.50210400000,0.1482000000,253.08,133.1000,6310.00,1.150000,1.430000,1,2,"Transit",2021
"KMT-2023-BLG-1896L b","KMT-2023-BLG-1896L",4.19000000,1.63500000000000e+01,,2.8600000000,,,,0.720000,,1,1,"Microlensing",2025
"KMT-2023-BLG-0119L b","KMT-2023-BLG-0119L",11.00000000,8.37000000000000e+01,,3.1400000000,,,,0.710000,,1,1,"Microlensing",2025
"TOI-6054.02","TOI-6054",2.82000000,9.30000000000000e+00,12.56363600000,0.1079000000,1143.00,285.0000,6047.00,1.107000,1.662000,1,2,"Transit",2024
"WASP-110 b","WASP-110",13.19297028,1.54782434209000e+02,3.77840220000,,1158.00,279.0000,5392.00,0.814000,0.853000,1,1,"Transit",2021
"K2-233 d","K2-233",2.36300000,1.03000000000000e+01,24.36810000000,0.1516000000,525.00,12.7000,4796.00,0.790000,0.710000,1,3,"Transit",2018
"K2-233 c","K2-233",1.27200000,4.60000000000000e+00,7.06024000000,0.0664000000,794.00,66.2000,4796.00,0.790000,0.710000,1,3,"Transit",2018
"BEBOP-4 AB b","BEBOP-4 A",,8.35888710410000e+03,1823.50000000000,3.6340000000,239.44,0.5477,5701.43,1.507000,2.756450,2,1,"Radial Velocity",2025
"2MASS J22501512+2325342 b","2MASS J22501512+2325342",11.90000000,9.53485221000000e+03,,518.0000000000,1600.00,0.0000,3352.00,0.433173,0.437589,1,1,"Imaging",2018
"WASP-4 b","WASP-4",15.12091496,3.81394088400000e+02,1.33823099400,0.0226100000,1653.00,1188.6219,5436.00,0.899000,0.912000,1,1,"Transit",2007
"Kepler-391 b","Kepler-391",2.50000000,1.10000000000000e+03,7.41750000000,0.0830000000,930.00,690.0000,5038.00,1.270000,2.879000,1,2,"Transit",2014
"GJ 251 b","GJ 251",1.79000000,,14.23700000000,0.0808000000,336.00,2.3700,3342.00,0.350000,0.360000,1,2,"Radial Velocity",2020
"TOI-1438 b","TOI-1438",3.04000000,9.40000000000000e+00,5.13967000000,0.0553000000,971.00,145.0000,5230.00,0.876000,0.820000,1,2,"Transit",2025
"GJ 536 c","GJ 536",2.30000000,,32.76100000000,0.1617000000,290.50,1.6920,3641.00,0.528000,0.529000,1,2,"Radial Velocity",2025
"TOI-1438 c","TOI-1438",2.75000000,1.06000000000000e+01,9.42808900000,0.0830000000,794.00,65.0000,5230.00,0.876000,0.820000,1,2,"Transit",2025
"Kepler-391 c","Kepler-391",2.88000000,4.50000000000000e+02,20.50100000000,0.1640000000,662.00,179.0000,5038.00,1.270000,2.879000,1,2,"Transit",2014
"TOI-756 b","TOI-756",2.81000000,9.83000000000000e+00,1.23924950000,0.0180000000,934.00,127.0000,3657.00,0.505000,0.505000,1,2,"Transit",2025
"TOI-756 c","TOI-756",13.00000000,,149.40000000000,0.4390000000,194.00,0.2400,3657.00,0.505000,0.505000,1,2,"Radial Velocity",2025
"HD 224018 d","HD 224018",2.40000000,4.20000000000000e+00,138.07310000000,0.5300000000,411.00,4.7348,5784.00,1.013000,1.147000,1,3,"Transit",2025
"TOI-2141 c","TOI-2141",2.35000000,,5.46240000000,0.0585000000,1095.00,241.0000,5635.00,0.896000,0.950000,1,3,"Radial Velocity",2025
"TOI-6448 b","TOI-6448",8.47398941,,14.84426100000,0.1310000000,745.00,28.1152,5910.00,1.030000,0.897000,1,1,"Transit",2025
"K2-214 b","K2-214",2.51000000,,8.59656000000,0.0834000000,1001.00,238.0000,5875.00,1.030000,1.236000,1,1,"Transit",2018
"51 Eri b","51 Eri",,3.46432963630000e+03,9100.00000000000,10.4000000000,807.00,0.0529,7422.00,1.750000,1.450000,3,1,"Imaging",2015
"TOI-1203.01","TOI-1203",2.91800000,7.39000000000000e+00,25.50267200000,0.1632000000,743.60,51.0000,5737.00,0.886000,1.179000,1,4,"Transit",2021
"TOI-2093 c","TOI-2093",2.30000000,1.58000000000000e+01,53.81149000000,0.2570000000,329.00,3.0647,4426.00,0.745000,0.729000,1,2,"Transit",2025
"KMT-2024-BLG-1209L b","KMT-2024-BLG-1209L",13.20000000,8.39066994480000e+02,,2.5100000000,,,,0.770000,,1,1,"Microlensing",2025
"HD 135344 A b","HD 135344 A",16.25302201,3.17828407000000e+03,,16.5000000000,1585.00,0.0610,9540.00,2.320000,1.500000,2,1,"Imaging",2025
"K2-10 b","K2-10",3.77300000,2.52000000000000e+01,19.30553000000,0.1370000000,649.00,42.1000,5533.00,0.880000,0.956000,1,1,"Transit",2015
"TOI-1203 b","TOI-1203",1.52000000,3.51000000000000e+00,4.15728880000,0.0486900000,1361.20,572.2000,5737.00,0.886000,1.179000,1,4,"Radial Velocity",2025
"TOI-1203 c","TOI-1203",2.20000000,,13.07660000000,,,,5737.00,0.886000,1.179000,1,4,"Radial Velocity",2025
"HIP 18606 b","HIP 18606",14.00000000,,674.94000000000,1.6100000000,405.91,4.4294,4860.00,1.210000,4.830000,1,1,"Radial Velocity",2025
"HIP 111909 c","HIP 111909",13.90000000,,893.63000000000,1.9700000000,357.64,2.6982,4891.00,1.280000,4.530000,1,2,"Radial Velocity",2025
"TIC 257060897 b","TIC 257060897",17.26183028,2.01503210038000e+02,3.66003639000,0.0492200000,1775.00,1804.5549,5993.00,1.187000,1.863000,1,1,"Transit",2021
"OGLE-2016-BLG-1266L b","OGLE-2016-BLG-1266L",12.40000000,3.81394088400000e+03,,0.4300000000,,,,0.015000,,1,1,"Microlensing",2018
"BD+37 3172 b","BD+37 3172",12.40000000,,1887.76000000000,4.6500000000,713.25,31.9959,4500.00,3.750000,50.240000,1,1,"Radial Velocity",2023
"TOI-654.01","TOI-654",2.37800000,8.71000000000000e+00,1.52756100000,0.0194400000,794.00,65.0000,3521.00,0.419000,0.430000,1,1,"Transit",2024
"K2-37 b","K2-37",1.39000000,,4.44340000000,0.0510500000,949.00,193.0000,5352.00,0.840000,0.809000,1,3,"Transit",2016
"K2-37 d","K2-37",2.31000000,1.25000000000000e+01,14.09229000000,0.1102000000,646.00,41.3000,5352.00,0.840000,0.809000,1,3,"Transit",2016
"K2-55 b","K2-55",4.43000000,4.40000000000000e+01,2.84927100000,0.0348600000,900.00,141.3000,4300.00,0.688000,0.715000,1,1,"Transit",2016
"TOI-5261 b","TOI-5261",11.60129502,3.65184839643000e+03,4.15097680000,0.0513400000,1244.00,159.5920,5790.00,1.037000,1.021000,1,1,"Transit",2025
"TOI-4773 b","TOI-4773",15.22179579,1.68766884117000e+03,1.74528510000,0.0321600000,2255.00,3879.8071,6740.00,1.452000,1.550000,1,1,"Transit",2025
"BD+42 2315 b","BD+42 2315",14.20000000,,123.05000000000,0.5400000000,1247.58,335.1294,4500.00,1.380000,17.850000,1,1,"Radial Velocity",2023
"Ross 176 b","Ross 176",1.84000000,4.57000000000000e+00,5.00663380000,0.0464000000,682.00,36.2000,4041.00,0.577000,0.569000,1,1,"Transit",2025
"K2-62 c","K2-62",1.99000000,,16.19697000000,0.1148000000,495.00,14.3000,4455.00,0.670000,0.696000,1,2,"Transit",2016
"K2-61 b","K2-61",1.92000000,,2.57336000000,0.0392000000,1325.00,730.0000,5748.00,0.970000,0.995000,1,1,"Transit",2016
"TOI-6420 b","TOI-6420",11.93756445,2.60619293740000e+03,6.96150800000,0.0753000000,1213.00,106.6190,6020.00,1.165000,1.312000,1,1,"Transit",2025
"TOI-5350 b","TOI-5350",12.41955062,2.09448920213000e+03,7.58136700000,0.0796000000,1195.00,321.8790,6220.00,1.167000,1.263000,1,1,"Transit",2025
"TOI-5817 b","TOI-5817",3.08000000,1.03000000000000e+01,15.61031000000,0.1223000000,950.00,126.8632,5770.00,0.970000,1.427000,2,1,"Transit",2025
"K2-73 b","K2-73",2.58000000,9.20000000000000e+00,7.49556000000,0.0761900000,968.00,209.0000,5867.00,1.020000,1.058000,1,2,"Transit",2016
"TOI-5799 b","TOI-5799",1.73300000,,4.16450700000,0.0348000000,505.00,11.9100,3452.00,0.325000,0.321000,1,2,"Transit",2024
"TOI-1346 b","TOI-1346",2.39000000,,1.76225380000,,1324.00,468.5415,5099.00,0.820000,0.780000,1,2,"Transit",2025
"TOI-1346 c","TOI-1346",2.23000000,,5.50255800000,,928.00,102.6644,5099.00,0.820000,0.780000,1,2,"Transit",2025
"K2-105 b","K2-105",3.40000000,1.54000000000000e+01,8.26726000000,0.0796000000,805.00,100.0000,5373.00,0.940000,0.905000,1,1,"Transit",2017
"TOI-5799 c","TOI-5799",1.76000000,,14.01044900000,0.0782000000,337.00,2.4202,3452.00,0.325000,0.321000,1,2,"Transit",2025
"TOI-6223 b","TOI-6223",5.07000000,,3.85521900000,0.0401800000,714.00,41.8646,3895.00,0.582000,0.576000,1,1,"Transit",2025
"KOI-351 g","KOI-351",7.71800000,1.50000000000000e+01,210.73514000000,0.7170400000,342.00,3.3870,6031.13,1.242000,1.185000,1,8,"Transit",2013
"HD 63433 c","HD 63433",2.69200000,1.55390000000000e+01,20.54382810000,0.1460000000,678.92,35.3582,5553.00,0.956000,0.934000,1,3,"Transit",2020
"HD 17156 b","HD 17156",12.26262489,1.03612060682000e+03,21.21642940000,0.1632000000,888.00,68.8000,6046.00,1.285000,1.517000,1,1,"Radial Velocity",2007
"TOI-6000 b","TOI-6000",0.94000000,,0.44895900000,,1120.00,258.7482,3419.00,0.370000,0.380000,1,1,"Transit",2025
"K2-189 c","K2-189",2.31000000,,6.67932000000,0.0680000000,877.00,140.0000,5442.00,0.850000,0.879000,1,2,"Transit",2018
"KMT-2024-BLG-0404L b","KMT-2024-BLG-0404L",11.90000000,8.65764580668000e+03,,0.8500000000,,,,0.090000,,1,2,"Microlensing",2025
"KMT-2024-BLG-1281L b","KMT-2024-BLG-1281L",4.59000000,1.90697044200000e+01,,1.9600000000,,,,0.320000,,1,1,"Microlensing",2025
"GJ 317 b","GJ 317",13.30000000,7.94500000000000e+02,695.69000000000,1.1380000000,100.32,0.0159,3496.00,0.402000,0.403000,1,2,"Radial Velocity",2007
"TOI-6303 b","TOI-6303",11.59000000,2.49300000000000e+03,9.48523600000,0.0761000000,541.00,14.2800,3977.00,0.644000,0.609000,1,1,"Transit",2025
"LHS 1903 d","LHS 1903",2.50000000,5.96000000000000e+00,12.56628700000,0.0860400000,442.00,6.3500,3664.00,0.538000,0.539000,1,4,"Transit",2026
"LHS 1903 e","LHS 1903",1.73200000,5.79000000000000e+00,29.31773000000,0.1513500000,333.00,2.0500,3664.00,0.538000,0.539000,1,4,"Transit",2026
"WASP-120 b","WASP-120",15.58048317,1.54147550000000e+03,3.61126721000,0.0514000000,1749.00,1818.5489,6450.00,1.393000,1.684430,1,1,"Transit",2016
"WASP-140 b","WASP-140",14.23540549,7.75505200000000e+02,2.23598448000,0.0323000000,1270.00,491.3260,5300.00,0.900000,0.870000,2,1,"Transit",2016
"HD 85426 c","TOI-1774",3.19000000,,35.73000000000,,640.00,,5746.00,0.991000,1.130300,1,2,"Radial Velocity",2026
"TOI-1774.01","TOI-1774",2.78000000,,16.70988000000,,824.00,73.7609,5746.00,0.991000,1.130300,1,2,"Transit",2021
"HD 176986 b","HD 176986",,1.48775477316700e+03,6.49164000000,0.0629560000,767.00,81.7000,4931.00,0.789000,0.782000,1,3,"Radial Velocity",2017
"KOINTREAU-3 b","ISO-Oph 96",13.10000000,1.08061658380000e+03,,342.0000000000,8.74,0.0000,3920.00,0.410000,0.730795,1,1,"Imaging",2026
"PDS 70 b","PDS 70",21.96960217,1.01705090240000e+03,43500.00000000000,20.8000000000,1392.00,0.0008,4109.00,0.982000,1.260000,1,2,"Imaging",2018
"HD 176986 d","HD 176986",2.49000000,,61.37600000000,0.2814900000,363.00,4.0900,4931.00,0.789000,0.782000,1,3,"Radial Velocity",2026
"TOI-6692 b","TOI-6692",11.67975789,1.97053612340000e+02,131.12500000000,0.5120000000,467.00,182.3533,5890.00,1.047000,1.385000,1,1,"Transit",2026
"TOI-4342 b","TOI-4342",2.32900000,7.30000000000000e+00,5.53825920000,0.0519000000,639.00,27.8000,3866.00,0.587000,0.598000,1,2,"Transit",2023
"PDS 70 c","PDS 70",22.19378179,2.38371305250000e+03,,34.3000000000,1054.00,0.0003,4109.00,0.982000,1.260000,1,2,"Imaging",2019
"V2376 Ori b","V2376 Ori",87.20586985,6.35656814000000e+03,,71.0000000000,2100.00,,,0.450000,,1,1,"Imaging",2025
"TOI-5489 b","TOI-5489",1.40000000,,3.15222000000,,624.00,25.1137,3547.00,0.410000,0.420000,1,2,"Transit",2025
"HD 208487 b","HD 208487",14.30000000,,129.36000000000,0.5300000000,437.59,6.0876,6134.00,1.150000,1.160000,1,1,"Radial Velocity",2004
"HD 181433 b","HD 181433",,1.70864551603200e+03,9.37450000000,0.0828000000,732.52,51.0227,4918.00,0.860000,0.790000,1,3,"Radial Velocity",2008
"TOI-1135 b","TOI-1135",9.91994792,5.87982552950000e+01,8.02773270000,0.0815000000,1171.00,310.0000,6320.00,1.119000,1.202000,1,1,"Transit",2024
"TOI-5716 b","TOI-5716",0.96000000,,6.76630000000,,400.00,3.4093,3436.00,0.190000,0.220000,1,1,"Transit",2025
"HD 181433 d","HD 181433",13.20000000,8.58136698900000e+02,6896.10000000000,6.7400000000,81.19,0.0077,4918.00,0.860000,0.790000,1,3,"Radial Velocity",2008
"HD 181433 c","HD 181433",,2.20700045820800e+03,1018.50000000000,1.8850000000,153.53,0.0984,4918.00,0.860000,0.790000,1,3,"Radial Velocity",2008
"DMPP-1 b","DMPP-1",4.26000000,,17.81200000000,0.1423000000,877.00,103.0711,6196.00,1.210000,1.260000,1,4,"Radial Velocity",2019
"HD 202206 b","HD 202206",12.10000000,6.84920217085000e+03,256.26000000000,0.8100000000,314.96,1.6613,5764.23,1.060000,1.040000,1,2,"Radial Velocity",2026
"TOI-4940 b","TOI-4940",6.61000000,8.90000000000000e+01,25.86781100000,0.1650000000,643.00,40.4612,5504.00,1.012000,1.163000,1,1,"Transit",2025
"TOI-5734 b","TOI-5734",2.10000000,9.10000000000000e+00,6.18418760000,0.0592100000,688.00,56.3778,4750.00,0.724000,0.639000,1,1,"Transit",2026
"GJ 480 b","GJ 480",2.91000000,,9.55360000000,0.0680000000,406.00,5.9290,3509.00,0.450000,0.449000,1,1,"Radial Velocity",2020
"DMPP-1 d","DMPP-1",2.02000000,,3.14170000000,0.0446700000,1632.00,1045.9594,6196.00,1.210000,1.260000,1,4,"Radial Velocity",2019
"DMPP-2 b","DMPP-2",14.20000000,,5.20300000000,0.0663800000,1000.00,288.2234,6500.00,1.410000,1.780000,1,3,"Radial Velocity",2019
"K2-19 d","K2-19",1.04400000,6.20000000000000e+00,2.50827000000,0.0347800000,1258.00,404.0000,5350.00,0.892000,0.824000,1,3,"Transit",2016
"NGTS-35 b","NGTS-35",10.90000000,1.52000000000000e+02,25.24119200000,0.1600000000,451.00,9.8437,4717.00,0.789000,0.753000,1,1,"Transit",2025
"TOI-2267 c","TOI-2267 A",1.14000000,,3.49504120000,0.0263000000,374.00,4.7000,3030.00,0.171000,0.207500,2,3,"Transit",2025
"TOI-2267 b","TOI-2267 A",1.00000000,,2.28909000000,0.0205000000,424.00,8.4000,3030.00,0.171000,0.207500,2,3,"Transit",2025
"HD 39194 c","HD 39194",2.65000000,,14.03090000000,0.1083000000,675.19,33.2512,5205.00,0.860000,0.783742,1,3,"Radial Velocity",2021
"DMPP-3 A b","DMPP-3 A",1.44000000,,5.59000000000,0.0595800000,854.00,142.7812,5138.00,0.900000,0.910000,2,1,"Radial Velocity",2019
"TOI-5007 b","TOI-5007",11.07447293,2.11038062248000e+02,2.54337100000,0.0307000000,774.00,85.3000,3793.00,0.632000,0.656000,1,1,"Transit",2026
"TOI-7166 b","TOI-7166",2.01000000,,12.92063621000,0.0619100000,249.00,1.0700,3099.00,0.190000,0.222000,1,1,"Transit",2025
"TOI-375 b","TOI-375",10.77183045,2.36782163215000e+02,9.45469000000,0.0990000000,1373.00,593.3000,5259.90,1.441000,2.900000,1,3,"Transit",2026
"TOI-5422 b","TOI-5422",9.10169233,8.89919539600000e+03,5.37721900000,0.0619000000,1369.00,580.0000,5820.00,1.066000,1.474000,1,1,"Transit",2026
"HD 28185 b","HD 28185",12.80000000,,385.92000000000,1.0340000000,271.95,0.9073,5602.00,0.974000,1.048000,1,2,"Radial Velocity",2001
"XO-3 b","XO-3",14.79585452,4.21758296089000e+03,3.19152309000,0.0481500000,1890.00,1161.7200,6970.00,1.449000,1.523000,1,1,"Transit",2007
"DMPP-6 c","DMPP-6",3.74000000,,36.44100000000,0.2206000000,715.27,42.4847,6182.09,1.079000,1.270000,1,2,"Radial Velocity",2026
"TOI-7510 b","TOI-7510",7.31000000,1.81000000000000e+01,11.53086900000,0.1019000000,878.00,1678.5119,5720.00,1.063000,1.035000,1,3,"Transit",2025
"TOI-5788 c","TOI-5788",2.27200000,6.40000000000000e+00,16.21336200000,0.1197000000,667.00,49.8000,5615.00,0.870000,0.870000,1,2,"Transit",2026
"TOI-5788 b","TOI-5788",1.52800000,3.72000000000000e+00,6.34075800000,0.0640000000,910.00,175.1000,5615.00,0.870000,0.870000,1,2,"Transit",2026
"DMPP-9 b","DMPP-9",3.89000000,,12.73300000000,0.1097000000,995.58,176.6011,6092.00,1.100000,1.260000,1,1,"Radial Velocity",2026
"HD 72659 c","HD 72659",12.10000000,6.16587109580000e+03,35500.00000000000,21.5000000000,71.91,0.0051,5929.00,1.033000,1.360000,1,2,"Radial Velocity",2022
"KMT-2020-BLG-0202L b","KMT-2020-BLG-0202L",12.40000000,3.90293283796000e+03,,4.1700000000,,,,0.810000,,1,1,"Microlensing",2026
"KMT-2022-BLG-1551L b","KMT-2022-BLG-1551L",13.20000000,9.40772084720000e+02,,2.2900000000,,,,0.540000,,1,1,"Microlensing",2026
"HD 95338 b","HD 95338",4.27174254,4.29000000000000e+01,55.08269400000,0.2620000000,443.00,7.4200,5097.00,0.848000,0.868000,1,1,"Radial Velocity",2020
"KMT-2022-BLG-1818L b","KMT-2022-BLG-1818L",13.00000000,1.27131362800000e+03,,2.6000000000,,,,0.790000,,1,2,"Microlensing",2026
"TOI-1243 b","TOI-1243",2.33000000,7.70000000000000e+00,4.65947790000,,450.00,17.2664,3515.00,0.515000,0.511000,1,1,"Transit",2026
"TOI-5938 b","TOI-5938",3.82000000,,2.26042400000,0.0308000000,1077.00,249.2730,4650.00,0.744000,0.712000,1,1,"Transit",2026
"TOI-7009 b","TOI-7009",3.71000000,,2.32066120000,0.0287000000,872.00,42.4124,4080.00,0.583000,0.564000,1,1,"Transit",2026
"KMT-2025-BLG-0121L b","KMT-2025-BLG-0121L",12.60000000,2.46952672239000e+03,,3.0500000000,,,,0.610000,,1,1,"Microlensing",2026
"HD 28109 b","HD 28109",2.69000000,6.20000000000000e+00,22.89105400000,0.1357000000,867.00,33.4501,6189.00,1.227000,1.425000,1,3,"Transit",2022
"TOI-5388.01","TOI-5388",0.99000000,2.20000000000000e+00,2.59467480000,0.0243358550,488.00,3.3023,3440.00,0.292000,0.300000,1,1,"Transit",2024
"KMT-2024-BLG-2087L b","KMT-2024-BLG-2087L",12.90000000,1.39526670673000e+03,,3.0300000000,,,,0.480000,,1,1,"Microlensing",2026
"HD 100508 b","HD 100508",13.70000000,3.81394088400000e+02,5681.00000000000,6.1100000000,106.66,0.0216,5419.00,0.940000,1.017900,1,1,"Radial Velocity",2026
"HD 114386 c","HD 114386",13.40000000,,444.00000000000,1.0500000000,200.82,0.2616,4895.00,0.800000,0.760000,1,2,"Radial Velocity",2026
"HD 28109 d","HD 28109",3.11000000,5.80000000000000e+00,84.28990000000,0.4110000000,561.00,17.3745,6189.00,1.227000,1.425000,1,3,"Transit",2022
"KMT-2020-BLG-0414L b","KMT-2020-BLG-0414L",1.20000000,1.87000000000000e+00,,2.0700000000,,,,0.490000,,1,2,"Microlensing",2021
"TOI-6716 b","TOI-6716",0.98200000,,4.71858980000,0.0319000000,369.00,4.4000,3110.00,0.223000,0.231000,1,1,"Transit",2026
"HD 154345 b","HD 154345",13.70000000,3.76944490702000e+02,3280.00000000000,4.1580000000,119.21,0.0349,5468.00,0.890000,0.850000,1,1,"Radial Velocity",2006
"HD 217107 b","HD 217107",13.60000000,4.59579876522000e+02,7.12701660000,0.0735900000,1105.84,231.1546,5622.00,1.045000,1.224500,1,2,"Radial Velocity",1998
"TOI-1472 b","TOI-1472",4.05800000,1.80500000000000e+01,6.36338574000,0.0640000000,891.00,110.0201,5100.00,0.870000,0.840000,1,2,"Transit",2024
"TOI-1648 b","TOI-1648",2.54000000,7.40000000000000e+00,7.33160200000,0.0694000000,799.00,27.4026,4850.00,0.830000,0.810000,1,1,"Transit",2025
"HD 164604 b","HD 164604",12.30000000,4.19533497240000e+03,653.90000000000,1.3620000000,170.16,0.1402,4663.00,0.770000,0.780000,1,2,"Radial Velocity",2009
"HD 164604 c","HD 164604",12.50000000,3.01936986650000e+03,5387.00000000000,5.5560000000,84.25,0.0084,4663.00,0.770000,0.780000,1,2,"Radial Velocity",2026
"HIP 54515 b","HIP 54515",12.20000000,5.62556280390000e+03,33000.00000000000,24.8000000000,100.72,0.0171,8100.00,1.900000,1.649150,1,1,"Imaging",2026
"TOI-1518 b","TOI-1518",21.05046575,5.81625984810000e+02,1.90261131000,0.0371200000,2546.00,7010.0000,7299.00,1.880000,1.942000,1,1,"Transit",2021
"GJ 4274 b","GJ 4274",1.53000000,,1.63390000000,0.0153000000,548.53,14.7000,3228.00,0.180000,0.190000,1,2,"Radial Velocity",2026
"LHS 1903 b","LHS 1903",1.38200000,3.28000000000000e+00,2.15550980000,0.0265600000,796.00,66.6600,3664.00,0.538000,0.539000,1,4,"Transit",2026
"LHS 1903 c","LHS 1903",2.04600000,4.55000000000000e+00,6.22618500000,0.0538700000,559.00,16.2000,3664.00,0.538000,0.539000,1,4,"Transit",2026
"TOI-1080 b","TOI-1080",1.20000000,1.07000000000000e+01,3.96524820000,0.0272000000,368.00,4.3500,3065.00,0.166700,0.201900,1,1,"Transit",2026
"TOI-2145 b","TOI-2145",12.24020692,1.80526535176000e+03,10.26112800000,0.1117000000,1484.00,515.9390,6206.00,1.710000,2.750000,1,1,"Transit",2023
"TIC 231949697 b","TIC 231949697",1.52831855,,0.90720448719,,982.91,154.9700,3451.32,0.490679,0.492584,1,1,"Transit",2026
"CWISEP J193518.59-154620.3 b","CWISEP J193518.59-154620.3",12.20000000,4.92634030850000e+03,,2.4800000000,390.00,,,0.024000,,1,1,"Imaging",2025
"HD 202772 A b","HD 202772 A",18.23701160,3.23549318326000e+02,3.30887750000,0.0520800000,2181.00,3770.0000,6442.00,1.721000,2.554000,2,1,"Transit",2019
"TOI-4588 b","TOI-4588",2.92922558,,13.11881173651,0.1376000000,1768.00,2310.4300,7746.12,2.018000,1.574580,1,1,"Transit",2026
"TOI-4513 b","TOI-4513",2.34587608,,9.76042253684,,653.00,30.3621,5623.93,0.979000,0.796628,1,1,"Transit",2026
"TIC 24750448 b","TIC 24750448",2.43722231,,3.59159193029,,,,4545.43,0.690000,0.713599,1,2,"Transit",2026
"TOI-4127 b","TOI-4127",12.07000000,7.43718472380000e+02,56.39870000000,0.3030000000,556.00,22.3000,6096.00,1.230000,1.293000,1,1,"Transit",2023
"TOI-697 b","TOI-697",2.35859364,,8.60788713593,,839.80,117.5495,5681.95,0.970000,0.968149,1,1,"Transit",2026
"TOI-4561 b","TOI-4561",1.77789214,,8.93547936706,,789.81,91.9624,5537.93,1.000000,0.851957,1,1,"Transit",2026
"TIC 24750448 c","TIC 24750448",3.09028272,,10.14385270726,,,,4545.43,0.690000,0.713599,1,2,"Transit",2026
"GJ 1137 c","HD 93083",2.11000000,,9.64120000000,0.0835000000,768.51,58.4000,5033.80,0.836000,0.837000,1,2,"Radial Velocity",2026
"TIC 87422071 b","TIC 87422071",10.86150230,4.09998645030000e+02,11.36492900000,0.1060000000,1110.00,140.9250,6150.00,1.239000,1.489000,1,1,"Transit",2026
"TOI-883 b","TOI-883",7.17166228,,10.05771848538,,861.00,91.5488,5713.15,1.003000,1.014770,1,1,"Transit",2026
"TOI-4640 b","TOI-4640",2.84326517,,2.68566015238,,1378.86,854.2741,5743.01,1.100000,1.067150,1,1,"Transit",2026
"TIC 38828280 b","TIC 38828280",2.62701629,,4.85558984762,,,,5046.63,0.840000,0.741147,1,1,"Transit",2026
"TIC 147027702 b","TIC 147027702",10.92875618,3.46432963630000e+02,44.40523000000,0.2740000000,863.00,90.5749,6410.00,1.406000,2.136000,1,1,"Transit",2026
"TIC 245076932 b","TIC 245076932",10.87271128,1.62092487570000e+02,21.61389000000,0.1570000000,845.00,85.6018,6130.00,1.117000,1.288000,1,1,"Transit",2026
"TOI-921 b","TOI-921",3.53409617,,5.12871907628,,951.00,426.7683,6011.66,1.130000,1.141650,1,1,"Transit",2026
"TOI-4930 b","TOI-4930",6.93277225,,6.78130241498,,1169.00,310.0790,5624.72,1.040000,1.159260,1,1,"Transit",2026
"TIC 62895484 b","TIC 62895484",3.49391667,,2.83985434327,,,,5520.79,0.980000,0.874291,1,1,"Transit",2026
"TOI-941 b","TOI-941",6.51165317,,8.51460888787,,982.42,220.1422,5745.88,1.078000,1.184900,1,1,"Transit",2026
"TOI-5159 b","TOI-5159",1.54732112,,5.83639428843,,866.29,133.1006,5156.16,0.900000,0.854084,1,1,"Transit",2026
"TIC 86380416 b","TIC 86380416",2.41236120,,6.04086434610,,,,5723.74,1.070000,0.989724,1,1,"Transit",2026
"K2-19 b","K2-19",7.00000000,3.08000000000000e+01,7.91930000000,0.0748700000,857.00,87.0000,5322.00,0.880000,0.820000,1,3,"Transit",2015
"TOI-5335 b","TOI-5335",4.02422162,,3.61365988443,,1048.00,200.8300,5528.92,0.945000,0.916633,1,1,"Transit",2026
"TIC 88692598 b","TIC 88692598",1.81295951,,2.64909436758,,,,3483.17,0.529218,0.532473,1,1,"Transit",2026
"TOI-1752 b","TOI-1752",1.69300000,,0.93518610000,0.0162400000,1036.00,194.1729,3762.00,0.524000,0.530000,1,2,"Transit",2026
"TOI-1269 c","TOI-1269",2.22999162,,9.23786144195,,757.00,54.6767,5554.02,0.902700,0.848906,1,2,"Transit",2026
"TOI-5486 b","TOI-5486",3.96824928,,2.02470073205,,752.00,53.3297,3750.17,0.548138,0.553216,1,1,"Transit",2026
"TIC 139702105 b","TIC 139702105",2.45316949,,6.83601903383,,,,5742.35,0.900000,1.254230,1,1,"Transit",2026
"TOI-5624 c","TOI-5624",2.47400000,4.80000000000000e+00,7.88538500000,0.0737400000,857.00,96.4290,5327.00,0.858000,0.820000,1,5,"Transit",2026
"TOI-1718 b","TOI-1718",4.10824994,,5.58703768615,,948.00,134.1550,5304.91,0.930000,0.939285,1,1,"Transit",2026
"TOI-5532 b","TOI-5532",2.52763693,,5.65396594310,,617.33,34.3229,4208.45,0.636083,0.662052,1,1,"Transit",2026
"TIC 161045582 b","TIC 161045582",2.24566738,,8.85577189959,,,,5683.87,1.040000,1.079760,1,1,"Transit",2026
"TOI-1232 c","TOI-1232",8.88000000,5.84804268880000e+01,30.35600000000,0.1940000000,660.05,31.4327,5823.00,1.058000,1.072000,1,2,"Transit Timing Variations",2026
"TOI-1732 b","TOI-1732",2.49549787,,4.11923678339,,657.79,44.2458,4201.93,0.613891,0.632571,1,1,"Transit",2026
"TOI-5605 b","TOI-5605",2.52611303,,5.91340454843,,669.00,33.3499,4583.79,0.680000,0.736044,1,1,"Transit",2026
"TOI-1756 b","TOI-1756",1.94225664,,2.78301736297,,696.39,55.5824,3891.86,0.556454,0.562607,1,1,"Transit",2026
"TOI-5630 b","TOI-5630",2.37117553,,3.22118452536,,1541.00,937.8840,5385.64,0.934000,0.933361,1,1,"Transit",2026
"TIC 206466666 b","TIC 206466666",2.14817673,,9.10486865159,,,,4620.30,0.760000,0.667193,1,1,"Transit",2026
"TOI-198 b","TOI-198",1.36000000,3.17000000000000e+00,10.21521300000,0.0675000000,456.00,7.2000,3801.00,0.417000,0.418000,1,1,"Transit",2023
"KMT-2024-BLG-2005L b","KMT-2024-BLG-2005L",8.18000000,5.08525451200000e+01,,1.1200000000,,,,0.120000,,1,1,"Microlensing",2026
"TOI-1839 b","TOI-1839",2.21895097,,1.42378440907,,1405.35,921.8467,5315.91,0.934000,0.848099,1,2,"Transit",2026
"TOI-5926 b","TOI-5926",7.56807148,,3.81122794237,,987.00,157.6440,5388.92,0.946000,0.890046,1,1,"Transit",2026
"TIC 290487717 b","TIC 290487717",6.63777941,,3.40081822900,,,,5328.97,0.920000,0.943767,1,1,"Transit",2026
"TOI-672 b","TOI-672",5.31000000,5.09000000000000e+01,3.63358100000,0.0376000000,699.50,39.8000,3810.00,0.540000,0.540000,1,1,"Transit",2023
"TOI-2071 b","TOI-2071",2.56484195,,5.67395386982,,1029.33,265.3025,5755.41,1.063000,1.002860,1,1,"Transit",2026
"TOI-4156 c","TOI-4156",2.92303762,,12.82282706375,,809.32,101.3929,5971.64,1.100000,1.039630,1,2,"Transit",2026
"TIC 356227008 b","TIC 356227008",2.39024009,,2.96147448702,,,,5731.86,1.020000,0.959792,1,1,"Transit",2026
"TOI-2518 b","TOI-2518",2.26838675,,6.89797425216,,1095.00,239.1330,5751.20,1.110000,0.993374,1,1,"Transit",2026
"TOI-6393 b","TOI-6393",2.75958542,,9.53176110329,,696.00,39.0679,5008.20,0.835000,0.766023,1,1,"Transit",2026
"EPIC 220674823 b","EPIC 220674823",1.60600000,7.54000000000000e+00,0.57130782000,0.0132000000,2324.00,4467.0000,5578.00,0.913000,0.990000,1,2,"Transit",2016
"EPIC 220674823 c","EPIC 220674823",2.71200000,7.90000000000000e+00,13.34060300000,0.1078000000,838.00,70.0000,5578.00,0.913000,0.990000,1,2,"Transit",2016
"TOI-2654 b","TOI-2654",7.94454164,,2.96760425926,,819.00,75.0167,4594.08,0.690000,0.756095,1,1,"Transit",2026
"TOI-6699 b","TOI-6699",2.32645266,,5.32005926761,,976.00,150.9100,4705.10,0.750000,0.753090,1,1,"Transit",2026
"TOI-1839 c","TOI-1839",2.40867246,,4.02393854207,,,,5315.91,0.934000,0.848099,1,2,"Transit",2026
"K2-111 c","K2-111",3.34000000,,15.67480000000,0.1156500000,923.00,142.0569,5775.00,0.840000,1.250000,1,2,"Radial Velocity",2020
"TOI-4156 b","TOI-4156",2.53823825,,4.46189034133,,1289.00,459.4950,5971.64,1.100000,1.039630,1,2,"Transit",2026
"TOI-7333 b","TOI-7333",2.09469416,,6.26449803661,,755.00,53.9635,4586.87,0.721000,0.666066,1,1,"Transit",2026
"rho CrB e","rho CrB",1.75000000,,12.90400000000,0.1061000000,1004.88,151.5473,5817.00,1.000000,1.361700,1,3,"Radial Velocity",2023
"MOA-2007-BLG-192L b","MOA-2007-BLG-192L",3.58000000,1.24900000000000e+01,,2.0200000000,,,,0.280000,,1,1,"Microlensing",2008
"K2-79 b","K2-79",4.15000000,5.90000000000000e+00,10.99503900000,0.0987000000,1033.00,180.0000,5897.00,1.060000,1.269000,1,1,"Transit",2016
"K2-111 b","K2-111",1.83700000,5.35000000000000e+00,5.35189630000,0.0565000000,1293.00,490.0000,5775.00,0.840000,1.250000,1,2,"Transit",2017
"TOI-4363 b","TOI-4363",1.76689273,,2.11867592279,,884.71,144.7854,4278.45,0.620000,0.691320,1,1,"Transit",2026
"HD 5388 b","HD 5388",13.10000000,1.01705090240000e+03,772.50000000000,1.7570000000,316.59,1.4901,6297.00,1.210000,1.910000,1,1,"Radial Velocity",2010
"Kepler-79 b","Kepler-79",3.51000000,7.60000000000000e+00,13.48451000000,0.1192900000,929.00,205.4040,6389.00,1.244000,1.316000,1,4,"Transit",2012
"Kepler-79 c","Kepler-79",3.76000000,4.60000000000000e+00,27.40260000000,0.1914400000,734.00,79.7650,6389.00,1.244000,1.316000,1,4,"Transit",2012
"HD 16760 b","HD 16760",12.10000000,6.83331075050000e+03,466.08000000000,1.1560000000,226.14,0.5388,5518.00,0.930000,0.835000,1,1,"Radial Velocity",2009
"TOI-3457 b","TOI-3457",10.64000000,7.97749301570000e+02,32.60026800000,0.2001000000,824.20,17.4858,6300.00,1.040000,1.474000,1,1,"Transit",2026
"TOI-6884 b","TOI-6884",10.39072511,8.36524367224000e+03,4.80826400000,0.0629000000,1652.00,1230.0000,6330.00,1.410000,1.840000,1,1,"Transit",2026
"TOI-4602.01","TOI-4602",2.45000000,5.53000000000000e+00,3.98129990000,0.0474700000,1344.00,664.0000,5966.00,0.900000,1.080000,1,1,"Transit",2024
"TOI-791 b","TOI-791",11.13051784,9.50000000000000e+00,139.29931000000,0.6020000000,434.30,8.4700,6294.00,1.280000,1.474000,1,2,"Transit",2026
"eps Eri b","eps Eri",13.80000000,3.17828407000000e+02,2680.00000000000,3.5300000000,112.26,0.0306,5020.38,0.820000,0.759106,1,1,"Radial Velocity",2000
"TOI-791 c","TOI-791",12.94637271,1.86000000000000e+01,232.01570000000,0.8630000000,362.80,4.1200,6294.00,1.280000,1.474000,1,2,"Transit",2026
"HD 190360 b","HD 190360",13.50000000,5.37000000000000e+02,2887.50000000000,3.9650000000,150.00,0.0741,5560.00,0.996000,1.140000,2,3,"Radial Velocity",2003
"HD 190360 c","HD 190360",5.53000000,2.62000000000000e+01,17.11625000000,0.1298000000,794.55,69.1705,5560.00,0.996000,1.140000,2,3,"Radial Velocity",2005
"HD 190360 d","HD 190360",3.48000000,1.19000000000000e+01,88.69000000000,0.3886000000,459.21,7.7173,5560.00,0.996000,1.140000,2,3,"Radial Velocity",2026
"TOI-3664 b","TOI-3664",13.69737442,1.14418226520000e+02,3.29748390000,0.0431000000,1232.00,349.5440,5593.00,0.980000,1.110000,1,1,"Transit",2026
"TOI-4034 b","TOI-4034",17.71018951,2.76510714090000e+02,1.80209320000,0.0328900000,1907.00,1870.7800,5891.00,1.190000,1.830000,1,1,"Transit",2026
"HD 126105 b","HD 126105",13.50000000,,524.00000000000,1.3600000000,413.60,4.8659,4875.00,1.200000,4.210000,1,1,"Radial Velocity",2026
"TIC 52059926 b","TIC 52059926",10.71000000,5.38000000000000e+03,175.53200000000,0.5530000000,229.60,4.4802,4505.00,0.730000,0.720000,1,1,"Transit",2026
"TOI-4427 b","TOI-4427",13.09208946,8.77206403320000e+01,4.61826210000,0.0538900000,1040.00,195.0000,5347.00,0.900000,0.890000,1,1,"Transit",2026
"TOI-2049 b","TOI-2049",16.64533634,4.86277462710000e+02,5.30346800000,0.0691900000,1869.00,2032.0000,6164.00,1.570000,3.200000,1,1,"Transit",2026
"TOI-4458 b","TOI-4458",12.40834163,5.52067942959000e+02,3.93937920000,0.0522000000,1759.00,1595.0000,6151.00,1.470000,1.960000,1,1,"Transit",2026
"TOI-159 b","TOI-159",18.18000000,1.11000000000000e+03,3.76283960000,0.0560000000,1891.00,1797.8272,7287.00,1.661000,1.620000,2,1,"Transit",2026
"COCONUTS-2 b","COCONUTS-2 A",12.57647635,2.38371305250000e+03,402000000.00000000000,7506.0000000000,493.00,0.0000,3552.00,0.400000,0.366000,1,1,"Imaging",2021
"HD 30177 c","HD 30177",12.90000000,1.48425866069000e+03,11320.00000000000,9.9000000000,87.87,0.0124,5680.00,0.980000,1.019000,1,2,"Radial Velocity",2016
"TOI-1710 b","TOI-1710",5.06000000,1.91000000000000e+01,24.28336000000,0.1652000000,602.99,33.0000,5775.00,1.020000,0.930000,2,1,"Transit",2022
"K2-370 b","K2-370",2.67000000,1.11000000000000e+01,2.14080930000,0.0321000000,1267.00,428.2050,5662.00,0.962000,0.945000,1,1,"Transit",2022
"HIP 8923 b","HIP 8923",12.50000000,3.17192750186000e+03,5160.00000000000,5.9000000000,136.48,0.0539,5980.00,1.010000,1.321640,1,1,"Radial Velocity",2026
"TOI-201 c","TOI-201",10.40000000,4.99000000000000e+03,2890.00000000000,4.3700000000,169.58,0.1367,6423.00,1.320000,1.310000,1,3,"Transit Timing Variations",2025
"KMT-2023-BLG-0332L b","KMT-2023-BLG-0332L",12.00000000,6.99222495400000e+03,,3.2000000000,,,,0.540000,,1,1,"Microlensing",2026
"XO-2 S d","XO-2 S",13.00000000,,4696.00000000000,5.4600000000,110.98,0.0253,5325.00,0.980000,1.020000,2,4,"Radial Velocity",2024
"TOI-237 c","TOI-237",1.20600000,,1.74486147000,0.0160000000,515.00,16.0000,3226.00,0.169800,0.205600,1,2,"Transit",2026
"bet Pic b","bet Pic",18.49485000,2.76510714090000e+03,8682.00000000000,10.0700000000,1612.00,0.0885,8038.68,1.789000,1.544160,1,3,"Imaging",2008
"bet Pic c","bet Pic",12.50000000,2.76510714090000e+03,1202.00000000000,2.7000000000,1250.00,1.2305,8038.68,1.789000,1.544160,1,3,"Radial Velocity",2019
"bet Pic d","bet Pic",14.12331568,7.62788176800000e+02,33200.00000000000,26.0000000000,600.00,0.0133,8038.68,1.789000,1.544160,1,3,"Imaging",2026
"Kepler-484 b","Kepler-484",2.28000000,,10.04556931300,0.0903600000,766.00,90.6290,5668.00,0.960000,0.870000,1,1,"Transit",2016
"Kepler-758 c","Kepler-758",1.69000000,,4.75793986000,0.0576800000,1372.00,1211.8220,6228.00,1.160000,1.420000,1,4,"Transit",2016
"TOI-4311 b","TOI-4311",1.37600000,4.50000000000000e+00,0.99027380000,0.0181700000,1664.00,1273.0000,5063.00,0.816000,0.844100,1,2,"Transit",2026
"TOI-2147 b","TOI-2147",10.50000000,1.16000000000000e+02,26.20518000000,0.1720000000,820.00,68.2928,5983.00,0.990000,1.390000,1,1,"Transit",2026
"TOI-6019 b","TOI-6019",12.30000000,1.49000000000000e+02,14.54795200000,0.1212000000,1095.00,249.6501,5561.00,1.130000,2.020000,1,1,"Transit",2026
"Kepler-929 b","Kepler-929",1.11000000,,0.92103213500,0.0198200000,2362.00,8159.9330,5869.00,1.010000,1.020000,1,1,"Transit",2016
"Kepler-1767 b","Kepler-1767",3.01299077,,59.65829849000,0.2873000000,393.00,5.6600,5243.00,0.887000,0.831000,1,1,"Transit",2021
"Kepler-223 e","Kepler-223",4.60000000,4.80000000000000e+00,19.72567000000,0.1448100000,751.00,119.8820,5803.00,1.125000,1.720000,1,4,"Transit",2014
"Kepler-1127 b","Kepler-1127",1.96000000,,5.12330347000,0.0556000000,994.00,160.7650,5664.00,0.970000,0.950000,1,1,"Transit",2016
"Kepler-1793 b","Kepler-1793",3.79037518,,8.77999973300,0.0787000000,713.00,61.2400,5191.00,0.850000,0.764000,1,1,"Transit",2021
"HD 141937 b","HD 141937",12.40000000,3.59146099910000e+03,662.37000000000,1.5400000000,231.49,0.4436,5870.00,1.090000,1.030000,1,1,"Radial Velocity",2002
"Kepler-1367 b","Kepler-1367",0.92000000,,1.57409027200,0.0236000000,998.00,225.2330,4106.00,0.620000,0.600000,1,1,"Transit",2016
"Kepler-1900 b","Kepler-1900",1.62314676,,2.98622989700,0.0420000000,1356.00,798.3500,6173.00,1.104000,1.041000,1,1,"Transit",2021
"Kepler-1364 b","Kepler-1364",2.15000000,,13.32196237000,0.1284000000,1299.00,672.0600,6805.00,1.490000,1.790000,1,1,"Transit",2016
"Kepler-482 b","Kepler-482",2.36000000,,56.35418576000,0.2578700000,352.00,4.4360,4871.00,0.750000,0.720000,1,1,"Transit",2016
"Kepler-1646 b","Kepler-1646",1.23000000,,4.48558383000,0.0295000000,365.00,4.2000,3299.00,0.240000,0.260000,1,1,"Transit",2016
"HD 6718 b","HD 6718",13.30000000,7.62788176800000e+02,2476.00000000000,3.5300000000,148.94,0.0907,5746.00,0.960000,1.020000,1,1,"Radial Velocity",2009
"Kepler-32 c","Kepler-32",2.00000000,1.58900000000000e+02,8.75220000000,0.0900000000,451.00,10.6800,3900.00,0.580000,0.530000,1,5,"Transit",2011
"K2-177 b","K2-177",2.11620480,,14.15518500000,,,,6063.00,1.210525,1.213565,1,1,"Transit",2018
"Kepler-259 c","Kepler-259",2.70000000,,36.92493100000,0.2170000000,530.00,15.0540,5938.00,0.867000,0.898000,1,2,"Transit",2014
"K2-183 b","K2-183",1.10000000,,0.46928500000,,,,5482.00,0.942219,0.870000,1,3,"Transit",2018
"Kepler-222 d","Kepler-222",3.69000000,,28.08191200000,0.1800000000,522.00,15.0870,5433.00,0.933000,0.869000,1,3,"Transit",2014
"Kepler-165 c","Kepler-165",2.23000000,,15.31299000000,0.1100000000,581.00,25.9310,5211.00,0.746000,0.770000,1,2,"Transit",2014
"K2-263 b","K2-263",2.51300000,1.54000000000000e+01,50.81917200000,0.2573000000,482.00,8.1700,5368.00,0.880000,0.850000,1,1,"Transit",2018
"Kepler-166 d","Kepler-166",1.73000000,,1.55400392800,0.0244900000,1313.00,651.4090,5350.00,0.880000,0.830000,1,3,"Transit",2016
"Kepler-52 b","Kepler-52",2.10000000,1.35000000000000e+02,7.87735650000,0.0637000000,553.00,22.7200,4075.00,0.540000,0.520000,1,3,"Transit",2012
"K2-186 b","K2-186",3.17207779,,41.47421900000,,,,5784.00,1.018617,0.980830,1,1,"Transit",2018
"K2-195 c","K2-195",2.57581891,,28.48278600000,,,,5712.00,0.963364,0.906367,1,2,"Transit",2018
"K2-187 e","K2-187",1.90000000,,13.60662900000,0.1106000000,698.00,52.0501,5438.00,0.966999,0.830000,1,4,"Transit",2018
"K2-187 c","K2-187",1.40000000,,2.87151200000,0.0392000000,1173.00,414.3430,5438.00,0.966999,0.830000,1,4,"Transit",2018
"K2-189 b","K2-189",1.40300000,,2.58812000000,0.0361000000,1203.00,497.0000,5442.00,0.850000,0.879000,1,2,"Transit",2018
"K2-280 b","K2-280",7.50000000,3.71000000000000e+01,19.89526000000,0.1461000000,787.00,69.5000,5500.00,1.030000,1.280000,1,1,"Transit",2018
"K2-381 c","K2-381",2.00000000,,16.03465600000,,,,4473.00,0.754000,0.675000,1,3,"Transit",2022
"Kepler-229 b","Kepler-229",2.20000000,,6.25297200000,0.0620000000,823.00,76.2170,5120.00,0.808000,0.728000,1,3,"Transit",2014
"K2-222 b","K2-222",2.27500000,7.50000000000000e+00,15.38892740000,0.1186000000,803.00,95.0000,5942.00,0.940000,1.072000,1,1,"Transit",2018
"K2-220 b","K2-220",2.37000000,,13.68186000000,0.1104000000,761.00,79.7000,5612.00,0.910000,1.026000,1,1,"Transit",2018
"Kepler-491 b","Kepler-491",8.92000000,,4.22538451200,0.0519100000,1111.00,312.5140,5582.00,1.040000,1.030000,1,1,"Transit",2016
"Kepler-197 b","Kepler-197",1.02000000,,5.59930800000,0.0600000000,1142.00,431.2560,6004.00,0.857000,1.120000,2,4,"Transit",2014
"Kepler-216 b","Kepler-216",2.35000000,,7.69364100000,0.0790000000,1069.00,540.0340,6091.00,1.126000,1.260000,1,2,"Transit",2014
"K2-176 b","K2-176",1.49090097,,5.32943900000,,,,5428.00,0.938545,0.864160,1,1,"Transit",2018
"K2-223 b","K2-223",0.89000000,,0.50557000000,0.0127000000,2271.00,5714.3505,5859.00,1.060000,1.000000,1,2,"Transit",2018
"Kepler-1732 b","Kepler-1732",4.09903273,,32.31240082000,0.2015000000,699.00,27.0500,5821.00,1.043000,1.494000,1,1,"Transit",2021
"14 Her b","14 Her",12.50000000,2.82867282230000e+03,1766.41000000000,2.8390000000,147.32,0.0873,5338.00,0.970000,0.930000,1,2,"Radial Velocity",2002
"16 Cyg B b","16 Cyg B",13.50000000,,798.50000000000,1.6600000000,228.76,0.4540,5750.00,1.080000,1.130000,3,1,"Radial Velocity",1996
"K2-368 d","K2-368",1.94800000,,20.20108500000,,,,4663.00,0.746000,0.663000,1,3,"Transit",2022
"Kepler-261 b","Kepler-261",2.18000000,,10.38122700000,0.0880000000,672.00,45.7790,5098.00,0.834000,0.794000,1,2,"Transit",2014
"1RXS J160929.1-210524 b","1RXS J160929.1-210524",18.64700000,3.00000000000000e+03,,330.0000000000,1700.00,0.0000,4060.00,0.850000,1.313160,1,1,"Imaging",2008
"CoRoT-4 b","CoRoT-4",13.34000000,2.28830000000000e+02,9.20205000000,0.0900000000,1074.00,203.9517,6190.00,1.160000,1.170000,1,1,"Transit",2008
"K2-224 c","K2-224",2.41000000,,10.09489000000,0.0886000000,764.00,73.1328,5620.00,0.910000,0.840000,1,2,"Transit",2018
"K2-368 c","K2-368",1.36100000,,9.66018600000,,,,4663.00,0.746000,0.663000,1,3,"Transit",2022
"24 Sex c","24 Sex",13.90000000,,883.00000000000,2.0800000000,377.31,3.3719,5098.00,1.540000,4.900000,1,2,"Radial Velocity",2010
"CoRoT-7 b","CoRoT-7",1.68135000,4.07660517710000e+00,0.85359163000,0.0170160000,1756.00,1773.7952,5275.00,0.820000,0.830000,1,3,"Transit",2009
"K2-226 b","K2-226",1.53899305,,3.27109000000,0.0409500000,1187.00,332.7564,5288.00,0.856000,0.889000,1,1,"Transit",2018
"K2-227 b","K2-227",1.66551298,,13.62183200000,,,,5673.00,0.950811,0.890666,1,1,"Transit",2018
"2MASS J12073346-3932539 b","2MASS J12073346-3932539",15.69257298,1.65270771640000e+03,,46.0000000000,1163.00,0.0000,2825.00,0.188001,0.218870,1,1,"Imaging",2004
"CoRoT-7 c","CoRoT-7",2.83000000,8.40000000000000e+00,3.69800000000,0.0460000000,1098.59,242.7184,5256.00,0.899000,0.864273,1,3,"Radial Velocity",2009
"eps Tau b","eps Tau",12.70000000,,585.82000000000,1.8780000000,603.08,22.1470,4877.00,2.570000,12.350000,1,1,"Radial Velocity",2006
"gam1 Leo b","gam1 Leo",12.50000000,,428.50000000000,1.1900000000,1080.70,228.5105,4330.00,1.230000,31.880000,2,1,"Radial Velocity",2009
"K2-229 b","K2-229",1.00000000,2.55000000000000e+00,0.58421600000,0.0131000000,1818.00,2290.0000,5315.00,0.870000,0.790000,1,2,"Transit",2018
"Kepler-752 b","Kepler-752",2.81000000,,18.82747265000,0.1353000000,632.00,45.2780,5373.00,0.870000,0.830000,1,1,"Transit",2016
"CoRoT-9 b","CoRoT-9",11.94879400,2.66977200000000e+02,95.27265600000,0.4021000000,420.00,3.4440,5625.00,0.960000,0.960000,2,1,"Transit",2009
"K2-343 b","K2-343",1.65000000,,2.78717400000,,653.00,,3804.00,0.490000,0.460000,1,2,"Transit",2021
"51 Peg b","51 Peg",14.10000000,1.93875328270000e+02,4.23079660000,0.0520000000,1328.93,506.1775,5761.00,1.070000,1.190000,1,1,"Radial Velocity",1995
"K2-331 c","K2-331",2.72000000,,22.99659100000,,673.00,,5994.00,1.100000,1.060000,1,2,"Transit",2021
"EPIC 212624936 c","EPIC 212624936",2.30000000,,11.81143700000,,,,5765.00,1.000000,0.930000,1,2,"Transit",2021
"K2-334 b","K2-334",5.65000000,,5.11398100000,,1380.00,832.2294,6502.00,1.360000,1.490000,1,1,"Transit",2021
"K2-379 b","K2-379",2.18100000,,8.77724700000,,,,4603.00,0.856000,0.751000,1,1,"Transit",2022
"61 Vir d","61 Vir",5.11000000,,123.01000000000,0.4760000000,382.51,3.5464,5577.00,0.942000,0.963000,1,3,"Radial Velocity",2009
"K2-202 b","K2-202",2.30165603,,3.40516400000,,,,5491.00,0.971461,0.910685,1,1,"Transit",2018
"K2-343 c","K2-343",2.02000000,,7.67697200000,,465.00,,3804.00,0.490000,0.460000,1,2,"Transit",2021
"K2-342 b","K2-342",2.03000000,,11.56105200000,,861.00,,5920.00,1.010000,1.090000,1,1,"Transit",2021
"Kepler-260 b","Kepler-260",2.01000000,,8.18739900000,0.0750000000,782.00,132.1340,5250.00,1.013000,0.862000,1,2,"Transit",2014
"K2-381 d","K2-381",1.68900000,,26.80302300000,,,,4473.00,0.754000,0.675000,1,3,"Transit",2022
"K2-381 b","K2-381",1.07500000,,7.93893340000,,,,4473.00,0.754000,0.675000,1,3,"Transit",2022
"K2-348 b","K2-348",3.26000000,,4.68841800000,,908.00,133.0830,5077.00,0.830000,0.850000,1,2,"Transit",2021
"K2-384 d","K2-384",1.39200000,,6.67958200000,,,,3623.00,0.330000,0.348000,1,5,"Transit",2022
"81 Cet b","81 Cet",13.10000000,,1005.57000000000,2.1040000000,526.92,13.0071,4734.00,1.230000,11.210000,1,1,"Radial Velocity",2008
"K2-352 c","K2-352",1.92000000,,8.23488500000,,885.00,,5791.00,0.980000,0.950000,1,3,"Transit",2021
"K2-384 c","K2-384",1.19100000,,4.19476600000,,,,3623.00,0.330000,0.348000,1,5,"Transit",2022
"BD+14 4559 b","BD+14 4559",13.80000000,,268.94000000000,0.7800000000,246.28,0.7867,4864.00,0.490000,0.860000,1,1,"Radial Velocity",2009
"K2-204 b","K2-204",3.17214154,,7.05590800000,0.0738000000,1148.00,290.0978,5783.00,1.076000,1.253000,1,1,"Transit",2018
"Kepler-1736 b","Kepler-1736",3.87658560,,37.81029892000,0.2188000000,566.00,24.2700,6085.00,0.976000,0.973000,1,1,"Transit",2021
"K2-205 b","K2-205",1.99552771,,26.67226300000,,,,5890.00,0.951027,1.077574,1,1,"Transit",2018
"Kepler-8 b","Kepler-8",15.87194400,1.87519700000000e+02,3.52249910000,0.0474000000,1680.00,1444.8810,6213.00,1.213000,1.486000,1,1,"Transit",2010
"K2-209 b","K2-209",0.86850263,,2.08061500000,,,,4720.00,0.744790,0.712365,1,1,"Transit",2018
"Kepler-745 b","Kepler-745",2.16000000,,9.93143556000,0.0915000000,931.00,286.0260,5849.00,1.040000,1.040000,1,1,"Transit",2016
"K2-211 b","K2-211",1.33162691,,0.66956100000,0.0141900000,1873.00,2056.0589,5117.00,0.851000,0.818000,1,1,"Transit",2018
"Kepler-262 c","Kepler-262",1.64000000,,21.85372200000,0.1520000000,618.00,25.2600,5841.00,0.816000,0.881000,1,2,"Transit",2014
"Kepler-119 b","Kepler-119",3.60000000,,2.42208200000,0.0350000000,1213.00,745.2850,5595.00,0.918000,0.839000,1,2,"Transit",2014
"K2-394 b","K2-394",1.69200000,,5.09571700000,,643.00,28.5068,4938.00,0.478000,0.631000,1,1,"Transit",2022
"CoRoT-19 b","CoRoT-19",14.46000000,3.52780000000000e+02,3.89713000000,0.0518000000,2000.00,1103.8090,6090.00,1.210000,1.650000,1,1,"Transit",2011
"Kepler-748 b","Kepler-748",2.52000000,,7.40742793000,0.0745000000,938.00,439.7780,5934.00,1.070000,1.100000,1,1,"Transit",2016
"HD 113538 b","HD 113538",13.20000000,,663.20000000000,1.2400000000,140.67,0.0585,4462.00,0.585000,0.530000,1,2,"Radial Velocity",2010
"Kepler-112 b","Kepler-112",2.36000000,,8.40887800000,0.0760000000,809.00,123.8180,5544.00,0.782000,0.841000,1,2,"Transit",2014
"HD 114386 b","HD 114386",13.60000000,4.64029474220000e+02,937.70001000000,1.7300000000,154.56,0.0964,4836.00,0.600000,0.760000,1,2,"Radial Velocity",2003
"HD 136418 b","HD 136418",13.30000000,,464.29999000000,1.2900000000,411.81,4.0863,4989.00,1.480000,3.780000,1,1,"Radial Velocity",2009
"GJ 676 A b","GJ 676 A",12.80000000,1.84086213334400e+03,1051.44521000000,1.7350000000,113.55,0.0301,3734.00,0.626000,0.690000,2,4,"Radial Velocity",2010
"HAT-P-31 b","HAT-P-31",12.21781000,7.21474100000000e+02,5.00542000000,0.0610000000,1450.00,746.9025,6065.00,1.310000,1.390000,1,1,"Transit",2011
"HD 11506 b","HD 11506",12.90000000,1.55100262616000e+03,1617.70000000000,2.8850000000,193.57,0.2609,6123.00,1.220000,1.240000,1,3,"Radial Velocity",2007
"HD 11506 c","HD 11506",14.00000000,,223.92000000000,0.7710000000,374.44,3.6537,6123.00,1.220000,1.240000,1,3,"Radial Velocity",2008
"GJ 581 e","GJ 581",1.38000000,2.48000000000000e+00,3.14810000000,0.0279900000,554.37,15.7830,3500.00,0.295000,0.302000,1,3,"Radial Velocity",2009
"HAT-P-35 b","HAT-P-35",14.93038800,3.35628480000000e+02,3.64670600000,0.0497800000,1581.00,999.6688,6096.00,1.236000,1.435000,3,1,"Transit",2011
"HD 116029 b","HD 116029",13.60000000,,670.00000000000,1.6500000000,400.04,4.1506,4819.00,0.830000,4.890000,2,2,"Radial Velocity",2011
"HD 142245 b","HD 142245",13.10000000,,1299.00000000000,2.7800000000,306.30,1.7468,4922.00,3.500000,4.630000,3,1,"Radial Velocity",2011
"GJ 876 b","GJ 876",13.30000000,7.23223500000000e+02,61.11660000000,0.2083170000,190.60,0.2857,3293.74,0.320000,0.300000,1,4,"Radial Velocity",1998
"HD 118203 b","HD 118203",12.77823800,6.80152790980000e+02,6.13497790000,0.0713000000,1361.00,593.4000,5742.00,1.270000,2.040000,1,2,"Radial Velocity",2005
"HD 142 b","HD 142",12.70000000,2.25658168970000e+03,351.43394000000,1.0390000000,358.19,2.7603,6245.00,1.210000,1.470000,2,3,"Radial Velocity",2001
"GJ 876 d","GJ 876",2.51000000,6.83000000000000e+00,1.93778000000,0.0208066500,603.09,28.6429,3293.74,0.320000,0.300000,1,4,"Radial Velocity",2005
"HD 125595 b","HD 125595",,3.53107360177000e+03,9.67370000000,0.0800000000,687.97,37.7085,4691.00,0.290000,0.740000,1,1,"Radial Velocity",2011
"GQ Lup b","GQ Lup",33.60000000,6.35600000000000e+03,,100.0000000000,2650.00,0.0001,4360.00,0.700000,1.941530,1,1,"Imaging",2004
"GJ 876 e","GJ 876",3.92000000,1.46000000000000e+01,124.26000000000,0.3343000000,150.46,0.1110,3293.74,0.320000,0.300000,1,4,"Radial Velocity",2010
"HD 100655 b","HD 100655",13.50000000,,157.57001000000,0.6800000000,907.14,92.9931,4891.00,2.280000,10.060000,2,1,"Radial Velocity",2011
"Kepler-744 b","Kepler-744",1.62000000,,12.06222443000,0.0973500000,750.00,62.9550,5594.00,0.940000,0.930000,1,1,"Transit",2016
"HD 10180 f","HD 10180",5.24000000,,122.74400000000,0.4929000000,427.54,6.1329,5911.00,1.060000,1.109000,1,6,"Radial Velocity",2010
"HD 126614 b","HD 126614",12.70000000,1.07743829973000e+02,1257.25303000000,2.2490000000,209.54,0.2392,5568.00,0.960000,1.369794,3,1,"Radial Velocity",2009
"HD 10180 g","HD 10180",,3.37533768234000e+03,604.67000000000,1.4270000000,251.27,0.7317,5911.00,1.060000,1.109000,1,6,"Radial Velocity",2010
"HD 12661 b","HD 12661",13.30000000,,262.70862000000,0.8400000000,325.35,1.9237,5645.00,1.200000,1.200000,1,2,"Radial Velocity",2000
"HAT-P-15 b","HAT-P-15",11.88154000,6.16590200000000e+02,10.86350000000,0.0965000000,904.00,79.7578,5568.00,1.000000,1.070000,1,1,"Transit",2010
"HAT-P-16 b","HAT-P-16",14.68376472,1.34156043000000e+03,2.77596727000,0.0413000000,1566.00,1597.5900,6140.00,1.218000,1.158000,3,1,"Transit",2010
"Kepler-764 b","Kepler-764",1.64000000,,7.33683936000,0.0724000000,875.00,160.4570,5557.00,0.920000,0.890000,1,1,"Transit",2016
"Kepler-123 b","Kepler-123",2.94000000,5.53000000000000e+01,17.23236600000,0.1350000000,817.00,138.8070,6089.00,1.079000,1.264000,1,2,"Transit",2014
"HD 104985 b","HD 104985",12.80000000,,199.68000000000,0.7150000000,901.01,115.1548,4738.00,1.220000,11.120000,1,1,"Radial Velocity",2003
"HD 104067 b","HD 104067",9.20000000,,55.85100000000,0.2674000000,407.83,4.2965,4952.00,0.820000,0.780000,1,2,"Radial Velocity",2011
"HD 13189 b","HD 13189",12.40000000,,471.60001000000,1.2500000000,1115.98,277.0528,4175.00,2.240000,38.410000,1,1,"Radial Velocity",2005
"HD 106252 b","HD 106252",12.50000000,3.17828407000000e+03,1535.00000000000,2.6550000000,178.13,0.1884,5874.00,1.050000,1.050000,1,1,"Radial Velocity",2002
"HD 132406 b","HD 132406",12.80000000,1.88790073758000e+03,908.00000000000,1.9800000000,228.73,0.4641,5766.00,0.973000,1.340000,1,1,"Radial Velocity",2007
"HD 108874 c","HD 108874",13.80000000,,1624.00000000000,2.6590000000,168.21,0.1412,5551.00,0.950000,1.050000,1,2,"Radial Velocity",2005
"HD 10647 b","HD 10647",13.80000000,,989.20000000000,2.0150000000,221.54,0.3471,6218.00,1.110000,1.100000,1,1,"Radial Velocity",2006
"HD 134060 b","HD 134060",3.16000000,,3.26960000000,0.0444000000,1473.18,730.4602,5966.00,1.095000,1.164285,1,2,"Radial Velocity",2019
"HAT-P-21 b","HAT-P-21",12.44199000,1.54783210000000e+03,4.12448000000,0.0503700000,1367.00,459.5420,5588.00,1.240000,1.210000,1,1,"Transit",2010
"HD 215152 b","HD 215152",,5.65416736053000e+02,5.75999000000,0.0576380000,846.89,90.3745,4935.00,0.770000,0.730000,1,4,"Radial Velocity",2018
"HD 37124 c","HD 37124",14.10000000,,885.50000000000,1.7100000000,204.73,0.2641,5698.64,0.850000,0.949168,1,3,"Radial Velocity",2002
"HD 159868 b","HD 159868",13.30000000,,1184.10000000000,2.3200000000,255.69,0.6680,5534.00,1.190000,2.130000,1,2,"Radial Velocity",2006
"HD 187085 b","HD 187085",13.90000000,,1019.74000000000,2.1000000000,229.38,30.5887,6117.00,1.189000,1.270000,1,1,"Radial Velocity",2006
"HD 216437 b","HD 216437",13.00000000,1.33487930940000e+03,1359.00000000000,2.5700000000,209.85,0.3389,5909.00,1.220000,1.394000,1,1,"Radial Velocity",2002
"HD 187123 c","HD 187123",13.20000000,9.12167528090000e+02,3810.00000000000,4.8900000000,135.42,0.0560,5790.00,1.040000,1.150430,1,2,"Radial Velocity",2008
"HD 216770 b","HD 216770",14.10000000,,118.45000000000,0.4600000000,370.18,3.7539,5399.00,0.740000,0.930000,1,1,"Radial Velocity",2003
"HD 18742 b","HD 18742",13.10000000,,766.00000000000,1.8200000000,399.93,4.1964,4940.00,1.360000,5.130000,1,1,"Radial Velocity",2011
"HD 21693 c","HD 21693",4.34000000,,53.73570000000,0.2586000000,492.36,9.2712,5430.00,0.800000,0.914378,1,2,"Radial Velocity",2019
"HD 162020 b","HD 162020",12.50000000,,8.42820000000,0.0800000000,650.00,39.0625,4723.00,0.420000,0.750000,1,1,"Radial Velocity",2002
"HD 190647 b","HD 190647",13.40000000,,1176.45000000000,2.2310000000,214.19,0.3978,5656.00,1.069000,1.376000,1,1,"Radial Velocity",2007
"HD 190984 b","HD 190984",13.00000000,1.13782569706000e+03,4885.00000000000,5.5000000000,152.29,0.0890,5988.00,0.910000,1.530000,1,1,"Radial Velocity",2009
"HD 192263 b","HD 192263",14.20000000,,24.35560000000,0.1500000000,486.00,15.0597,4976.00,0.660000,0.740000,1,1,"Radial Velocity",1999
"HD 217786 b","HD 217786",12.30000000,4.40255909376400e+03,1301.36009000000,2.4460000000,207.30,0.3159,5966.00,1.140000,1.270000,2,2,"Radial Velocity",2011
"HD 217107 c","HD 217107",12.90000000,1.38891013859000e+03,5138.70000000000,5.9220000000,123.27,0.0357,5622.00,1.045000,1.224500,1,2,"Radial Velocity",2005
"HD 41004 B b","HD 41004 B",12.10000000,,1.32830000000,,,,5036.00,0.400000,1.041370,2,2,"Radial Velocity",2003
"HD 163607 c","HD 163607",13.30000000,,1272.00000000000,2.3900000000,228.50,0.4605,5522.00,1.120000,1.760000,1,2,"Radial Velocity",2012
"HD 192310 c","HD 192310",5.25000000,,525.80000000000,1.1800000000,185.00,0.2765,5166.00,0.800000,0.857922,1,2,"Radial Velocity",2011
"HD 4208 b","HD 4208",13.90000000,,832.97000000000,1.6620000000,196.68,0.2878,5717.00,0.883000,0.846000,1,1,"Radial Velocity",2001
"HD 164922 b","HD 164922",13.30000000,,1207.00000000000,2.1600000000,159.40,0.1578,5390.00,0.926000,0.946000,1,4,"Radial Velocity",2005
"HD 197037 b","HD 197037",13.90000000,,1035.70000000000,2.0700000000,216.67,0.4042,6150.00,1.110000,1.105000,2,1,"Radial Velocity",2012
"HD 4308 b","HD 4308",4.12000000,,15.56000000000,0.1200000000,799.37,68.8078,5686.00,0.930000,1.020000,1,1,"Radial Velocity",2005
"Kepler-272 c","Kepler-272",1.79000000,9.78000000000000e+01,6.05734200000,0.0610000000,947.00,310.7600,5297.00,0.910000,0.929000,1,3,"Transit",2014
"HD 4313 b","HD 4313",13.40000000,,356.21000000000,1.1570000000,502.39,10.5330,4943.00,1.630000,5.140000,1,1,"Radial Velocity",2009
"HD 168746 b","HD 168746",11.10000000,,6.40400000000,0.0700000000,900.00,224.4898,5570.00,1.070000,1.090000,1,1,"Radial Velocity",2002
"HD 148156 b","HD 148156",13.90000000,,1027.00000000000,2.4500000000,213.76,0.2965,6308.00,1.220000,1.210000,1,1,"Radial Velocity",2009
"HD 17092 b","HD 17092",12.50000000,,359.89999000000,1.3100000000,671.64,33.1963,4326.00,6.730000,13.580000,1,1,"Radial Velocity",2007
"HD 27894 b","HD 27894",14.10000000,,18.01939000000,0.1250000000,627.88,22.7604,4875.00,0.810000,0.891767,1,3,"Radial Velocity",2005
"HD 28254 b","HD 28254",13.00000000,1.20774794660000e+03,1333.00000000000,2.4500000000,212.28,0.3645,5664.00,1.100000,1.480000,2,1,"Radial Velocity",2010
"HD 148427 b","HD 148427",13.70000000,3.81394088400000e+02,331.90000000000,1.1100000000,451.86,4.8905,5025.00,1.640000,3.860000,1,1,"Radial Velocity",2009
"HD 171028 b","HD 171028",13.20000000,,550.00000000000,1.3200000000,374.07,3.1028,5671.00,1.530000,2.470000,1,1,"Radial Velocity",2007
"HD 204313 c","HD 204313",4.31000000,,34.95875000000,0.2110000000,634.95,28.2644,5767.00,1.030000,1.100000,1,3,"Radial Velocity",2015
"HD 30177 b","HD 30177",12.60000000,2.62208435775000e+03,2539.00000000000,3.4900000000,148.00,0.0995,5680.00,0.980000,1.019000,1,2,"Radial Velocity",2002
"HD 290327 b","HD 290327",13.30000000,,2443.00000000000,3.4300000000,139.70,0.0616,5505.00,0.840000,0.950000,1,1,"Radial Velocity",2009
"HD 152581 b","HD 152581",13.40000000,,686.50000000000,1.6600000000,426.55,5.4072,5027.00,1.300000,5.140000,1,1,"Radial Velocity",2011
"HD 177830 b","HD 177830",13.50000000,,410.10001000000,1.1400000000,399.64,3.7258,4901.00,1.700000,3.260000,2,2,"Radial Velocity",1999
"HD 20794 b","HD 20794",1.45000000,,18.31400000000,0.1257000000,660.00,43.4733,5368.00,0.790000,0.930000,1,4,"Radial Velocity",2011
"HD 31253 b","HD 31253",14.10000000,,466.00000000000,1.2600000000,348.36,2.0698,6130.00,1.700000,1.750000,1,1,"Radial Velocity",2010
"HD 178911 B b","HD 178911 B",12.60000000,,71.48400000000,0.3400000000,480.24,7.8319,5588.00,1.240000,1.080000,3,1,"Radial Velocity",2001
"HD 155358 b","HD 155358",13.80000000,,194.30000000000,0.6300000000,421.43,5.0212,5905.00,1.150000,1.380000,1,2,"Radial Velocity",2007
"HD 154857 b","HD 154857",13.30000000,,408.60001000000,1.2900000000,359.86,2.7638,5589.00,1.960000,2.300000,1,2,"Radial Velocity",2004
"HD 155358 c","HD 155358",13.90000000,,391.90000000000,1.0200000000,330.92,1.9155,5900.00,0.920000,1.380000,1,2,"Radial Velocity",2007
"HD 210702 b","HD 210702",13.60000000,,355.50000000000,1.0790000000,485.86,9.3194,4912.00,1.330000,4.540000,1,1,"Radial Velocity",2007
"HD 3651 b","HD 3651",10.10000000,,62.25000000000,0.2950000000,432.84,6.1123,5221.00,0.799000,0.871954,1,1,"Radial Velocity",2003
"HD 156668 b","HD 156668",1.87000000,,4.64550000000,0.0500000000,887.48,679.2975,4850.00,0.772000,0.720000,1,2,"Radial Velocity",2010
"HD 156411 b","HD 156411",14.00000000,,842.20000000000,1.8800000000,304.95,1.5229,5900.00,1.250000,2.160000,1,1,"Radial Velocity",2009
"HD 183263 b","HD 183263",13.10000000,,624.87404000000,1.4600000000,263.26,0.8347,5948.00,1.060000,1.230000,1,2,"Radial Velocity",2004
"HD 63454 b","HD 63454",12.31000000,,2.81805000000,0.0400000000,1018.06,159.9116,4812.00,0.420000,0.770000,1,1,"Radial Velocity",2005
"HD 89307 b","HD 89307",13.40000000,6.42013382140000e+02,2166.00000000000,3.2700000000,166.55,0.1265,5955.00,1.270000,1.100000,1,1,"Radial Velocity",2009
"rho CrB b","rho CrB",13.70000000,,39.84900000000,0.2245000000,614.00,34.7000,5817.00,1.000000,1.361700,1,3,"Radial Velocity",1997
"HD 66428 b","HD 66428",12.40000000,3.47894974302200e+03,2269.81726000000,3.3950000000,159.02,0.1082,5716.00,1.010000,1.130000,1,2,"Radial Velocity",2005
"HD 93083 b","HD 93083",14.30000000,,144.72000000000,0.5080000000,311.57,1.5900,5033.80,0.836000,0.837000,1,2,"Radial Velocity",2005
"HD 69830 b","HD 69830",3.17000000,,8.66700000000,0.0785000000,872.84,97.7824,5385.00,0.860000,0.886947,1,3,"Radial Velocity",2006
"TrES-3 b","TrES-3",14.97500000,6.07030000000000e+02,1.30618581000,0.0228200000,1638.00,1025.5022,5650.00,0.928000,0.829000,1,1,"Transit",2007
"WASP-50 b","WASP-50",13.06969400,4.66828704000000e+02,1.95510000000,0.0293000000,1394.84,690.3398,5400.00,0.892000,0.843000,1,1,"Transit",2011
"HD 69830 d","HD 69830",4.45000000,,197.00000000000,0.6300000000,308.10,1.5182,5385.00,0.860000,0.886947,1,3,"Radial Velocity",2006
"HD 96127 b","HD 96127",13.00000000,1.20774794660000e+03,638.90000000000,1.4100000000,947.29,364.3861,3943.00,0.910000,35.000000,1,1,"Radial Velocity",2011
"HD 70573 b","HD 70573",12.80000000,,851.80000000000,1.7600000000,206.11,0.3222,5737.00,1.000000,0.976919,1,1,"Radial Velocity",2007
"HD 97658 b","HD 97658",2.12000000,8.30000000000000e+00,9.48971160000,0.0805000000,751.00,41.9240,5212.00,0.850000,0.728000,1,1,"Radial Velocity",2010
"V0391 Peg b","V0391 Peg",13.10000000,,1170.00000000000,1.7000000000,519.69,9.3750,29300.00,0.500000,0.230000,1,1,"Pulsation Timing Variations",2007
"WASP-8 b","WASP-8",12.66617000,8.07288200000000e+02,8.15872000000,0.0801000000,1059.00,209.1180,5600.00,1.340000,1.030000,2,2,"Transit",2010
"WASP-10 b","WASP-10",12.10600000,1.00112000000000e+03,3.09276160000,0.0378100000,1370.00,174.0323,4675.00,0.750000,0.698000,1,1,"Transit",2008
"XO-2 N b","XO-2 N",11.13053700,1.99915070000000e+02,2.61585906000,0.0366600000,1328.00,428.0360,5290.00,0.960000,0.998000,2,4,"Transit",2007
"HD 74156 b","HD 74156",13.50000000,,51.63564000000,0.2800000000,679.63,32.0951,6068.00,1.100000,1.510576,1,2,"Radial Velocity",2003
"HD 99706 b","HD 99706",13.70000000,,841.00000000000,1.9800000000,391.46,3.9282,4862.00,1.460000,5.520000,1,2,"Radial Velocity",2011
"HIP 12961 b","HIP 12961",13.20000000,,57.43500000000,0.2500000000,303.32,1.5889,3901.00,0.690000,0.650000,1,1,"Radial Velocity",2010
"HD 45184 b","HD 45184",3.52000000,,5.88540000000,0.0644000000,1156.34,272.4625,5869.00,1.030000,1.075139,1,2,"Radial Velocity",2019
"WASP-16 b","WASP-16",13.67498000,3.94109200000000e+02,3.11860000000,0.0415000000,1389.00,481.9170,5700.00,1.780000,1.140000,1,1,"Transit",2009
"HD 45364 b","HD 45364",9.03000000,,225.79000000000,0.6793000000,301.69,1.3804,5466.00,0.820000,0.890000,1,2,"Radial Velocity",2008
"HD 75898 b","HD 75898",13.20000000,,422.82000000000,1.2025000000,335.16,1.9945,6122.00,1.295000,1.550000,1,2,"Radial Velocity",2007
"HD 7924 b","HD 7924",,2.05825676373200e+03,5.39792000000,0.0600000000,825.90,113.7000,5131.00,0.650000,0.780000,1,3,"Radial Velocity",2008
"Kepler-746 b","Kepler-746",1.11000000,,3.48159251000,0.0435000000,1156.00,421.6100,5418.00,0.910000,0.930000,1,1,"Transit",2016
"HD 79498 b","HD 79498",13.60000000,,1807.00000000000,2.9800000000,164.53,0.1207,5748.00,1.080000,1.050000,2,1,"Radial Velocity",2011
"HD 48265 b","HD 48265",12.60000000,2.35193021180000e+03,778.51000000000,1.8140000000,283.00,1.1670,5733.00,1.312000,1.901000,1,2,"Radial Velocity",2008
"HD 49674 b","HD 49674",6.20000000,,4.94737000000,0.0600000000,1113.78,264.2871,5602.00,1.030000,1.020000,1,1,"Radial Velocity",2002
"HIP 57274 c","HIP 57274",14.20000000,,32.03000000000,0.1780000000,437.32,48.8832,4640.00,0.730000,0.680000,1,3,"Radial Velocity",2011
"HD 52265 b","HD 52265",13.70000000,,119.27000000000,0.5200000000,405.00,7.3281,6136.00,1.204000,1.320000,1,1,"Radial Velocity",2000
"HR 8799 e","HR 8799",13.11453000,3.17830000000000e+03,20815.60000000000,16.4000000000,1150.00,0.0201,7400.00,1.510000,1.493380,1,4,"Imaging",2010
"HD 5891 b","HD 5891",12.60000000,,177.11000000000,0.6400000000,918.78,96.1914,4673.00,1.930000,10.640000,1,1,"Radial Velocity",2011
"HD 85390 b","HD 85390",6.16000000,,799.52000000000,1.3730000000,190.89,0.2281,5186.00,0.758000,0.800000,1,1,"Radial Velocity",2011
"xi Aql b","xi Aql",13.40000000,,136.97000000000,0.6250000000,973.07,149.8624,4841.00,1.740000,10.860000,1,1,"Radial Velocity",2007
"WASP-35 b","WASP-35",14.57170000,2.25659300000000e+02,3.16158000000,0.0431700000,1338.29,758.1026,5990.00,1.050000,1.080000,1,1,"Transit",2011
"TOI-1408 b","TOI-1408",25.00000000,5.93000000000000e+02,4.42587000000,0.0577800000,1293.00,465.1790,6117.00,1.312000,1.530000,1,2,"Transit",2023
"TOI-2524 b","TOI-2524",11.20898070,2.03410180480000e+02,7.18585000000,0.0730000000,1100.00,210.6090,5831.00,1.007000,1.119000,1,1,"Transit",2023
"HD 219415 b","HD 219415",13.80000000,,2093.30000000000,3.2000000000,221.26,0.4071,4820.00,1.000000,2.900000,1,1,"Radial Velocity",2012
"WD 0806-661 b","WD 0806-661",12.10569916,2.22479884900000e+03,,2500.0000000000,357.00,,10393.00,0.605000,,1,1,"Imaging",2011
"WASP-99 b","WASP-99",11.43318000,7.72326900000000e+02,5.75251000000,0.0717000000,1480.00,2005.4260,6150.00,1.210000,1.640000,1,1,"Transit",2014
"HD 32963 b","HD 32963",13.40000000,6.57904802490000e+02,2372.00000000000,3.4100000000,157.63,0.0996,5727.00,0.940000,1.111044,1,1,"Radial Velocity",2015
"K2-133 b","K2-133",1.34000000,,3.07133000000,0.0319400000,665.21,32.5438,3655.00,0.461000,0.455000,1,4,"Transit",2017
"HATS-53 b","HATS-53",15.02006000,1.89108850000000e+02,3.85377680000,0.0475300000,1312.00,471.6100,5644.00,0.964000,1.101000,1,1,"Transit",2017
"Kepler-286 b","Kepler-286",1.24000000,,1.79630200000,0.0270000000,1367.00,850.1000,5580.00,0.830000,0.863000,1,4,"Transit",2014
"TOI-283 b","TOI-283",2.34000000,6.54000000000000e+00,17.61745000000,0.1230000000,661.00,30.4000,5213.00,0.800000,0.850000,1,1,"Transit",2025
"Kepler-69 b","Kepler-69",2.24000000,,13.72234100000,0.0940000000,779.00,123.5170,5638.00,0.810000,0.930000,1,2,"Transit",2013
"TOI-2525 b","TOI-2525",8.67575106,2.66975861880000e+01,23.28560000000,0.1511000000,512.97,16.3643,5096.00,0.849000,0.785000,1,2,"Transit",2023
"HD 169830 b","HD 169830",13.20000000,,225.67372000000,0.7650000000,345.00,7.8465,6300.00,1.170000,1.935709,1,2,"Radial Velocity",2000
"HD 192699 b","HD 192699",13.40000000,,340.94000000000,1.0630000000,495.11,9.0351,5041.00,1.380000,4.410000,1,1,"Radial Velocity",2007
"Pr0211 b","Pr0211",13.40000000,,2.14610000000,0.0317600000,1304.13,457.3078,5300.00,0.935000,0.827000,2,2,"Radial Velocity",2012
"HATS-3 b","HATS-3",15.48000000,3.40382000000000e+02,3.54785100000,0.0485000000,1648.00,1212.0044,6351.00,1.209000,1.404000,1,1,"Transit",2013
"HD 33844 c","HD 33844",13.50000000,,916.00000000000,2.2400000000,360.22,2.8101,4861.00,1.780000,5.290000,1,2,"Radial Velocity",2015
"HATS-29 b","HATS-29",14.02245900,2.07542990000000e+02,4.60587490000,0.0547500000,1212.00,356.0000,5670.00,1.032000,1.073000,1,1,"Transit",2016
"K2-138 b","K2-138",1.51000000,3.10000000000000e+00,2.35309000000,0.0338500000,1157.00,486.0000,5356.30,0.935000,0.863000,1,6,"Transit",2017
"gam Lib c","gam Lib",12.80000000,,966.49000000000,2.3180000000,543.71,14.6916,4879.00,1.780000,12.380000,1,2,"Radial Velocity",2018
"TOI-406.01","TOI-406",2.08000000,6.57000000000000e+00,13.17568200000,0.0809000000,368.00,3.0000,3392.00,0.408000,0.410000,1,2,"Transit",2024
"Kepler-282 d","Kepler-282",2.46000000,6.10000000000000e+01,24.80600000000,0.1583700000,588.00,52.3480,5656.00,0.970000,0.890000,1,4,"Transit",2013
"TOI-663 b","TOI-663",2.27000000,4.45000000000000e+00,2.59890200000,0.0295000000,674.00,49.1000,3681.00,0.514000,0.512000,1,3,"Transit",2024
"Kepler-283 b","Kepler-283",2.13000000,,11.00815100000,0.0820000000,488.00,16.2600,4351.00,0.596000,0.566000,1,2,"Transit",2014
"HD 195019 b","HD 195019",13.00000000,,18.20132000000,0.1400000000,901.66,109.8620,5751.00,1.210000,1.480000,2,1,"Radial Velocity",1998
"BD-06 1339 c","BD-06 1339",8.38000000,,125.94000000000,0.4350000000,261.91,0.5024,4324.00,0.700000,0.686355,1,2,"Radial Velocity",2013
"CoRoT-25 b","CoRoT-25",12.11000000,8.58100000000000e+01,4.86069000000,0.0578000000,1330.00,414.1434,6040.00,1.090000,1.190000,1,1,"Transit",2013
"HD 564 b","HD 564",12.50000000,,492.30000000000,1.2000000000,261.10,0.7254,5902.00,0.961000,1.010000,1,1,"Radial Velocity",2014
"HATS-45 b","HATS-45",14.41477400,2.22481000000000e+02,4.18762440000,0.0551100000,1518.00,811.3504,6450.00,1.272000,1.315000,1,1,"Transit",2018
"Kepler-421 b","Kepler-421",4.16000000,,704.19840000000,1.2190000000,185.00,0.2000,5308.00,0.794000,0.757000,1,1,"Transit",2014
"TOI-663 d","TOI-663",1.92000000,5.20000000000000e+00,7.10272680000,0.0576000000,482.00,12.9000,3681.00,0.514000,0.512000,1,3,"Transit",2024
"TOI-1443 b","TOI-1443",2.30381001,3.00000000000000e+01,23.54067800000,0.1470000000,520.66,16.8576,5224.00,0.766300,0.751100,1,1,"Transit",2024
"HAT-P-41 b","HAT-P-41",22.97845000,3.78217700000000e+02,2.69405000000,0.0425800000,1941.00,2485.0721,6390.00,2.560000,2.050000,2,1,"Transit",2012
"HD 5608 b","HD 5608",13.70000000,,768.70000000000,1.7900000000,403.72,4.4568,4807.00,1.290000,5.430000,2,1,"Radial Velocity",2012
"HD 13908 b","HD 13908",13.90000000,,19.38200000000,0.1540000000,993.25,168.6392,6255.00,1.290000,1.670000,1,2,"Radial Velocity",2013
"HD 108341 b","HD 108341",13.30000000,7.15113915750000e+02,1129.00000000000,2.0000000000,155.23,0.1066,5122.00,0.843000,0.790000,2,1,"Radial Velocity",2014
"KELT-12 b","KELT-12",19.95202000,3.01938500000000e+02,5.03162300000,0.0670800000,1800.00,1749.0000,6279.00,1.591000,2.370000,1,1,"Transit",2017
"HD 34445 f","HD 34445",6.88000000,,676.80000000000,1.5430000000,266.14,0.8442,5836.00,1.070000,1.380000,1,6,"Radial Velocity",2017
"HD 34445 e","HD 34445",4.26000000,,49.17500000000,0.2687000000,637.76,27.8395,5836.00,1.070000,1.380000,1,6,"Radial Velocity",2017
"KELT-19 A b","KELT-19 A",21.40919000,1.29356810000000e+03,4.61170930000,0.0637000000,1935.00,2340.0000,7500.00,1.620000,1.830000,2,1,"Transit",2017
"KOI-1257 b","KOI-1257",10.54000000,4.60830000000000e+02,86.64766100000,0.3820000000,511.00,7.2800,5520.00,0.990000,1.130000,2,1,"Transit",2014
"TOI-1226 b","TOI-1226",2.41011120,,3.92880881576,,1123.44,376.4613,5434.91,1.010000,0.986943,1,1,"Transit",2026
"K2-219 d","K2-219",2.57634456,,11.13727800000,,,,5753.00,1.021545,1.189232,1,3,"Transit",2018
"HD 216435 b","HD 216435",13.70000000,,1311.00000000000,2.5600000000,242.57,0.5501,5999.00,1.300000,1.800029,1,1,"Radial Velocity",2002
"HD 23079 b","HD 23079",13.20000000,,735.74000000000,1.6000000000,237.47,0.5273,5994.00,1.160000,1.080000,1,2,"Radial Velocity",2001
"BD+49 828 b","BD+49 828",13.50000000,,2590.00000000000,4.2000000000,320.63,1.6730,4943.00,1.520000,7.600000,1,1,"Radial Velocity",2015
"HD 20794 e","HD 20794",2.03000000,,147.02000000000,0.5090000000,352.04,2.6513,5401.00,0.813000,0.930000,1,4,"Radial Velocity",2017
"K2-239 b","K2-239",1.10000000,,5.24000000000,0.0441000000,502.00,8.2270,3420.00,0.400000,0.360000,1,3,"Transit",2018
"TOI-880.02","TOI-880",2.19000000,,2.57571000000,0.0349000000,1085.00,301.8661,5050.00,0.870000,0.830000,1,2,"Transit",2024
"TOI-1232 b","TOI-1232",10.92875618,2.20572914458000e+02,14.25600000000,0.1170000000,785.71,90.0659,5823.00,1.058000,1.072000,1,2,"Transit",2026
"WASP-71 b","WASP-71",13.22662000,4.41783700000000e+02,2.90367000000,0.0460000000,2016.10,3384.6097,6050.00,0.760000,1.820000,1,1,"Transit",2012
"HD 159243 c","HD 159243",13.40000000,,248.40000000000,0.8000000000,349.35,2.0315,6123.00,1.125000,1.120000,1,2,"Radial Velocity",2013
"HIP 91258 b","HIP 91258",13.70000000,,5.05050000000,0.0600000000,1024.97,166.6086,5519.00,0.970000,0.890000,1,1,"Radial Velocity",2013
"HIP 109384 b","HIP 109384",13.50000000,,499.48000000000,1.1340000000,213.83,0.3732,5180.00,0.780000,0.831075,1,1,"Radial Velocity",2016
"HD 27894 c","HD 27894",8.24000000,,36.07000000000,0.1980000000,498.89,9.0713,4875.00,0.800000,0.891767,1,3,"Radial Velocity",2017
"K2-239 d","K2-239",1.10000000,,10.11500000000,0.0685000000,399.00,3.4099,3420.00,0.400000,0.360000,1,3,"Transit",2018
"Kepler-778 b","Kepler-778",1.68000000,,3.75574426000,0.0453000000,977.00,216.5680,5102.00,0.810000,0.770000,1,1,"Transit",2016
"TOI-1244 b","TOI-1244",2.46700000,6.60000000000000e+00,6.40031648300,0.0606940000,714.86,56.6300,4599.00,0.730000,0.721000,1,1,"Transit",2024
"TOI-1466 b","TOI-1466",2.46741991,,1.87190602231,,1001.00,167.0990,4435.39,0.660000,0.749646,1,1,"Transit",2026
"K2-157 b","K2-157",0.93500000,1.14000000000000e+00,0.36525750000,0.0096200000,2432.00,6660.0000,5334.00,0.890000,0.860000,1,3,"Transit",2018
"HD 33564 b","HD 33564",12.50000000,,388.00000000000,1.1000000000,344.43,2.8331,6250.00,1.250000,1.436700,1,1,"Radial Velocity",2005
"WASP-55 b","WASP-55",14.72860064,1.86247446502000e+02,4.46563100000,0.0558000000,1342.00,504.0000,6096.00,1.071000,1.090000,2,1,"Transit",2012
"ROXs 12 b","ROXs 12",12.20000000,5.08500000000000e+03,,210.0000000000,13.23,0.0000,3850.00,0.870000,1.066270,2,1,"Imaging",2013
"bet UMi b","bet UMi",12.70000000,,522.30000000000,1.4000000000,1040.63,273.9958,4126.00,1.400000,38.300000,1,1,"Radial Velocity",2014
"HD 216536 b","HD 216536",13.80000000,,148.60001000000,0.6100000000,897.99,169.5666,4639.00,0.810000,9.830000,1,1,"Radial Velocity",2015
"HIP 65407 b","HIP 65407",14.30000000,,28.12500000000,0.1770000000,610.68,20.7979,5460.00,0.930000,0.952252,1,2,"Radial Velocity",2016
"HD 12484 b","HD 12484",13.20000000,,58.83000000000,0.2970000000,524.30,11.9305,5920.00,1.010000,1.001848,1,1,"Radial Velocity",2016
"NGTS-1 b","NGTS-1",14.90797000,2.58077960000000e+02,2.64729800000,0.0326000000,790.00,65.3000,3916.00,0.617000,0.573000,1,1,"Transit",2017
"K2-148 b","K2-148",1.33000000,,4.38395000000,0.0454000000,733.87,48.8000,4079.00,0.650000,0.632000,2,3,"Transit",2018
"K2-158 b","K2-158",2.64000000,,10.06049000000,0.0887000000,794.00,87.3327,5503.00,0.920000,0.950000,1,2,"Transit",2018
"HD 86081 b","HD 86081",13.60000000,,2.13784310000,0.0346000000,1860.31,2003.7697,5939.00,1.210000,1.460000,2,1,"Radial Velocity",2006
"HD 45652 b","HD 45652",14.30000000,,44.07300000000,0.2370000000,508.40,11.2332,5294.00,0.920000,0.940000,1,1,"Radial Velocity",2008
"WASP-62 b","WASP-62",14.79588000,1.65271600000000e+02,4.41195000000,0.0571000000,1475.30,1817.8874,6230.00,1.110000,1.230000,1,1,"Transit",2012
"HIP 65426 b","HIP 65426",16.81350000,2.86047000000000e+03,,92.0000000000,1500.00,0.0022,8840.00,1.960000,1.770000,1,1,"Imaging",2017
"K2-148 d","K2-148",1.64000000,,9.75790000000,0.0774000000,562.05,16.8000,4079.00,0.650000,0.632000,2,3,"Transit",2018
"GJ 1265 b","GJ 1265",2.63000000,,3.65110000000,0.0260000000,424.04,5.3846,3236.00,0.178000,0.192000,1,1,"Radial Velocity",2018
"HD 6061 b","HD 6061",2.42763557,1.00000000000000e+01,5.25490000000,0.0600000000,1075.31,339.1000,5934.00,1.026900,1.007200,2,1,"Transit",2023
"FU Tau b","FU Tau",12.20000000,5.08528000000000e+03,,800.0000000000,2375.00,0.0000,2838.00,0.050000,,1,1,"Imaging",2008
"Kepler-19 c","Kepler-19",3.68000000,1.31000000000000e+01,28.73100000000,0.1765736996,589.64,22.1608,5544.00,0.936000,0.859000,1,3,"Transit Timing Variations",2011
"Kepler-25 d","Kepler-25",10.00000000,7.19000000000000e+01,122.40000000000,0.4164221832,544.68,15.2243,6354.00,1.165000,1.316000,2,3,"Radial Velocity",2014
"HIP 8541 b","HIP 8541",12.60000000,2.45172833159800e+03,1852.14387000000,3.7290000000,305.12,1.4683,4672.00,2.009000,6.840000,2,2,"Radial Velocity",2016
"K2-113 b","K2-113",12.14000000,4.10000700000000e+02,5.81768500000,0.0642000000,1098.00,277.3900,5660.00,1.040000,1.240000,1,1,"Transit",2017
"K2-152 b","K2-152",2.29000000,,32.64790000000,0.1716000000,337.00,2.9000,4044.00,0.630000,0.610000,1,1,"Transit",2018
"K2-243 c","K2-243",2.01000000,,24.94598000000,0.1817000000,801.00,80.9171,6570.00,1.290000,1.390000,1,2,"Transit",2018
"HD 13167 b","HD 13167",13.10000000,,2613.00000000000,4.1000000000,208.79,0.5428,5671.00,1.350000,2.390000,1,1,"Radial Velocity",2018
"TOI-929 b","TOI-929",2.68983343,,5.83015366944,,774.00,59.7261,4457.16,0.700000,0.717414,1,1,"Transit",2026
"K2-162 b","K2-162",1.44000000,,9.45889000000,0.0795000000,631.00,34.8621,4842.00,0.750000,0.690000,1,1,"Transit",2018
"K2-161 b","K2-161",6.11721229,,9.28318800000,,,,4972.00,0.986876,2.568173,1,1,"Transit",2018
"KELT-3 b","KELT-3",17.48604000,6.16590200000000e+02,2.70339000000,0.0412300000,1816.00,1704.5700,6304.00,1.960000,1.700000,2,1,"Transit",2013
"Kepler-97 c","Kepler-97",,3.44000000000000e+02,789.00000000000,,,,5779.00,0.940000,0.980000,1,2,"Radial Velocity",2014
"KELT-14 b","KELT-14",19.53728700,4.08093720000000e+02,1.71005660000,0.0300500000,1970.00,826.1130,5720.00,1.239000,1.520000,1,1,"Transit",2016
"tau Cet h","tau Cet",1.19000000,,49.41000000000,0.2430000000,473.22,8.3829,5310.00,0.783000,0.830000,1,3,"Radial Velocity",2017
"K2-154 c","K2-154",2.07000000,,7.95486000000,0.0677000000,552.00,20.5000,4097.00,0.650000,0.630000,1,2,"Transit",2018
"K2-246 b","K2-246",3.49000000,,5.76918000000,0.0602000000,977.00,194.9508,5610.00,0.870000,0.940000,1,1,"Transit",2018
"TOI-969 b","TOI-969",2.76500000,9.10000000000000e+00,1.82373050000,0.0263600000,941.00,188.0000,4435.00,0.734000,0.671000,1,2,"Transit",2022
"TOI-1291 b","TOI-1291",5.63826391,,7.16200975510,,1649.00,1230.4200,6139.95,1.200000,1.810900,1,1,"Transit",2026
"HD 220689 b","HD 220689",13.70000000,3.81394088400000e+02,2266.40000000000,3.3960000000,160.11,0.1074,5921.00,1.016000,1.068000,1,1,"Radial Velocity",2012
"GJ 163 b","GJ 163",3.25000000,,8.63182000000,0.0607000000,438.49,5.3165,3500.00,0.400000,0.409738,1,3,"Radial Velocity",2013
"WASP-104 b","WASP-104",12.74500000,4.04263000000000e+02,1.75541370000,0.0291800000,1516.00,867.7365,5475.00,1.076000,0.963000,2,1,"Transit",2014
"HAT-P-53 b","HAT-P-53",14.77346200,4.71659720000000e+02,1.96162410000,0.0315900000,1778.00,1400.0226,5956.00,1.093000,1.209000,1,1,"Transit",2015
"HD 111591 b","HD 111591",12.90000000,,1056.40000000000,2.5000000000,422.08,6.0912,4884.00,1.940000,8.030000,1,1,"Radial Velocity",2017
"K2-155 b","K2-155",1.80000000,,6.34200000000,0.0562000000,708.00,19.9000,4258.00,0.650000,0.580000,1,3,"Transit",2018
"HD 180053 b","HD 180053",13.30000000,,213.72000000000,0.8430000000,542.98,17.6730,5131.00,1.750000,4.060000,1,1,"Radial Velocity",2018
"TOI-1669 c","TOI-1669",2.29639770,1.30000000000000e+01,2.68005350000,0.0376000000,1285.16,342.9970,5497.00,0.986700,1.056100,1,2,"Transit",2024
"K2-165 d","K2-165",2.64809498,,14.10136100000,,629.38,37.0819,5185.00,0.834847,0.803827,1,3,"Transit",2018
"DENIS-P J082303.1-491201 b","DENIS-P J082303.1-491201",11.90000000,9.05777000000000e+03,246.36000000000,0.3600000000,,,,0.075000,,1,1,"Astrometry",2013
"NGC 2682 YBP 1514 b","NGC 2682 YBP 1514",14.00000000,,5.11800000000,,,,5725.00,0.960000,0.890000,1,1,"Radial Velocity",2014
"HD 14067 b","HD 14067",12.20000000,4.86277462710000e+03,2744.00000000000,5.1500000000,360.28,2.9812,4815.00,2.400000,12.400000,1,1,"Radial Velocity",2014
"K2-30 b","K2-30",11.64615100,1.84023570000000e+02,4.09850300000,0.0483900000,1092.00,299.0000,5425.00,0.900000,0.844000,1,1,"Transit",2016
"YZ Cet d","YZ Cet",1.03000000,,4.65626000000,0.0285100000,356.70,2.7000,3151.00,0.142000,0.157000,1,3,"Radial Velocity",2017
"Kepler-90 i","KOI-351",1.32000000,,14.44912000000,0.1201380843,709.00,128.5790,6015.00,1.120000,1.290000,1,8,"Transit",2017
"HD 75784 c","HD 75784",12.80000000,,7900.00000000000,8.4000000000,149.31,0.0808,4867.00,1.260000,3.400000,1,2,"Radial Velocity",2018
"WASP-56 b","WASP-56",10.53646000,1.43023500000000e+02,4.61710000000,0.0561400000,1216.00,447.8200,5600.00,0.710000,0.960000,2,1,"Transit",2012
"GJ 667 C g","GJ 667 C",1.99000000,,256.20000000000,0.5490000000,,0.0455,3350.00,0.330000,,3,5,"Radial Velocity",2013
"WASP-135 b","WASP-135",14.57170000,6.03877000000000e+02,1.40137940000,0.0243000000,1403.66,917.4101,5675.00,0.980000,0.960000,1,1,"Transit",2015
"CoRoT-32 b","CoRoT-32",6.38913000,4.76745000000000e+01,6.71837000000,0.0710000000,938.00,132.2600,5970.00,1.080000,0.790000,1,1,"Transit",2018
"TOI-1054.01","TOI-1054",2.43432000,,15.50778550000,,853.00,88.0718,6122.00,1.140000,1.170000,1,1,"Transit",2021
"Kepler-504 b","Kepler-504",1.59000000,,9.54927542200,0.0646000000,374.00,5.9910,3519.00,0.330000,0.330000,2,1,"Transit",2016
"TOI-1691 b","TOI-1691",3.66000000,1.46000000000000e+01,16.73688893500,0.1293650000,703.49,59.1300,5759.00,1.030000,1.000000,1,1,"Transit",2024
"K2-221 b","K2-221",1.67890272,,2.39909400000,,,,5716.00,1.010842,0.947599,1,1,"Transit",2018
"GJ 504 b","GJ 504",12.10569916,1.27130000000000e+03,,43.5000000000,510.00,0.0011,6234.00,1.220000,1.260000,1,1,"Imaging",2013
"WASP-68 b","WASP-68",14.79588000,3.43256400000000e+02,5.08430000000,0.0620600000,1490.00,843.4794,5910.00,1.490000,1.790000,2,1,"Transit",2014
"psi1 Dra B b","psi1 Dra B",13.50000000,,3117.00000000000,4.4300000000,159.48,0.1079,6212.00,1.190000,1.255735,3,1,"Radial Velocity",2015
"K2-118 b","K2-118",2.54000000,,50.92092000000,0.2450000000,394.64,4.3000,4726.29,0.756446,0.734626,1,1,"Transit",2017
"GJ 3942 b","GJ 3942",2.57000000,,6.90500000000,0.0608000000,590.00,20.5207,3867.00,0.630000,0.610000,1,1,"Radial Velocity",2017
"Kepler-1654 b","Kepler-1654",9.18017100,1.58915000000000e+02,1047.83560000000,2.0260000000,206.00,0.3000,5597.00,1.011000,1.179000,1,1,"Transit",2018
"TOI-1695 b","TOI-1695",1.90000000,6.36000000000000e+00,3.13427910000,0.0335480000,698.00,39.0000,3690.00,0.513000,0.515000,1,1,"Transit",2022
"Kepler-750 b","Kepler-750",3.07000000,,9.42887179000,0.0874200000,1163.00,255.7400,6160.00,1.150000,1.230000,1,2,"Transit",2016
"WASP-78 b","WASP-78",21.63337000,3.52791300000000e+02,2.17518000000,0.0348800000,2469.70,4812.6238,6100.00,1.870000,2.460000,1,1,"Transit",2012
"HD 66141 b","HD 66141",12.80000000,,480.50000000000,1.2000000000,880.31,120.6806,4323.00,1.100000,21.400000,1,1,"Radial Velocity",2012
"HD 203030 b","HD 203030",14.45958510,3.49611247700000e+03,,487.1000000000,1040.00,0.0000,5603.00,0.940000,0.856458,1,1,"Imaging",2006
"WASP-88 b","WASP-88",16.36514000,1.33488600000000e+02,4.95400000000,0.0643100000,1772.00,1489.5543,6430.00,0.940000,1.800000,1,1,"Transit",2014
"KIC 10001893 c","KIC 10001893",,,0.32528000000,,,,27500.00,0.470000,0.180000,1,3,"Orbital Brightness Modulation",2014
"Wolf 1061 d","Wolf 1061",2.69000000,,217.21000000000,0.4700000000,130.24,0.0600,3342.00,0.294000,0.307000,1,3,"Radial Velocity",2015
"K2-130 b","K2-130",1.25000000,,2.49412000000,0.0320000000,1013.11,136.4000,4356.47,0.695630,0.744261,1,1,"Transit",2017
"K2-129 b","K2-129",1.04000000,,8.23949300000,0.0570000000,419.19,4.5000,3459.09,0.360031,0.360010,1,1,"Transit",2017
"HD 147379 b","HD 147379",4.94000000,,86.58000000000,0.3193000000,276.66,0.7847,4090.00,0.580000,0.628304,2,1,"Radial Velocity",2017
"HATS-42 b","HATS-42",15.69260000,5.97520400000000e+02,2.29210200000,0.0368900000,1856.00,1637.2058,6060.00,1.273000,1.480000,1,1,"Transit",2018
"WASP-144 b","WASP-144",9.52765000,1.39845200000000e+02,2.27831520000,0.0316000000,1260.00,775.8849,5200.00,0.810000,0.810000,1,1,"Transit",2018
"TOI-128.01","TOI-128",2.21898000,,4.94046810000,0.0538101900,1344.51,182.4060,6086.00,0.851969,1.130000,1,1,"Transit",2024
"HD 83443 c","HD 83443",13.60000000,4.76742610500000e+02,8241.00000000000,8.0000000000,89.95,0.0123,5442.00,1.000000,0.940000,1,2,"Radial Velocity",2022
"TOI-1347 c","TOI-1347",1.60000000,6.40000000000000e+00,4.84196200000,0.0546000000,1000.00,183.6642,5464.00,0.913000,0.830000,1,2,"Transit",2024
"HD 108147 b","HD 108147",10.90000000,,10.89850000000,0.1020000000,890.00,193.0925,6255.73,1.220000,1.206640,1,1,"Radial Velocity",2002
"CHXR 73 b","CHXR 73",12.30000000,3.99448600000000e+03,,210.0000000000,,,3099.00,0.350000,,1,1,"Imaging",2006
"KIC 8540376 b","KOI-7892",4.10000000,,31.80990000000,,,,6474.00,1.040000,1.260000,1,3,"Transit",2015
"HATS-51 b","HATS-51",15.80469000,2.44093440000000e+02,3.34887020000,0.0463900000,1553.00,740.2246,5758.00,1.187000,1.440000,1,1,"Transit",2017
"K2-233 b","K2-233",1.31500000,2.40000000000000e+00,2.46758300000,0.0329300000,1127.00,269.0000,4796.00,0.790000,0.710000,1,3,"Transit",2018
"Kepler-814 b","Kepler-814",2.12000000,,6.14698510000,0.0695000000,1164.00,935.1240,6162.00,1.150000,1.220000,1,1,"Transit",2016
"TOI-209 b","TOI-209",2.39472090,,4.37943587445,,845.78,120.9360,4806.66,0.810000,0.742779,1,1,"Transit",2026
"HD 18599 b","HD 18599",2.60000000,2.41000000000000e+01,4.13743540000,0.0480000000,863.00,145.0000,5145.00,0.863000,0.767000,2,1,"Transit",2022
"Kepler-127 c","Kepler-127",2.66000000,,29.39319500000,0.2000000000,698.00,61.6880,6106.00,1.248000,1.359000,1,3,"Transit",2014
"HIP 55507 b","HIP 55507",12.60000000,2.58553409094500e+03,5138.43727000000,5.0620000000,76.05,0.0056,4171.00,0.650000,0.723643,1,1,"Radial Velocity",2022
"NGC 2682 Sand 1429 b","NGC 2682 Sand 1429",13.40000000,,77.48000000000,0.3840000000,683.00,37.2589,6000.00,1.260000,2.130000,1,1,"Radial Velocity",2024
"Kepler-955 b","Kepler-955",3.13000000,,14.53244172000,0.1083000000,664.00,33.0910,5350.00,0.890000,0.840000,1,1,"Transit",2016
"Kepler-962 b","Kepler-962",1.97000000,,12.05707239000,0.0987400000,689.00,53.8230,5478.00,0.930000,0.860000,1,1,"Transit",2016
"TOI-5678 b","TOI-5678",4.91000000,2.00000000000000e+01,47.73022000000,0.2490000000,513.00,3.8369,5485.00,0.905000,0.938000,1,1,"Transit",2023
"HD 155918 c","HD 155918",12.80000000,1.87804805696300e+03,17202.19446000000,13.1830000000,77.38,0.0060,5771.84,1.030000,1.019060,1,2,"Radial Velocity",2022
"TOI-6034 b","TOI-6034",11.92000000,2.54000000000000e+02,2.57618400000,0.0294900000,714.00,43.0000,3635.00,0.514000,0.489000,2,1,"Transit",2024
"HD 101581 b","HIP 56998",0.95600000,,4.46569000000,0.0460000000,834.00,80.0000,4675.00,0.653000,0.630000,1,2,"Transit",2025
"Kepler-922 b","Kepler-922",1.42000000,,0.93846683200,0.0179500000,1876.00,2142.6340,5671.00,0.950000,0.930000,1,1,"Transit",2016
"Barnard c","Barnard's star",0.74300000,,4.12440000000,0.0274000000,400.00,4.7285,3195.00,0.162000,0.185000,1,4,"Radial Velocity",2025
"TIC 32032563 b","TIC 32032563",3.47739942,,13.83460487791,,,,5567.93,1.050000,1.001880,1,1,"Transit",2026
"Kepler-911 b","Kepler-911",2.60000000,,20.31050100000,0.1559400000,931.00,198.7250,6112.00,1.340000,1.990000,1,1,"Transit",2016
"HD 16905 b","HD 16905",12.40000000,3.59146099910000e+03,10256.00000000000,8.8000000000,69.63,0.0039,4866.12,0.850000,0.774940,1,1,"Radial Velocity",2022
"HD 184010 b","HD 184010",12.10000000,,286.60000000000,0.9400000000,545.04,14.8144,4971.00,1.350000,4.860000,1,3,"Radial Velocity",2022
"TOI-6041 b","TOI-6041",4.55000000,2.89000000000000e+01,26.04945000000,0.1651000000,605.60,22.4000,5445.00,0.885000,0.879000,1,2,"Transit",2025
"TOI-6281 b","TOI-6281",1.92416074,,1.05426244177,,2240.00,4181.0200,4533.23,0.650000,0.874219,1,1,"Transit",2026
"TOI-4600 c","TOI-4600",9.42000000,2.94626933289000e+03,482.81910000000,1.1520000000,191.00,48.3867,5170.00,0.890000,0.810000,1,2,"Transit",2023
"Luhman 16 b","Luhman 16 A",11.90000000,9.34415516580000e+03,9697.00000000000,3.5200000000,,0.0000,,0.033800,,1,1,"Imaging",2017
"Barnard b","Barnard's star",0.72000000,,3.15420000000,0.0229000000,438.00,6.7600,3195.00,0.162000,0.185000,1,4,"Radial Velocity",2024
"Barnard e","Barnard's star",0.63700000,,6.73920000000,0.0381000000,340.00,2.4456,3195.00,0.162000,0.185000,1,4,"Radial Velocity",2025
"HD 224018 c","HD 224018",2.42000000,1.04000000000000e+01,36.57669000000,0.2170000000,641.00,28.2444,5784.00,1.013000,1.147000,1,3,"Transit",2025
"TIC 38825265 b","TIC 38825265",2.18869476,,3.31336980985,,,,4375.52,0.640000,0.664503,1,1,"Transit",2026
"Kepler-1012 b","Kepler-1012",1.29000000,,5.50860439000,0.0606600000,934.00,191.8110,5556.00,0.950000,0.910000,1,1,"Transit",2016
"Kepler-1754 b","Kepler-1754",2.43996509,,8.19594955400,0.0718000000,672.00,48.2000,4723.00,0.734000,0.747000,1,1,"Transit",2021
"LHS 1678 d","LHS 1678",0.98100000,,4.96522290000,0.0400000000,462.95,9.1000,3490.00,0.345000,0.329000,2,3,"Transit",2024
"HD 18143 c","HD 18143",12.50000000,3.17764841318600e+03,28982.41764000000,17.5300000000,54.55,0.0016,5078.00,0.850000,0.870000,1,2,"Radial Velocity",2022
"Kepler-935 b","Kepler-935",1.35000000,,4.88083852000,0.0527000000,879.00,94.6070,4830.00,0.780000,0.730000,1,1,"Transit",2016
"Kepler-879 c","Kepler-879",0.40000000,,0.64671600000,,,,5456.75,0.974000,1.022000,1,2,"Transit",2024
"ZTF J1230-2655 b","ZTF J1230-2655",13.78704626,7.02400779470000e+03,0.23597766000,,2949.65,17889.7450,10000.00,0.646000,0.012300,1,1,"Transit",2025
"TIC 270471727 b","TIC 270471727",2.75029559,,10.45623256647,,1147.10,283.9789,5271.39,0.900000,0.997091,1,1,"Transit",2026
"TIC 65612701 b","TIC 65612701",5.07802804,,10.22467974953,,,,5692.29,1.060000,1.737090,1,1,"Transit",2026
"Kepler-1014 b","Kepler-1014",2.39000000,,16.57110363000,0.1210000000,614.00,33.4790,5388.00,0.880000,0.840000,1,1,"Transit",2016
"Kepler-1044 b","Kepler-1044",2.67000000,,6.77408868000,0.0741000000,1058.00,218.4970,5985.00,1.080000,1.110000,1,1,"Transit",2016
"Kepler-66 b","Kepler-66",2.80000000,,17.81581500000,0.1352000000,699.00,62.8450,5962.00,1.038000,0.966000,1,1,"Transit",2013
"Kepler-857 b","Kepler-857",6.80000000,,85.35129427000,0.3751000000,390.00,5.7470,5773.00,0.990000,0.990000,1,1,"Transit",2016
"TOI-6080 b","TOI-6080",3.32424168,,8.05562348084,,919.33,168.8120,5775.46,1.010000,1.062210,1,1,"Transit",2026
"Wolf 1069 b","Wolf 1069",1.08000000,,15.56400000000,0.0672000000,250.10,0.6520,3158.00,0.167000,0.181300,1,1,"Radial Velocity",2023
"TOI-6330 b","TOI-6330",10.89000000,3.17900000000000e+03,6.85002460000,0.0576300000,495.00,9.9700,3539.00,0.531000,0.490000,1,1,"Transit",2025
"ITG 15 b","ITG 15 A",12.10000000,6.67439654700000e+03,,435.0000000000,2601.00,,,,,2,1,"Imaging",2024
"WISPIT 2 b","WISPIT 2",17.93436912,1.54146777395000e+03,,57.0000000000,33.46,0.0002,4400.00,1.080000,1.418000,1,2,"Imaging",2025
"NGTS-38 b","NGTS-38",12.11690814,1.51604150139000e+03,180.52797000000,0.6970000000,457.00,10.1316,6310.00,1.460000,1.880000,1,1,"Transit",2026
"TOI-5210 b","TOI-5210",10.72699453,8.19997290060000e+01,4.56610610000,0.0557000000,1286.00,456.0000,5723.00,1.105000,1.209000,1,1,"Transit",2025
"TOI-5726.01","TOI-5726",2.55400000,,5.49112521500,0.0621860000,1093.03,338.9500,5874.00,1.060000,1.106000,1,1,"Transit",2024
"HD 194490 b","HD 194490",12.40000000,3.56190295724900e+03,13092.18348000000,11.1160000000,90.87,0.0114,5861.32,1.060000,1.149110,1,1,"Radial Velocity",2022
"HD 190228 b","HD 190228",12.90000000,1.59867688721000e+03,1143.59858000000,2.4060000000,267.99,0.8598,5360.00,1.415000,2.586580,1,1,"Radial Velocity",2022
"HD 206893 b","HD 206893",14.01122587,6.19765393650000e+03,11100.00000000000,10.7500000000,1429.20,0.0247,6500.00,1.310000,1.311160,1,2,"Imaging",2021
"HD 112570 b","HD 112570",13.10000000,1.08697315194000e+03,2615.00000000000,3.9000000000,364.01,2.9139,4750.00,1.150000,9.850000,1,1,"Radial Velocity",2023
"HD 154391 b","HD 154391",12.50000000,2.89223850370000e+03,5163.00000000000,7.4600000000,253.57,0.6850,4909.00,2.070000,8.560000,1,1,"Radial Velocity",2023
"G 196-3 b","G 196-3",12.00000000,8.26353858200000e+03,,350.0000000000,1670.00,0.0000,3517.00,0.519782,0.522432,1,1,"Imaging",2024
"Kepler-1026 b","Kepler-1026",2.21000000,,36.51560530000,0.1977000000,425.00,5.9880,4948.00,0.790000,0.750000,1,1,"Transit",2016
"G 261-6 b","G 261-6",1.10000000,,5.45360000000,0.0297100000,322.30,1.8000,2907.00,0.118000,0.153162,1,1,"Radial Velocity",2025
"TOI-5789 d","TOI-5789",1.91000000,,29.65000000000,0.1756000000,545.00,15.2098,5185.00,0.821000,0.833000,1,4,"Radial Velocity",2026
"TOI-5789 b","TOI-5789",1.26000000,,2.76369000000,0.0360800000,1201.00,360.2797,5185.00,0.821000,0.833000,1,4,"Radial Velocity",2026
"TIC 142589416 b","TIC 142589416",2.67899519,,2.09518466313,,,,4396.27,0.641000,0.713832,1,1,"Transit",2026
"NGTS-39 b","NGTS-39",12.19537100,4.66254273069000e+02,58.20472000000,0.3077000000,519.00,16.7057,6053.00,1.160000,1.160000,1,1,"Transit",2026
"Gliese 48 b","Gliese 48",2.77000000,,39.62990000000,0.1752000000,271.00,0.8900,3450.00,0.470000,0.463000,1,1,"Radial Velocity",2026
"Kepler-993 b","Kepler-993",2.97000000,,22.08557563000,0.1300000000,352.00,3.9540,3843.00,0.570000,0.540000,1,1,"Transit",2016
"Kepler-80 d","Kepler-80",1.53000000,6.75000000000000e+00,3.07222000000,0.0372000000,722.00,164.6250,4540.00,0.730000,0.678000,1,6,"Transit",2014
"K2-411 b","K2-411",0.98980000,,3.21410000000,0.0511000000,1428.52,619.0380,5711.00,1.018000,1.375000,1,1,"Transit",2022
"HD 169142 b","HD 169142",13.10000000,9.53485221000000e+02,,37.2000000000,71.02,0.0042,7246.00,1.850000,1.537020,1,1,"Imaging",2023
"TOI-6383 A b","TOI-6383 A",11.29000000,3.31000000000000e+02,1.79058695000,0.0229200000,745.00,51.3000,3444.00,0.458000,0.457000,2,1,"Transit",2024
"TIC 139270665 b","TIC 139270665",7.22979255,1.47154552441000e+02,23.62400000000,0.1630000000,703.00,40.3000,5844.00,1.035000,1.016000,1,2,"Transit",2024
"TOI-7149 b","TOI-7149",13.20000000,2.24000000000000e+02,2.65206166000,0.0260300000,593.00,20.6000,3363.00,0.344000,0.351000,1,1,"Transit",2025
"Kepler-348 b","Kepler-348",1.52000000,,7.05677000000,0.0760000000,1196.00,438.9420,6177.00,1.189000,1.359000,1,2,"Transit",2014
"TOI-5789 e","TOI-5789",3.43000000,,62.98000000000,0.2901000000,424.00,5.5729,5185.00,0.821000,0.833000,1,4,"Radial Velocity",2026
"TIC 154870955 b","TIC 154870955",3.09467466,,7.96987471280,,,,4739.58,0.828000,0.724328,1,1,"Transit",2026
"Kepler-332 b","Kepler-332",1.17000000,,7.62632400000,0.0700000000,703.00,53.7120,4955.00,0.743000,0.720000,1,3,"Transit",2014
"TOI-5238 b","TOI-5238",5.22000000,,4.87217100000,,1042.00,195.9250,5631.00,1.000000,1.022830,1,1,"Transit",2022
"Kepler-914 b","Kepler-914",1.38000000,,4.40966548000,0.0545400000,1192.00,568.3780,5877.00,1.100000,1.150000,1,1,"Transit",2016
"K2-413 c","K2-413",1.23270000,,5.33010000000,0.0426000000,804.55,69.5290,4116.00,0.808000,0.700000,1,2,"Transit",2022
"TOI-6086 b","TOI-6086",1.18000000,,1.38887250000,0.0154100000,634.00,26.8000,3200.00,0.254000,0.259000,1,1,"Transit",2024
"Kepler-314 c","Kepler-314",2.90000000,,5.96039200000,0.0640000000,890.00,149.9770,5378.00,0.990000,0.950000,1,2,"Transit",2014
"HIP 29442 c","TOI-469",1.55100000,4.50000000000000e+00,3.53795590000,0.0451800000,1123.00,451.0000,5289.00,0.901000,0.980000,1,3,"Radial Velocity",2023
"HD 63433 d","HD 63433",1.07300000,,4.20907500000,0.0503000000,1040.00,296.4321,5688.00,0.990000,0.912000,1,3,"Transit",2023
"Kepler-317 b","Kepler-317",2.09000000,1.09800000000000e+02,5.52424200000,0.0610000000,976.00,151.6520,5497.00,0.865000,0.941000,1,2,"Transit",2014
"TOI-7384 b","TOI-7384",3.56000000,,6.23402580000,0.0439000000,378.00,4.9000,3185.00,0.318000,0.319000,1,1,"Transit",2026
"Kepler-1768 b","Kepler-1768",2.23346338,,15.13589954000,0.1286000000,933.00,179.1600,6050.00,1.240000,1.572000,1,1,"Transit",2021
"Kepler-981 b","Kepler-981",2.31000000,,4.46975773600,0.0535000000,1103.00,337.4710,5718.00,0.980000,0.960000,1,1,"Transit",2016
"Kepler-1043 b","Kepler-1043",2.55000000,,38.50533980000,0.2159000000,532.00,21.6920,5629.00,0.920000,0.900000,1,1,"Transit",2016
"TOI-5777 b","TOI-5777",3.09551273,,6.91716177373,,602.00,21.9209,4408.03,0.658000,0.671912,1,1,"Transit",2026
"HIP 113103 b","HIP 113103",1.82900000,,7.61030300000,0.0689900000,721.00,55.7356,4930.00,0.761000,0.742000,1,2,"Transit",2023
"UCAC3 113-933 b","UCAC3 113-933",12.10000000,6.67439654700000e+03,,6100.0000000000,1.79,0.0000,3864.00,0.610000,0.564484,1,1,"Imaging",2024
"HD 73344 c","HD 73344",13.50000000,,65.94000000000,0.3388000000,562.57,15.9205,6148.00,1.190000,1.220000,1,3,"Radial Velocity",2025
"Kepler-139 f","Kepler-139",6.67000000,3.60000000000000e+01,355.00000000000,,,,5630.00,1.078000,1.045000,1,5,"Transit Timing Variations",2025
"TIC 249022743 b","TIC 249022743",4.79568155,,2.25719681538,,,,5567.58,1.000000,1.208400,1,1,"Transit",2026
"TIC 260969020 b","TIC 260969020",2.22686612,,8.48584501953,,,,4572.94,0.750000,0.689880,1,1,"Transit",2026
"Kepler-62 e","Kepler-62",1.61000000,3.60000000000000e+01,122.38740000000,0.4270000000,270.00,1.3520,4925.00,0.690000,0.640000,1,5,"Transit",2013
"HD 105618 c","HD 105618",11.90000000,8.41959232983700e+03,77114.07158000000,35.7310000000,51.64,0.0012,5671.00,1.010000,1.273990,1,2,"Radial Velocity",2022
"HIP 113103 c","HIP 113103",2.40000000,,14.24564800000,0.1047900000,585.00,180.4870,4930.00,0.761000,0.742000,1,2,"Transit",2023
"Kepler-1053 b","Kepler-1053",0.98000000,,2.41435165400,0.0315000000,953.00,139.8180,4529.00,0.740000,0.690000,1,1,"Transit",2016
"Kepler-102 d","Kepler-102",1.15400000,3.00000000000000e+00,10.31176700000,0.0861800000,686.00,36.9000,4909.00,0.803000,0.724000,1,5,"Transit",2014
"HD 196067 c","HD 196067",3.21000000,,4.60108800000,,,,6072.00,1.160000,1.710000,2,2,"Radial Velocity",2025
"GJ 887 d","GJ 887",2.34000000,,50.77000000000,0.2120000000,241.00,0.8100,3688.00,0.495000,0.468000,1,4,"Radial Velocity",2026
"Kepler-347 b","Kepler-347",1.97000000,,12.79836000000,0.1100000000,908.00,180.5490,6088.00,0.922000,1.005000,1,3,"Transit",2014
"HD 11112 b","HD 11112",12.60000000,2.59856505563200e+03,17244.90764000000,13.3800000000,94.51,0.0133,5905.64,1.070000,1.473680,1,1,"Radial Velocity",2022
"Kepler-485 b","Kepler-485",14.41000000,,3.24325979600,0.0440100000,1243.00,622.0140,5958.00,1.070000,1.090000,1,1,"Transit",2016
"TIC 393818343 b","TIC 393818343",12.18416202,1.37937528638000e+03,16.24921000000,0.1291000000,805.50,2.2800,5756.00,1.082000,1.086000,2,1,"Transit",2024
"Kepler-1032 b","Kepler-1032",1.87000000,,3.29011795300,0.0361000000,802.00,176.1440,4647.00,0.770000,0.710000,1,1,"Transit",2016
"HD 284149 AB b","HD 284149 A",12.00000000,8.35253053596000e+03,,431.1600000000,2395.00,0.0000,6035.00,1.130000,1.360000,2,1,"Imaging",2017
"WASP-132 d","WASP-132",12.80000000,,1816.60000000000,2.7100000000,107.00,0.0363,4686.00,0.789000,0.758000,1,3,"Radial Velocity",2024
"K2-157 c","K2-157",6.08000000,,25.94200000000,0.1650000000,587.00,22.6500,5334.00,0.890000,0.860000,1,3,"Radial Velocity",2025
"KOINTREAU-4 b","2MASS J16262785-2625152",12.20000000,4.86277462710000e+03,,182.0000000000,,,3252.00,,,1,1,"Imaging",2026
"TIC 390586021 b","TIC 390586021",2.86009388,,2.74703755819,,,,4434.81,0.648000,0.726565,1,1,"Transit",2026
"HD 113337 c","HD 113337",12.10000000,6.29967685514700e+03,5429.93477000000,6.8050000000,153.36,0.0926,6774.00,1.410000,1.500000,3,2,"Radial Velocity",2020
"HD 94771 b","HD 94771",14.20000000,,2164.00000000000,3.4800000000,200.79,0.2710,5631.00,1.200000,1.903000,1,1,"Radial Velocity",2023
"TOI-6695 b","TOI-6695",9.52763359,6.67439654700000e+01,80.38900000000,0.4020000000,599.00,85.9385,6400.00,1.338000,1.517000,1,2,"Transit",2025
"Gaia-5 b","Gaia-5",12.10000000,6.63307885409000e+03,358.62000000000,,,,3447.00,0.339000,0.345000,1,1,"Astrometry",2025
"DMPP-2 d","DMPP-2",11.60000000,,16.49100000000,0.1432000000,1105.06,61.9324,6500.00,1.410000,1.780000,1,3,"Radial Velocity",2026
"TIC 423703298 b","TIC 423703298",2.77230429,,4.03712711976,,,,4540.37,0.691000,0.729825,1,1,"Transit",2026
"Kepler-335 b","Kepler-335",3.39000000,,6.56233100000,0.0750000000,1290.00,721.1240,5877.00,1.367000,1.854000,1,2,"Transit",2014
"Kepler-1023 b","Kepler-1023",2.63000000,,62.13877140000,0.3028400000,524.00,6.9780,5494.00,0.930000,0.890000,1,1,"Transit",2016
"TOI-5592 b","TOI-5592",17.14974047,2.85727737893000e+02,2.60858460000,0.0393500000,1789.00,1712.0000,6237.00,1.194000,1.393000,1,1,"Transit",2025
"HD 122562 c","HD 122562",10.10000000,,84.96276000000,0.4060000000,552.02,15.4863,4956.00,1.241000,2.166270,1,1,"Radial Velocity",2022
"HD 115404 A c","HD 115404 A",12.50000000,3.27967133183300e+03,15319.22517000000,11.3640000000,61.22,0.0023,5019.17,0.830000,0.727007,1,2,"Radial Velocity",2022
"GJ 1002 c","GJ 1002",1.10000000,,21.20200000000,0.0738000000,181.70,0.2570,3024.00,0.120000,0.137000,1,2,"Radial Velocity",2022
"Kepler-932 b","Kepler-932",1.37000000,,1.92143739600,0.0287600000,1276.00,562.2170,5331.00,0.870000,0.840000,1,1,"Transit",2016
"TOI-6707 b","TOI-6707",5.72673066,,3.83479363758,,1509.43,1226.7862,6289.49,1.140000,1.582020,1,1,"Transit",2026
"Kepler-139 e","Kepler-139",13.70000000,3.78000000000000e+02,2047.63537300000,3.2357963900,154.06,0.0991,5622.00,1.078000,1.045000,1,5,"Radial Velocity",2023
"Kepler-328 c","Kepler-328",5.40000000,3.94000000000000e+01,71.31200000000,0.3540000000,475.00,22.0250,6064.00,1.150000,1.060000,1,2,"Transit",2013
"TOI-7510 d","TOI-7510",10.52000000,1.90000000000000e+02,48.86446800000,0.2672000000,542.40,20.6036,5720.00,1.063000,1.035000,1,3,"Transit",2025
"Kepler-1779 b","Kepler-1779",3.03295685,,16.34359932000,0.1264000000,730.00,67.3400,5730.00,1.008000,1.056000,1,1,"Transit",2021
"Kepler-973 b","Kepler-973",1.96000000,,49.60773310000,0.2489000000,402.00,7.8920,5213.00,0.860000,0.780000,1,1,"Transit",2016
"TOI-5595 b","TOI-5595",4.73740402,,5.99002553853,,621.00,24.7628,4417.30,0.645000,0.743344,1,1,"Transit",2026
"HD 203387 b","HD 203387",13.10000000,,512.53520000000,1.7710000000,610.00,23.0974,5174.32,2.817000,10.585200,1,2,"Radial Velocity",2022
"TOI-6016 b","TOI-6016",13.67495645,3.71859236190000e+02,4.02368700000,0.0550000000,1890.00,940.0000,6110.00,1.310000,1.510000,1,1,"Transit",2024
"HIP 99770 b","HIP 99770",12.20000000,5.40308291900000e+03,18600.00000000000,15.8000000000,135.17,0.0555,8000.00,1.900000,1.939860,1,1,"Imaging",2023
"Kepler-1772 b","Kepler-1772",2.68609988,,3.21509003600,0.0439100000,1155.00,1485.0000,5541.00,0.942000,0.934000,1,1,"Transit",2021
"GJ 2126 b","GJ 2126",13.60000000,,272.70000000000,0.7100000000,203.08,0.2833,4159.00,0.650000,0.728000,1,1,"Radial Velocity",2025
"TOI-5616 b","TOI-5616",10.78000000,6.24000000000000e+02,2.00284900000,0.0272000000,939.00,137.0000,3996.00,0.666000,0.646000,1,1,"Transit",2024
"Kepler-408 b","Kepler-408",0.82000000,5.00000000000000e+00,2.46502000000,0.0359200000,1561.00,1503.5810,6104.00,1.080000,1.230000,1,1,"Transit",2014
"Kepler-10 d","Kepler-10",3.49000000,,151.06000000000,0.5379000000,387.00,3.9198,5708.00,0.910000,1.065000,1,3,"Radial Velocity",2023
"GJ 3988 b","GJ 3988",1.74000000,,6.94420000000,0.0405000000,348.00,2.4500,3273.00,0.184200,0.197340,1,1,"Radial Velocity",2023
"TOI-1408 c","TOI-1408",2.22000000,7.60000000000000e+00,2.16640000000,0.0358700000,1864.00,2005.3500,6117.00,1.312000,1.530000,1,2,"Transit Timing Variations",2024
"HD 68475 b","HD 68475",12.80000000,1.63999458012000e+03,7832.00000000000,7.2700000000,79.88,0.0068,5022.00,0.830000,0.790990,1,1,"Radial Velocity",2026
"HD 48265 c","HD 48265",12.90000000,1.41433641115000e+03,10418.00000000000,10.4000000000,124.28,0.0355,5805.00,1.380000,2.050000,1,2,"Radial Velocity",2026
"Kepler-958 b","Kepler-958",2.06000000,,9.76788050000,0.0863100000,749.00,73.5900,5421.00,0.910000,0.860000,1,1,"Transit",2016
"TOI-5624 d","TOI-5624",3.58400000,4.90000000000000e+00,13.73146800000,0.1067000000,712.60,157.0550,5327.00,0.858000,0.820000,1,5,"Transit",2026
"KOI-351 d","KOI-351",2.87000000,,59.73667000000,0.3200000000,520.00,18.1680,6080.00,1.200000,1.200000,1,8,"Transit",2013
"Kepler-20 e","Kepler-20",0.82100000,7.60000000000000e-01,6.09848820000,0.0637000000,1004.00,169.8000,5495.00,0.929000,0.916400,2,6,"Transit",2011
"nu Oct A b","nu Oct A",13.30000000,6.96044211330000e+02,402.40000000000,1.2400000000,477.33,8.5848,4910.00,1.570000,5.040000,2,1,"Radial Velocity",2016
"TOI-1288 c","TOI-1288",11.10000000,,416.00000000000,1.0700000000,245.88,0.6114,5388.00,0.955200,0.958300,1,2,"Radial Velocity",2022
"Kepler-104 c","Kepler-104",3.13000000,,23.66820500000,0.1530000000,668.00,45.4380,5711.00,0.818000,1.349000,2,3,"Transit",2014
"Kepler-507 b","Kepler-507",1.30000000,,3.56809692600,0.0478100000,1407.00,877.3270,6113.00,1.160000,1.320000,1,1,"Transit",2016
"HN Lib b","HN Lib",2.20000000,,36.11600000000,0.1417000000,234.40,0.5030,3347.00,0.291000,0.299000,1,1,"Radial Velocity",2023
"Kepler-49 d","Kepler-49",1.60000000,2.35982000000000e+02,2.57654900000,0.0310000000,717.00,64.3900,4252.00,0.549000,0.559000,1,4,"Transit",2014
"HIP 10090 b","HIP 10090",13.00000000,1.22999593509000e+03,2960.00000000000,3.8700000000,163.17,0.1074,5661.00,0.940000,1.382680,1,2,"Radial Velocity",2026
"Kepler-346 b","Kepler-346",2.66000000,,6.51112700000,0.0710000000,1008.00,134.3570,6033.00,0.943000,1.021000,1,2,"Transit",2014
"Kepler-265 d","Kepler-265",2.49000000,,43.13061700000,0.2360000000,554.00,18.9410,5835.00,0.970000,1.103000,1,4,"Transit",2014
"Kepler-399 b","Kepler-399",0.96000000,,14.42528100000,0.1030000000,773.00,35.6300,5502.00,0.902000,0.680000,1,3,"Transit",2014
"Kepler-110 c","Kepler-110",2.21000000,,31.71977500000,0.1980000000,743.00,45.3360,5960.00,0.989000,1.149000,1,2,"Transit",2014
"Kepler-1248 b","Kepler-1248",1.18000000,,7.46725407000,0.0806000000,1035.00,271.2500,6149.00,1.210000,1.210000,1,1,"Transit",2016
"Kepler-1269 b","Kepler-1269",1.63000000,,37.33315360000,0.2361100000,657.00,69.0040,5998.00,1.100000,1.150000,1,1,"Transit",2016
"Kepler-1314 b","Kepler-1314",5.11000000,,5.42474928100,0.0504000000,625.00,36.0500,4188.00,0.600000,0.590000,1,1,"Transit",2016
"Kepler-1870 b","Kepler-1870",2.10143764,,3.60694003100,0.0452000000,1046.00,287.6000,5508.00,0.955000,0.840000,1,1,"Transit",2021
"Kepler-236 b","Kepler-236",1.57000000,,8.29561100000,0.0650000000,469.00,15.6320,3750.00,0.596005,0.510000,1,2,"Transit",2014
"Kepler-125 c","Kepler-125",0.74000000,,5.77446400000,0.0510000000,529.00,16.8100,3810.00,0.542101,0.512000,1,2,"Transit",2014
"Kepler-304 d","Kepler-304",2.75000000,,9.65347100000,0.0800000000,611.00,33.1600,4731.00,0.737000,0.687000,1,4,"Transit",2014
"Kepler-326 d","Kepler-326",1.21000000,6.90000000000000e+00,6.76688800000,0.0660000000,781.00,180.6440,5105.00,0.910000,0.801000,1,3,"Transit",2014
"Kepler-126 c","Kepler-126",1.58000000,,21.86974100000,0.1620000000,790.00,112.1280,6239.00,1.108000,1.358000,1,3,"Transit",2014
"Kepler-400 c","Kepler-400",1.49000000,,17.34082400000,0.1340000000,755.00,76.8600,5886.00,1.080000,1.145000,1,2,"Transit",2014
"Kepler-1089 b","Kepler-1089",1.83000000,,5.13248561800,0.0497000000,584.00,26.2660,3753.00,0.520000,0.490000,1,1,"Transit",2016
"Kepler-102 f","Kepler-102",0.86100000,4.30000000000000e+00,27.45359200000,0.1656000000,495.00,10.0000,4909.00,0.803000,0.724000,1,5,"Transit",2014
"Kepler-1223 b","Kepler-1223",1.22000000,,16.30125900000,0.1186000000,557.00,20.5100,4870.00,0.800000,0.750000,1,1,"Transit",2016
"Kepler-1853 b","Kepler-1853",1.51862272,,48.88819885000,0.2395000000,386.00,5.2300,4821.00,0.765000,0.788000,1,1,"Transit",2021
"Kepler-512 b","Kepler-512",2.69000000,,34.43587975000,0.2139500000,652.00,32.3290,5997.00,1.170000,1.300000,1,1,"Transit",2016
"Kepler-369 b","Kepler-369",1.13000000,,2.73275600000,0.0300000000,687.00,40.2950,3591.00,0.500000,0.471000,1,2,"Transit",2014
"Kepler-305 c","Kepler-305",3.30000000,6.00000000000000e+00,8.29100000000,0.0756800000,728.00,65.1000,5080.00,0.760000,0.800000,1,4,"Transit",2013
"Kepler-975 c","Kepler-975",10.69000000,,5.05821338000,0.0567000000,1168.00,439.8000,4883.00,0.951000,1.667000,1,2,"Transit",2023
"Kepler-22 b","Kepler-22",2.10000000,9.10000000000000e+00,289.86387600000,0.8120000000,279.00,1.0130,5596.00,0.857000,0.869000,1,1,"Transit",2011
"Kepler-1995 b","Kepler-1995",4.28000000,,73.75788750000,0.3259000000,375.00,4.6600,5029.00,0.847000,0.930000,1,1,"Transit",2023
"Kepler-1227 b","Kepler-1227",2.29000000,,94.28875770000,0.3855500000,369.00,4.1790,5747.00,0.970000,0.950000,1,1,"Transit",2016
"Kepler-1272 b","Kepler-1272",2.37000000,,51.13097040000,0.2705000000,542.00,34.4330,5926.00,1.060000,1.090000,1,1,"Transit",2016
"Kepler-201 c","Kepler-201",2.85000000,,151.88405800000,0.5730000000,378.00,6.0330,6065.00,1.098000,1.229000,1,2,"Transit",2014
"Kepler-215 c","Kepler-215",1.77000000,,14.66710800000,0.1130000000,675.00,57.6940,5739.00,0.788000,1.027000,1,4,"Transit",2014
"Kepler-267 c","Kepler-267",2.13000000,,6.87745000000,0.0600000000,484.00,17.5830,4258.00,0.541571,0.555000,1,3,"Transit",2014
"Kepler-373 c","Kepler-373",1.24000000,,16.72594800000,0.1260000000,729.00,103.7560,5787.00,0.981000,0.845000,1,2,"Transit",2014
"Kepler-54 d","Kepler-54",1.53000000,1.20946000000000e+01,20.99569400000,0.1260000000,328.00,3.4250,4252.00,0.518000,0.554000,1,3,"Transit",2014
"Kepler-329 b","Kepler-329",1.40000000,,7.41639700000,0.0610000000,547.00,40.6890,4257.00,0.602000,0.523000,1,2,"Transit",2014
"Kepler-279 d","Kepler-279",3.10000000,3.75000000000000e+01,54.41400000000,0.2901000000,574.00,35.7390,6689.45,1.100000,1.070000,1,4,"Transit",2013
"HD 219134 c","HD 219134",1.51100000,4.36000000000000e+00,6.76458000000,0.0653000000,782.00,62.1000,4699.00,0.810000,0.778000,1,6,"Radial Velocity",2015
"Kepler-1198 b","Kepler-1198",1.47000000,,7.68477160000,0.0732000000,830.00,108.0690,5517.00,0.930000,0.900000,1,1,"Transit",2016
"Kepler-161 c","Kepler-161",2.05000000,3.61000000000000e+00,7.06424000000,0.0680000000,769.00,76.2010,5078.00,0.853000,0.806000,1,2,"Transit",2014
"Kepler-1294 b","Kepler-1294",3.19000000,,115.68622580000,0.4684000000,401.00,12.3620,5776.00,0.990000,0.970000,1,1,"Transit",2016
"Kepler-1319 b","Kepler-1319",1.34000000,,2.88676264500,0.0296000000,557.00,38.4520,3655.00,0.560000,0.540000,2,1,"Transit",2016
"Kepler-275 d","Kepler-275",3.33000000,,35.67606200000,0.2240000000,671.00,50.7000,6165.00,1.189000,1.383000,1,3,"Transit",2014
"Kepler-374 b","Kepler-374",1.03000000,,1.89780600000,0.0290000000,1761.00,2014.6610,5977.00,1.033000,0.911000,1,3,"Transit",2014
"Kepler-306 d","Kepler-306",2.47000000,,17.32664400000,0.1200000000,535.00,21.9830,4954.00,0.750000,0.719000,1,4,"Transit",2014
"Kepler-305 e","Kepler-305",1.79381530,,3.20538000000,0.0401700000,1000.00,220.4000,4974.00,0.820000,0.827279,1,4,"Transit",2020
"Kepler-11 f","Kepler-11",2.49000000,2.00000000000000e+00,46.68880000000,0.2500000000,513.00,19.5300,5663.00,0.961000,1.065000,1,6,"Transit",2010
"Kepler-276 d","Kepler-276",2.80000000,1.63000000000000e+01,48.64800000000,0.2466600000,489.00,11.2740,5693.00,1.100000,1.030000,1,3,"Transit",2013
"Kepler-36 c","Kepler-36",3.67900000,7.13000000000000e+00,16.21865000000,0.1269200000,928.00,191.0000,5979.00,1.034000,1.634000,1,2,"Transit",2012
"Kepler-1251 b","Kepler-1251",1.84000000,,45.09046430000,0.2478000000,487.00,13.7800,5545.00,0.920000,0.890000,1,1,"Transit",2016
"Kepler-1843 b","Kepler-1843",2.70909809,,25.54339981000,0.1787100000,772.00,111.8000,5422.00,1.020000,1.782000,1,1,"Transit",2021
"Kepler-1857 b","Kepler-1857",1.96065412,,8.94340992000,0.0830800000,946.00,217.4000,6074.00,0.873000,1.005000,1,1,"Transit",2021
"Kepler-190 c","Kepler-190",1.46000000,,3.76302400000,0.0450000000,948.00,181.6990,5106.00,0.834000,0.795000,1,2,"Transit",2014
"Kepler-123 c","Kepler-123",1.48000000,,26.69507400000,0.1810000000,706.00,77.3990,6089.00,1.079000,1.264000,1,2,"Transit",2014
"Kepler-380 c","Kepler-380",1.27000000,,7.63000400000,0.0780000000,1056.00,333.5650,6045.00,0.990000,1.224000,1,2,"Transit",2014
"Kepler-283 c","Kepler-283",1.82000000,,92.74371100000,0.3410000000,240.00,0.9490,4351.00,0.596000,0.566000,1,2,"Transit",2014
"KELT-6 c","KELT-6",13.00000000,,1276.00000000000,2.3900000000,241.90,0.5448,6272.00,1.126000,1.529000,1,2,"Radial Velocity",2015
"Kepler-85 b","Kepler-85",1.77800000,1.84000000000000e+00,8.30000000000,0.0788500000,809.00,107.0280,5505.20,0.928000,0.875000,1,4,"Transit",2012
"Kepler-799 c","Kepler-799",2.78068551,,15.19419956000,0.1214000000,893.00,150.2500,5588.00,1.031000,1.593000,1,2,"Transit",2021
"Kepler-1884 b","Kepler-1884",1.81406781,,8.98832035100,0.0845000000,864.00,131.9200,5984.00,0.993000,0.906000,1,1,"Transit",2021
"Kepler-381 b","Kepler-381",0.99000000,,5.62902100000,0.0660000000,1576.00,716.0850,6152.00,1.144000,1.568000,1,3,"Transit",2014
"Kepler-84 d","Kepler-84",1.38000000,,4.22453700000,0.0520000000,1254.00,584.2400,6031.00,1.060000,1.169000,1,5,"Transit",2014
"Kepler-334 b","Kepler-334",1.12000000,,5.47031900000,0.0610000000,1090.00,300.9820,5828.00,1.022000,1.068000,1,3,"Transit",2014
"Kepler-285 c","Kepler-285",1.12000000,,6.18667600000,0.0640000000,851.00,137.0680,5411.00,0.915000,0.808000,1,2,"Transit",2014
"Kepler-1232 b","Kepler-1232",1.93000000,,26.78391830000,0.1654500000,523.00,14.6000,5471.00,0.920000,0.890000,1,1,"Transit",2016
"Kepler-1858 b","Kepler-1858",2.42168247,,88.07160187000,0.3575000000,330.00,2.7900,4939.00,0.785000,0.819000,1,1,"Transit",2021
"Kepler-204 c","Kepler-204",1.79000000,,25.66059300000,0.1730000000,683.00,36.8860,5812.00,1.038000,1.238000,1,2,"Transit",2014
"Kepler-515 b","Kepler-515",1.46000000,,19.96371318000,0.1333000000,564.00,47.9700,5293.00,0.900000,0.830000,2,1,"Transit",2016
"Kepler-221 e","Kepler-221",2.63000000,7.86706000000000e+00,18.36991700000,0.1300000000,582.00,25.1560,5243.00,0.854000,0.821000,1,4,"Transit",2014
"Kepler-1877 b","Kepler-1877",0.62408600,,2.37756991400,0.0347200000,1278.00,691.1000,5615.00,1.022000,0.936000,1,1,"Transit",2021
"Kepler-350 d","Kepler-350",2.80000000,1.49000000000000e+01,26.13600000000,0.1786000000,782.00,83.2370,6492.30,1.000000,1.250000,1,3,"Transit",2013
"Kepler-58 e","Kepler-58",1.61000000,5.97796000000000e+02,4.45814897000,0.0533000000,1212.00,511.6000,6100.00,1.017000,1.083000,1,4,"Transit",2023
"Kepler-1679 b","Kepler-1679",2.06920360,,9.75376000000,0.0892000000,813.00,103.3000,5501.00,0.960000,0.873196,1,1,"Transit",2020
"Kepler-58 c","Kepler-58",2.86000000,5.30000000000000e+01,15.57415680000,0.1230700000,799.00,64.3890,5843.00,0.950000,1.030000,1,4,"Transit",2012
"Kepler-1844 b","Kepler-1844",3.03648191,,3.92451000200,0.0478000000,1074.00,314.2500,5776.00,0.939000,0.849000,1,1,"Transit",2021
"Kepler-1278 b","Kepler-1278",1.01000000,,3.23941344000,0.0441700000,1213.00,1314.6700,6074.00,1.110000,1.160000,1,1,"Transit",2016
"Kepler-1864 b","Kepler-1864",0.75408365,,3.88151001900,0.0490000000,1156.00,427.6000,5854.00,1.030000,0.979000,1,1,"Transit",2021
"Kepler-1324 b","Kepler-1324",1.51000000,,4.11584467900,0.0466000000,895.00,98.4140,4776.00,0.780000,0.730000,1,1,"Transit",2016
"Kepler-462 c","Kepler-462",4.00000000,6.00000000000000e+00,207.62000000000,0.7584000000,453.00,9.9700,7500.00,1.590000,1.570000,1,2,"Transit",2018
"Kepler-226 d","Kepler-226",1.22000000,,8.10904400000,0.0760000000,800.00,103.6450,5571.00,0.904000,0.802000,1,3,"Transit",2014
"Kepler-221 b","Kepler-221",1.71000000,5.95575000000000e+00,2.79590600000,0.0370000000,1090.00,308.8850,5243.00,0.854000,0.821000,1,4,"Transit",2014
"Kepler-245 c","Kepler-245",2.18000000,2.67000000000000e+01,17.46081200000,0.1240000000,568.00,25.1520,5100.00,0.856000,0.795000,1,4,"Transit",2014
"Kepler-352 b","Kepler-352",0.86000000,,10.05537000000,0.0850000000,694.00,50.3890,5212.00,0.798000,0.781000,1,3,"Transit",2014
"Kepler-382 c","Kepler-382",1.59000000,,12.16270100000,0.0970000000,882.00,124.7430,5600.00,1.002000,0.945000,1,2,"Transit",2014
"Kepler-336 b","Kepler-336",1.02000000,,2.02482300000,0.0330000000,1625.00,1652.5000,5867.00,1.090000,1.304000,1,3,"Transit",2014
"HD 11755 b","HD 11755",12.80000000,,433.70001000000,1.0900000000,903.49,124.3021,4312.00,0.720000,20.580000,1,1,"Radial Velocity",2015
"Kepler-385 c","Kepler-385",3.04000000,1.32000000000000e+01,15.16316100000,0.1270000000,829.00,83.1550,6326.00,0.992000,1.126000,1,3,"Transit",2014
"Kepler-267 d","Kepler-267",2.27000000,,28.46451500000,0.1540000000,301.00,2.6470,4258.00,0.541571,0.555000,1,3,"Transit",2014
"Kepler-384 c","Kepler-384",1.13000000,,45.34826900000,0.2360000000,531.00,40.0990,5577.00,0.882000,0.882000,1,2,"Transit",2014
"Kepler-299 e","Kepler-299",1.87000000,,38.28548900000,0.2200000000,534.00,20.1740,5617.00,1.004000,1.032000,1,4,"Transit",2014
"8 UMi b","8 UMi",13.50000000,,93.31000000000,0.4620000000,1126.38,247.8402,4847.00,1.510000,10.730000,1,1,"Radial Velocity",2015
"Kepler-1104 b","Kepler-1104",1.23000000,,5.03728015000,0.0632100000,1321.00,813.5240,6417.00,1.300000,1.410000,1,1,"Transit",2016
"Kepler-1987 e","Kepler-1987",1.92000000,,8.74292005000,0.0765000000,643.00,40.3300,4769.00,0.799000,0.714000,1,4,"Transit",2023
"Kepler-1830 b","Kepler-1830",3.32992941,,56.49330139000,0.3176900000,681.00,35.8000,6160.00,1.443000,2.046000,1,1,"Transit",2021
"Kepler-182 b","Kepler-182",2.58000000,,9.82579200000,0.0960000000,935.00,239.7870,6250.00,1.114000,1.146000,1,2,"Transit",2014
"Kepler-1688 b","Kepler-1688",1.26174569,,5.62012000000,0.0577000000,772.00,84.0100,4632.11,0.814000,0.746000,1,1,"Transit",2020
"Kepler-385 b","Kepler-385",2.73000000,1.28000000000000e+01,10.04368600000,0.0970000000,951.00,143.9190,6326.00,0.992000,1.126000,1,3,"Transit",2014
"Kepler-55 f","Kepler-55",1.59000000,,10.19854500000,0.0810000000,559.00,25.4380,4503.00,0.631000,0.619000,1,5,"Transit",2014
"Kepler-339 d","Kepler-339",1.17000000,1.47000000000000e+01,10.55834500000,0.0910000000,796.00,58.6510,5631.00,0.870000,0.802000,1,3,"Transit",2014
"Kepler-1669 d","Kepler-1669",1.22000000,,4.72941177000,0.0468000000,669.00,47.3000,4224.00,0.609000,0.603000,1,3,"Transit",2023
"Kepler-69 c","Kepler-69",1.71000000,,242.46130000000,0.6400000000,299.00,2.6870,5638.00,0.810000,0.930000,1,2,"Transit",2013
"HAT-P-57 b","HAT-P-57",19.50366000,4.48140300000000e+02,2.46530000000,0.0406000000,2200.00,2726.6328,6330.00,2.770000,1.850000,3,1,"Transit",2015
"Kepler-1067 c","Kepler-1067",1.74682428,,5.42583990100,0.0606900000,973.00,190.8000,5594.00,0.981000,0.934000,1,2,"Transit",2021
"Kepler-299 d","Kepler-299",1.86000000,,15.05478600000,0.1180000000,729.00,69.9600,5617.00,1.004000,1.032000,1,4,"Transit",2014
"Kepler-208 c","Kepler-208",1.39000000,,7.46662300000,0.0790000000,1141.00,300.1650,6092.00,1.082000,1.314000,1,4,"Transit",2014
"Kepler-530 b","Kepler-530",3.01000000,,39.30941904000,0.2149100000,488.00,14.2380,5697.00,0.970000,0.890000,2,1,"Transit",2016
"Kepler-354 d","Kepler-354",1.24000000,,24.20984200000,0.1460000000,451.00,8.9490,4648.00,0.652000,0.674000,1,3,"Transit",2014
"Kepler-339 c","Kepler-339",1.15000000,7.30000000000000e+00,6.98805500000,0.0690000000,914.00,101.8410,5631.00,0.870000,0.802000,1,3,"Transit",2014
"Kepler-1114 b","Kepler-1114",1.35000000,,14.97435694000,0.1105600000,631.00,39.3210,5374.00,0.870000,0.830000,1,1,"Transit",2016
"Kepler-114 d","Kepler-114",2.53000000,3.90000000000000e+00,11.77600000000,0.0835800000,446.00,31.0160,4660.00,0.560000,0.540000,1,3,"Transit",2013
"Kepler-303 c","Kepler-303",1.14000000,,7.06114900000,0.0570000000,521.00,25.8510,3944.00,0.575000,0.485000,1,2,"Transit",2014
"Kepler-1212 b","Kepler-1212",2.14000000,,12.94130146000,0.1082000000,795.00,142.0960,6051.00,1.100000,1.150000,1,1,"Transit",2016
"Kepler-394 c","Kepler-394",1.66000000,,12.13068600000,0.1100000000,901.00,94.5280,6402.00,0.870000,1.132000,1,3,"Transit",2014
"Kepler-393 c","Kepler-393",1.33000000,,14.61361200000,0.1240000000,901.00,231.2130,6189.00,1.256000,1.382000,1,2,"Transit",2014
"Kepler-318 c","Kepler-318",3.68000000,,11.81500700000,0.1050000000,762.00,96.5130,5746.00,1.073000,1.189000,1,2,"Transit",2014
"Kepler-1241 b","Kepler-1241",2.63000000,,18.55257010000,0.1336000000,612.00,31.4560,5261.00,0.840000,0.800000,1,1,"Transit",2016
"Kepler-185 b","Kepler-185",1.17000000,,1.63290000000,0.0260000000,1237.00,475.5070,5208.00,0.763000,0.806000,1,2,"Transit",2014
"Kepler-1283 b","Kepler-1283",1.91000000,,12.94609780000,0.1062000000,764.00,80.3400,6175.00,1.160000,1.250000,1,1,"Transit",2016
"Kepler-1714 b","Kepler-1714",3.26437302,,10.27530003000,0.1054900000,1211.00,504.3000,6150.00,1.448000,2.086000,1,1,"Transit",2021
"Kepler-1331 b","Kepler-1331",1.05000000,,0.78916165300,0.0142000000,1244.00,547.2940,4508.00,0.720000,0.690000,1,1,"Transit",2016
"Kepler-319 b","Kepler-319",1.63000000,,4.36270500000,0.0510000000,1023.00,253.6650,5526.00,0.933000,0.903000,1,3,"Transit",2014
"Kepler-396 b","Kepler-396",3.50000000,7.55000000000000e+01,42.99400000000,0.2406700000,496.00,13.7310,5656.00,0.850000,1.060000,1,2,"Transit",2013
"Kepler-1085 c","Kepler-1085",3.26817741,,56.77710000000,0.2979800000,491.00,11.8000,5816.00,1.050000,1.078300,1,2,"Transit",2020
"Kepler-1084 b","Kepler-1084",1.11000000,,2.05333679000,0.0324000000,1737.00,1766.5930,6113.00,1.120000,1.280000,1,1,"Transit",2016
"Kepler-1108 b","Kepler-1108",1.46000000,,4.51005748000,0.0511000000,1063.00,206.4140,5406.00,0.880000,0.840000,1,1,"Transit",2016
"Kepler-1214 b","Kepler-1214",2.36000000,,18.82634264000,0.1280000000,591.00,23.1800,5130.00,0.850000,0.800000,1,1,"Transit",2016
"Kepler-155 c","Kepler-155",2.24000000,,52.66179300000,0.2420000000,286.00,1.2800,4508.00,0.635000,0.620000,1,2,"Transit",2014
"Kepler-396 c","Kepler-396",5.30000000,1.79000000000000e+01,88.50500000000,0.3894600000,390.00,5.2440,5656.00,0.850000,1.060000,1,2,"Transit",2013
"Kepler-1369 b","Kepler-1369",2.69000000,,25.87314800000,0.1741000000,667.00,37.1580,5761.00,0.990000,0.990000,1,1,"Transit",2016
"Kepler-1370 b","Kepler-1370",1.84000000,,20.26416840000,0.1576300000,770.00,132.5870,6202.00,1.190000,1.290000,1,2,"Transit",2016
"Kepler-252 b","Kepler-252",1.23000000,,6.66839100000,0.0580000000,587.00,39.2640,4208.00,0.610000,0.549000,1,2,"Transit",2014
"Kepler-360 c","Kepler-360",2.10000000,,7.18643400000,0.0750000000,860.00,146.5000,6053.00,0.994000,1.058000,1,2,"Transit",2014
"Kepler-245 e","Kepler-245",1.75000000,1.80636000000000e+03,3.21982105600,0.0405300000,998.00,240.1510,5174.00,0.860000,0.800000,1,4,"Transit",2016
"Kepler-298 d","Kepler-298",2.50000000,,77.47363300000,0.3050000000,277.00,1.7150,4465.00,0.660000,0.582000,1,3,"Transit",2014
"Kepler-324 b","Kepler-324",1.14000000,2.41440000000000e+03,4.38531500000,0.0500000000,935.00,194.3400,5194.00,0.901000,0.840000,1,4,"Transit",2014
"Kepler-1796 b","Kepler-1796",2.75047868,,29.45579910000,0.1879000000,598.00,30.3000,6036.00,1.018000,0.949000,1,1,"Transit",2021
"Kepler-520 c","Kepler-520",1.07000000,,5.21104261000,0.0603500000,1107.00,351.6900,6112.00,1.100000,1.090000,1,2,"Transit",2016
"Kepler-1244 b","Kepler-1244",1.35000000,,3.70428172000,0.0502000000,1839.00,4756.3250,6680.00,1.460000,1.770000,1,1,"Transit",2016
"Kepler-169 c","Kepler-169",1.21000000,,6.19546900000,0.0620000000,776.00,82.8530,4997.00,0.825000,0.763000,1,5,"Transit",2014
"Kepler-97 b","Kepler-97",1.48000000,3.51000000000000e+00,2.58664000000,0.0356300000,1328.00,767.9640,5779.00,0.940000,0.980000,1,2,"Transit",2014
"Kepler-1336 b","Kepler-1336",1.98000000,,23.19868100000,0.1584500000,793.00,103.7200,5512.00,0.940000,1.300000,1,2,"Transit",2016
"Kepler-301 d","Kepler-301",1.75000000,,13.75124300000,0.1120000000,725.00,68.9310,5815.00,1.022000,0.900000,1,3,"Transit",2014
"Kepler-104 d","Kepler-104",3.58000000,,51.75539400000,0.2570000000,515.00,16.0120,5711.00,0.818000,1.349000,2,3,"Transit",2014
"Kepler-1192 b","Kepler-1192",2.36000000,,25.20347870000,0.1693000000,600.00,34.7420,5438.00,0.860000,0.830000,1,1,"Transit",2016
"Kepler-516 b","Kepler-516",5.74000000,,24.85462415000,0.1992000000,1095.00,174.5800,7099.00,1.620000,2.020000,1,1,"Transit",2016
"Kepler-1851 b","Kepler-1851",3.90012032,,12.02289963000,0.1016000000,776.00,85.7800,5982.00,0.967000,0.879000,1,1,"Transit",2021
"Kepler-212 b","Kepler-212",1.09000000,,16.25758200000,0.1330000000,830.00,133.8660,5852.00,1.166000,1.455000,1,2,"Transit",2014
"Kepler-1372 b","Kepler-1372",1.27000000,,1.31155556800,0.0240000000,1655.00,2176.3580,5677.00,0.980000,0.970000,1,1,"Transit",2016
"Kepler-364 b","Kepler-364",1.55000000,,25.74571800000,0.1780000000,753.00,68.7100,6108.00,1.076000,1.284000,1,2,"Transit",2014
"KELT-23 A b","KELT-23 A",14.82950700,2.98124540000000e+02,2.25525100000,0.0330200000,1561.00,991.1830,5899.00,0.944000,0.996000,2,1,"Transit",2019
"HD 191939 d","HD 191939",2.99500000,2.80000000000000e+00,38.35303700000,0.2132000000,540.00,14.3000,5348.00,0.810000,0.940000,1,6,"Transit",2020
"HATS-77 b","HATS-77",13.05846252,4.36696231218000e+02,3.08762620000,0.0360700000,828.30,78.3700,4071.00,0.655000,0.642800,1,1,"Transit",2021
"TOI-4479 b","TOI-4479",2.82000000,,1.15890000000,0.0164000000,861.00,92.5000,3400.00,0.452000,0.451000,1,1,"Transit",2022
"TOI-1752 c","TOI-1752",2.29000000,,32.71443000000,0.1614000000,291.00,1.6973,3762.00,0.524000,0.530000,1,2,"Transit",2026
"Kepler-1705 c","Kepler-1705",2.05000000,5.42000000000000e+00,11.28000000000,,,,6312.00,1.139000,1.259000,1,2,"Transit",2021
"TOI-1753 b","TOI-1753",2.47852533,1.66000000000000e+01,5.38461040000,0.0590000000,1005.43,237.9960,5621.00,0.948300,0.971500,1,1,"Transit",2024
"TOI-2274 b","TOI-2274",2.45000000,,2.67963000000,0.0500000000,771.46,83.7078,3943.00,0.612000,0.631000,1,1,"Transit",2024
"Kepler-43 b","Kepler-43",13.66377100,1.02659090000000e+03,3.02409490000,0.0460000000,1620.00,1138.1150,6041.00,1.320000,1.420000,1,1,"Transit",2011
"Kepler-858 b","Kepler-858",4.87000000,,76.13602028000,0.3393900000,399.00,6.3380,5653.00,0.960000,0.910000,1,1,"Transit",2016
"TOI-3023 b","TOI-3023",16.43236571,1.97053612340000e+02,3.90149710000,0.0505000000,1596.00,1084.0000,5760.00,1.120000,1.668000,1,1,"Transit",2023
"Kepler-1752 b","Kepler-1752",4.54060463,,56.35850143000,0.2698000000,419.00,7.2900,5446.00,0.824000,0.821000,1,1,"Transit",2021
"Kepler-1408 b","Kepler-1408",0.89000000,,2.99793191000,0.0421800000,1616.00,1982.2680,6170.00,1.210000,1.350000,1,1,"Transit",2016
"HIP 54373 b","HIP 54373",2.87000000,,7.76000000000,0.0630000000,580.66,15.0984,4021.00,0.570000,0.564998,1,2,"Radial Velocity",2019
"Teegarden's Star b","Teegarden's Star",1.05000000,,4.90634000000,0.0259000000,277.00,1.0800,3034.00,0.097000,0.120000,1,3,"Radial Velocity",2019
"BD+60 1417 b","BD+60 1417",14.68376472,4.76742610500000e+03,,1662.0000000000,1303.00,0.0000,4993.00,1.000000,0.797000,1,1,"Imaging",2021
"TOI-1227 b","TOI-1227",9.57246952,,27.36397000000,0.0886000000,243.77,3.2100,3072.00,0.170000,0.560000,1,1,"Transit",2022
"CoRoT-7 d","CoRoT-7",4.31000000,1.71420000000000e+01,8.96600000000,,,,5250.00,0.915000,0.838900,1,3,"Radial Velocity",2022
"TOI-1758 b","TOI-1758",3.62000000,6.90000000000000e+00,20.70507468500,0.1414090000,551.44,21.0500,5169.00,0.880000,0.810000,1,1,"Transit",2024
"TOI-2040 b","TOI-2040",10.32347122,2.48223985867000e+02,3.86085760000,0.0473000000,1070.00,216.0000,5132.00,0.920000,0.870000,1,1,"Transit",2026
"TOI-2567 b","TOI-2567",10.92875618,6.38835098070000e+01,5.98394400000,0.0672000000,1352.00,558.0000,5611.00,1.130000,1.686000,1,1,"Transit",2022
"Kepler-1410 b","Kepler-1410",1.78000000,,60.86616800000,0.2543000000,290.00,1.0600,4092.00,0.630000,0.600000,1,1,"Transit",2016
"HD 24085 b","HD 24085",3.46000000,,2.04550000000,0.0340000000,1875.43,2061.4187,6034.00,1.220000,1.412551,1,1,"Radial Velocity",2019
"WASP-87 b","WASP-87",15.52446500,6.92869400000000e+02,1.68279500000,0.0294600000,2049.54,4170.0965,6450.00,1.204000,1.627000,2,1,"Transit",2016
"TOI-163 b","TOI-163",16.69020100,3.87752600000000e+02,4.23130600000,0.0580000000,1669.00,1489.1126,6495.00,1.435200,1.648000,1,1,"Transit",2019
"K2-315 b","K2-315",0.95000000,,3.14431890000,,460.00,7.4500,3300.00,0.174000,0.196000,1,1,"Transit",2020
"HD 216520 b","HD 216520",3.18000000,,35.45000000000,0.1980000000,482.10,9.0089,5103.00,0.820000,0.760000,1,2,"Radial Velocity",2020
"TOI-1775 b","TOI-1775",8.04728896,9.60000000000000e+01,10.24055490000,0.0800000000,707.89,55.4426,5284.00,0.921800,0.828800,1,1,"Transit",2024
"DS Tuc A b","DS Tuc A",5.70000000,4.13179000000000e+02,8.13826800000,,850.00,115.8276,5428.00,1.010000,0.964000,2,1,"Transit",2019
"Kepler-296 c","Kepler-296",2.00000000,,5.84163660000,0.0521000000,606.00,14.8000,3740.00,0.498000,0.480000,2,5,"Transit",2014
"WASP-187 b","WASP-187",18.38276000,2.54264000000000e+02,5.14787800000,0.0653000000,1760.00,1594.7600,6150.00,1.540000,2.830000,1,1,"Transit",2020
"HD 161178 b","HD 161178",14.10000000,,279.30000000000,0.8500000000,828.33,78.0069,4786.00,1.060000,10.950000,1,1,"Radial Velocity",2021
"GJ 514 b","GJ 514",2.13000000,,140.43000000000,0.4220000000,202.00,0.2800,3728.00,0.510000,0.500000,1,1,"Radial Velocity",2022
"HD 77946 b","HD 77946",2.89646124,1.09000000000000e+01,6.52736300000,0.0730000000,1128.86,413.1008,6007.00,1.197300,1.317400,1,1,"Transit",2024
"TOI-2345 c","TOI-2345",2.45100000,7.27000000000000e+00,21.06430200000,0.1257000000,544.00,14.5700,4687.00,0.727000,0.729000,1,2,"Transit",2025
"Kepler-876 b","Kepler-876",1.43000000,,5.14438011000,0.0549000000,923.00,152.7460,5060.00,0.810000,0.770000,1,1,"Transit",2016
"Kepler-1894 c","Kepler-1894",1.21000000,,5.05368985000,0.0576000000,1007.00,243.0600,5772.00,0.999000,0.901000,1,2,"Transit",2023
"HD 233832 b","HD 233832",13.50000000,,2058.00000000000,2.8270000000,117.80,0.0376,4981.00,0.710000,0.680000,2,1,"Radial Velocity",2018
"GJ 687 c","GJ 687",4.14000000,,727.56200000000,1.1650000000,98.62,0.0157,3413.00,0.400000,0.418300,1,2,"Radial Velocity",2020
"HIP 5763 b","HIP 5763",14.20000000,,30.01400000000,0.1700000000,440.90,6.2967,4352.00,0.720000,0.750378,1,1,"Radial Velocity",2021
"TOI-712 b","TOI-712",2.04900000,,9.53136100000,0.0792800000,650.00,22.6000,4622.00,0.732000,0.674000,1,3,"Transit",2022
"TOI-1782.01","TOI-1782",2.36800000,,4.98764102800,0.0502400000,697.84,56.2500,4336.00,0.680000,0.669000,1,2,"Transit",2024
"TOI-2092 b","TOI-2092",2.94892961,,4.30325528074,,1042.00,195.7930,5842.06,0.956000,1.051900,1,1,"Transit",2026
"Kepler-303 b","Kepler-303",0.89000000,,1.93705500000,0.0240000000,802.00,145.4360,3944.00,0.575000,0.485000,1,2,"Transit",2014
"Kepler-271 c","Kepler-271",0.95000000,,7.41086267000,0.0699300000,850.00,119.6310,5555.00,0.900000,0.870000,1,3,"Transit",2014
"Qatar-6 b","Qatar-6",11.90395800,2.12310440000000e+02,3.50619500000,0.0423000000,1006.00,174.9015,5052.00,0.822000,0.722000,2,1,"Transit",2017
"GJ 9066 c","GJ 9066",9.60000000,,771.36000000000,0.8800000000,65.66,0.0033,3154.00,0.150000,0.164000,1,1,"Radial Velocity",2020
"K2-400 b","K2-400",1.16300000,,3.86505300000,,,,3578.00,0.374000,0.382000,1,1,"Transit",2022
"TOI-2094 b","TOI-2094",1.90000000,,18.79319300000,0.1360000000,276.00,0.9800,3435.00,0.425000,0.384000,1,1,"Transit",2026
"TOI-2714 b","TOI-2714",13.72000000,2.28000000000000e+02,2.49938700000,0.0360000000,1603.00,945.5500,5665.00,1.070000,1.250000,1,1,"Transit",2024
"HD 164922 d","HD 164922",1.83000000,,12.45800000000,0.1030000000,787.68,66.9243,5390.00,0.926000,0.946000,1,4,"Radial Velocity",2020
"2MASS J01033563-5515561 AB b","2MASS J01033563-5515561 A",12.30000000,4.13179000000000e+03,,84.0000000000,,,,0.190000,,2,1,"Imaging",2013
"TOI-2382 b","TOI-2382",12.25141591,2.35193021180000e+02,4.66120610000,0.0590000000,1426.00,689.0000,6033.00,1.260000,1.417000,1,1,"Transit",2025
"Kepler-402 b","Kepler-402",1.22000000,,4.02875100000,0.0510000000,1311.00,619.8440,6090.00,1.072000,1.264000,1,4,"Transit",2014
"EPIC 201841433 b","EPIC 201841433",1.04000000,,4.16980000000,0.0350000000,1032.49,189.3706,5053.00,0.802000,0.628461,1,1,"Transit",2019
"USco1621 b","USco1621 A",12.20000000,5.08528000000000e+03,,2880.0000000000,2270.00,0.0000,3460.00,0.360000,0.710071,1,1,"Imaging",2019
"K2-318 b","K2-318",1.66000000,,7.01000000000,0.0911000000,456.00,6.3680,3851.00,0.561000,0.552000,1,1,"Transit",2020
"K2-405 b","K2-405",4.56900000,,3.43547100000,,969.00,146.5770,4927.00,1.034000,0.765000,1,1,"Transit",2022
"TOI-784 b","HD 307842",1.93000000,9.67000000000000e+00,2.79703650000,0.0380000000,1256.00,413.8940,5558.00,0.910000,0.907000,1,1,"Transit",2023
"TOI-1814 b","TOI-1814",5.18536642,,6.36861010462,,977.83,216.0619,4872.84,,2.389500,1,1,"Transit",2026
"Kepler-1419 b","Kepler-1419",2.86000000,,42.52158950000,0.2391000000,510.00,21.2430,5796.00,1.010000,1.010000,1,1,"Transit",2016
"EPIC 206215704 b","EPIC 206215704",1.00000000,,2.25543600000,,,,3297.00,0.407000,0.250000,1,1,"Transit",2019
"Kepler-848 b","Kepler-848",1.70000000,,6.91134416000,0.0758600000,1086.00,794.7780,5695.00,1.010000,1.200000,1,1,"Transit",2016
"Kepler-819 b","Kepler-819",2.76000000,,33.19956480000,0.1894000000,485.00,9.9130,5279.00,0.860000,0.810000,1,1,"Transit",2016
"TOI-799 b","TOI-799",2.06631784,,5.54519139676,,958.69,199.6326,5662.81,1.000000,0.915519,1,1,"Transit",2026
"K2-146 c","K2-146",2.19000000,7.49000000000000e+00,4.00498000000,0.0327000000,518.53,14.0280,3385.00,0.331000,0.330000,1,2,"Transit",2019
"K2-324 b","K2-324",2.43000000,,3.26200000000,0.0331000000,707.00,42.3931,3752.00,0.517000,0.505000,1,1,"Transit",2020
"Kepler-822 b","Kepler-822",1.77000000,,3.22296927300,0.0407800000,1239.00,535.1880,5928.00,1.060000,1.080000,1,1,"Transit",2016
"TOI-1181 b","TOI-1181",17.02644168,3.74719691853000e+02,2.10318900000,0.0364000000,1942.12,14140.0000,6054.00,1.467000,1.961000,1,1,"Transit",2022
"TOI-808 b","TOI-808",2.20344362,,9.73944854026,,710.98,60.3881,5078.20,0.870000,0.833198,1,1,"Transit",2026
"TOI-815 b","TOI-815",2.94000000,7.60000000000000e+00,11.19725900000,0.0903000000,686.00,36.9000,4869.00,0.776000,0.770000,2,2,"Transit",2024
"TOI-2141 b","TOI-2141",3.14700000,2.01000000000000e+01,18.26160800000,0.1322000000,728.00,47.3000,5635.00,0.896000,0.950000,1,3,"Transit",2023
"TOI-2447 b","TOI-2447",9.60609646,1.24906563951000e+02,69.33684000000,0.3470000000,414.00,44.5933,5730.00,1.034000,1.006000,1,1,"Transit",2024
"TOI-2818 b","TOI-2818",15.27784069,2.25658168970000e+02,4.03970900000,0.0493000000,1376.00,598.0000,5721.00,0.977000,1.229000,1,1,"Transit",2023
"Kepler-1371 c","Kepler-1371",0.64000000,,2.00541269000,0.0293700000,1216.00,853.2690,5361.00,0.870000,0.830000,1,2,"Transit",2016
"EPIC 212587672 b","EPIC 212587672",1.26000000,,15.28078000000,,756.00,,6004.00,0.990000,0.980000,1,2,"Transit",2019
"Kepler-843 b","Kepler-843",2.59000000,,2.05387982100,0.0313000000,1523.00,890.3330,5830.00,1.020000,1.030000,1,1,"Transit",2016
"K2-408 b","K2-408",1.67700000,,20.97895900000,,,,5335.00,0.813000,0.784000,1,1,"Transit",2022
"TOI-1516 b","TOI-1516",15.24421375,1.00433776612000e+03,2.05601400000,,1839.00,1899.8300,6520.00,1.140000,1.140000,1,1,"Transit",2022
"TOI-2458 b","TOI-2458",2.83000000,1.33100000000000e+01,3.73659000000,0.0482000000,1509.40,865.0000,6005.00,1.050000,1.310000,1,2,"Transit",2024
"Kepler-1423 b","Kepler-1423",1.06000000,,23.95537800000,0.1586000000,741.00,71.1600,4939.00,0.790000,0.750000,1,1,"Transit",2016
"HATS-57 b","HATS-57",12.76705100,1.00021101000000e+03,2.35062100000,0.0349300000,1413.40,570.2330,5587.00,1.026000,0.960000,1,1,"Transit",2019
"HATS-56 b","HATS-56",18.92079200,1.91333660000000e+02,4.32479900000,0.0604300000,1902.00,1080.8700,6536.00,1.573000,2.201000,1,1,"Transit",2019
"TOI-763 b","TOI-763",2.28000000,9.79000000000000e+00,5.60570000000,0.0600000000,1038.00,182.9350,5450.00,0.917000,0.897000,1,2,"Transit",2020
"K2-409 b","K2-409",2.48200000,,1.90808400000,,,,5742.00,0.886000,1.228000,1,1,"Transit",2022
"TOI-1722 b","TOI-1722",4.38298108,,9.60523206943,,952.00,136.8600,5999.55,1.162000,1.094140,1,1,"Transit",2026
"TOI-1873 b","TOI-1873",2.86356397,,7.00572708834,,923.50,171.8936,5597.99,1.015000,0.971675,1,1,"Transit",2026
"TOI-2158 b","TOI-2158",10.76062147,2.60619293740000e+02,8.60077000000,0.0750000000,1188.00,81.4989,5673.00,1.120000,1.410000,1,1,"Transit",2022
"Kepler-1888 b","Kepler-1888",1.32578716,,11.39169979000,0.0956000000,886.00,145.6700,5557.00,0.897000,1.249000,1,1,"Transit",2021
"Kepler-1901 b","Kepler-1901",1.47418907,,3.48412990600,0.0453000000,1132.00,389.4100,5696.00,1.022000,0.921000,1,1,"Transit",2021
"GJ 433 c","GJ 433",6.27000000,,5094.10500000000,4.8190000000,53.76,0.0009,3461.00,0.480000,0.500000,1,3,"Radial Velocity",2014
"K2-374 c","K2-374",2.21300000,,16.43445000000,,,,5789.00,0.731000,0.907000,1,2,"Transit",2022
"TOI-1860 b","TOI-1860",1.31000000,,1.06621070000,0.0204000000,1885.00,876.7030,5752.00,0.990000,0.940000,1,1,"Transit",2022
"TOI-1723 b","TOI-1723",3.43500000,1.04000000000000e+01,13.72701264300,0.1134960000,782.98,92.3600,5777.00,1.040000,1.090000,1,1,"Transit",2024
"TOI-1937 A b","TOI-1937 A",13.97759893,6.38835098070000e+02,0.94667944000,0.0193200000,2097.00,3230.0000,5814.00,1.072000,1.080000,2,1,"Transit",2023
"Kepler-292 f","Kepler-292",2.35000000,,20.83423700000,0.1410000000,563.00,24.3250,5299.00,0.865000,0.826000,1,5,"Transit",2014
"Kepler-1395 b","Kepler-1395",0.80000000,,3.78470649000,0.0497400000,1311.00,730.5310,6138.00,1.170000,1.230000,1,1,"Transit",2016
"Kepler-1905 b","Kepler-1905",1.44607340,,3.42392993000,0.0451000000,1212.00,508.7500,5788.00,1.038000,1.015000,1,1,"Transit",2021
"Kepler-65 e","Kepler-65",13.90000000,2.60000000000000e+02,258.80000000000,0.8539307544,389.08,4.0231,6220.00,1.248000,1.437000,1,4,"Radial Velocity",2019
"GJ 682 b","GJ 682",1.93000000,,17.47800000000,0.0800000000,281.93,0.3125,3028.00,0.270000,0.298255,1,2,"Radial Velocity",2014
"TOI-132 b","TOI-132",3.42000000,2.24000000000000e+01,2.10970190000,0.0260000000,1395.00,860.0000,5397.00,0.970000,0.900000,1,1,"Transit",2020
"TOI-2000 c","TOI-2000",8.14000000,8.17000000000000e+01,9.12705500000,0.0878000000,1038.00,149.0000,5611.00,1.082000,1.134000,1,2,"Transit",2023
"TOI-2000 b","TOI-2000",2.70000000,1.10000000000000e+01,3.09833000000,0.0427100000,1488.00,628.0000,5611.00,1.082000,1.134000,1,2,"Transit",2023
"TOI-2194 b","TOI-2194",1.98920000,,15.33759700000,,590.88,14.2526,4756.00,0.740000,0.690900,1,1,"Transit",2023
"TOI-2498 b","TOI-2498",6.06000000,3.46200000000000e+01,3.73825200000,0.0491000000,1443.00,790.4759,5905.00,1.120000,1.260000,1,1,"Transit",2023
"Kepler-102 e","Kepler-102",2.17000000,4.70000000000000e+00,16.14569940000,0.1162000000,590.00,20.3000,4909.00,0.803000,0.724000,1,5,"Transit",2013
"HD 2685 b","HD 2685",16.14096000,3.71861100000000e+02,4.12688000000,0.0568000000,2061.00,1436.4900,6801.00,1.430000,1.560000,1,1,"Transit",2019
"Kepler-95 b","Kepler-95",3.42000000,1.30000000000000e+01,11.52310000000,0.1023200000,927.00,178.8320,5699.00,1.080000,1.410000,1,1,"Transit",2014
"Wendelstein-2 b","Wendelstein-2",12.99347280,2.32333730000000e+02,1.75222390000,0.0234000000,2470.00,282.3101,4591.00,0.730000,0.660000,1,1,"Transit",2020
"K2-384 b","K2-384",1.07600000,,2.23152700000,,,,3623.00,0.330000,0.348000,1,5,"Transit",2022
"HD 174205 b","HD 174205",13.00000000,,582.00000000000,1.7000000000,821.72,82.6990,4308.00,1.800000,26.600000,1,1,"Radial Velocity",2022
"TOI-2977 b","TOI-2977",13.15934334,5.33951723760000e+02,2.35056140000,0.0338600000,1544.00,947.8000,5691.00,0.936000,1.073000,1,1,"Transit",2023
"Kepler-430 c","Kepler-430",1.75000000,,110.97900000000,0.4757000000,458.00,9.0960,5884.00,1.166000,1.485000,1,2,"Transit",2015
"Kepler-1656 b","Kepler-1656",4.57400000,4.78000000000000e+01,31.56200000000,0.1974000000,651.00,24.6000,5569.00,1.030000,1.100000,1,2,"Transit",2018
"Kepler-647 c","Kepler-647",4.00135002,,29.66630000000,0.1829100000,644.00,69.0000,5906.74,1.070000,1.545710,1,2,"Transit",2020
"Kepler-210 b","Kepler-210",2.94000000,,2.45323400000,0.0320000000,737.00,122.1390,4559.00,0.770000,0.650000,1,2,"Transit",2014
"OGLE-2006-BLG-109L c","OGLE-2006-BLG-109L",11.10000000,8.60000000000000e+01,4927.50000000000,4.5000000000,59.00,,,0.510000,,1,2,"Microlensing",2008
"KMT-2016-BLG-1397L b","KMT-2016-BLG-1397L",12.70000000,2.20000000000000e+03,,5.1000000000,,,,0.450000,,1,1,"Microlensing",2018
"KMT-2019-BLG-0253L b","KMT-2019-BLG-0253L",2.99000000,9.20000000000000e+00,,3.1000000000,,,,0.700000,,1,1,"Microlensing",2022
"KMT-2023-BLG-0548L b","KMT-2023-BLG-0548L",13.10000000,1.08697315194000e+03,,6.8500000000,,,,0.720000,,1,1,"Microlensing",2025
"Kepler-1963 b","Kepler-1963",0.74437023,,1.96226000800,0.0291500000,1448.00,612.3000,5726.00,0.915000,0.979000,1,1,"Transit",2021
"Kepler-1517 b","Kepler-1517",9.76000000,,5.54608366500,0.0780000000,2336.00,1526.9830,7010.00,1.580000,1.950000,1,1,"Transit",2016
"Kepler-1711 b","Kepler-1711",1.92300000,,21.06080055000,0.1463000000,669.00,47.3900,5706.00,0.940000,1.034000,1,1,"Transit",2021
"MOA-2010-BLG-328L b","MOA-2010-BLG-328L",2.99000000,9.20000000000000e+00,,0.9200000000,,,,0.110000,,1,1,"Microlensing",2013
"MOA-2011-BLG-291L b","MOA-2011-BLG-291L",4.43000000,1.80000000000000e+01,,0.6900000000,,,,0.150000,,1,1,"Microlensing",2018
"KMT-2018-BLG-1743L b","KMT-2018-BLG-1743L",10.50000000,7.78679597150000e+01,,1.4490000000,,,,0.193000,,1,1,"Microlensing",2021
"OGLE-2018-BLG-0516L b","OGLE-2018-BLG-0516L",4.73000000,2.01000000000000e+01,,2.2000000000,,,,0.470000,,1,1,"Microlensing",2022
"KMT-2023-BLG-0949L b","KMT-2023-BLG-0949L",12.80000000,1.90061387386000e+03,,2.0300000000,,,,0.480000,,1,1,"Microlensing",2025
"KMT-2024-BLG-2059L b","KMT-2024-BLG-2059L",2.54000000,6.99222495400000e+00,,2.5500000000,,,,0.510000,,1,1,"Microlensing",2025
"Kepler-146 b","Kepler-146",3.71000000,,31.15879900000,0.2000000000,639.00,32.8900,5948.00,1.079000,1.208000,1,2,"Transit",2014
"Kepler-1468 d","Kepler-1468",3.33187146,,19.59059906000,0.1456000000,819.00,52.7700,5794.00,1.072000,1.496000,1,3,"Transit",2021
"Kepler-348 c","Kepler-348",1.33000000,,17.26542700000,0.1380000000,888.00,133.2590,6177.00,1.189000,1.359000,1,2,"Transit",2014
"Kepler-1641 c","Kepler-1641",2.95000000,,32.65721200000,0.2065000000,767.00,42.1450,6152.00,1.120000,1.190000,1,2,"Transit",2016
"Kepler-1641 b","Kepler-1641",3.11000000,,19.67226600000,0.1473000000,908.00,82.8280,6152.00,1.120000,1.190000,1,2,"Transit",2016
"Kepler-39 b","Kepler-39",13.90000000,6.38810000000000e+03,21.08721000000,0.1640000000,897.00,90.2200,6350.00,1.290000,1.400000,1,1,"Transit",2011
"Kepler-174 c","Kepler-174",1.49000000,,44.00052900000,0.2140000000,377.00,5.2960,4880.00,0.602000,0.622000,1,3,"Transit",2014
"KMT-2023-BLG-1642L b","KMT-2023-BLG-1642L",13.80000000,3.43254679560000e+02,,1.4100000000,,,,0.170000,,1,1,"Microlensing",2024
"Kepler-1468 b","Kepler-1468",1.73000000,,8.23984869000,0.0817000000,1093.00,481.3520,5893.00,1.040000,1.050000,1,3,"Transit",2016
"Kepler-203 b","Kepler-203",2.57000000,,3.16269700000,0.0430000000,1308.00,668.2150,5821.00,1.060000,1.114000,1,3,"Transit",2014
"Kepler-152 b","Kepler-152",2.79000000,,18.20797300000,0.1240000000,551.00,21.0840,5088.00,0.779000,0.724000,1,2,"Transit",2014
"OGLE-2015-BLG-0966L b","OGLE-2015-BLG-0966L",4.86000000,2.10000000000000e+01,,2.7000000000,,,,0.380000,,1,1,"Microlensing",2016
"MOA-2011-BLG-028L b","MOA-2011-BLG-028L",5.99000000,3.00000000000000e+01,,4.1400000000,,,,0.750000,,1,1,"Microlensing",2016
"OGLE-2018-BLG-0383L b","OGLE-2018-BLG-0383L",2.41000000,6.40000000000000e+00,,1.8000000000,,,,0.100000,,1,1,"Microlensing",2022
"KMT-2021-BLG-1391L b","KMT-2021-BLG-1391L",1.97000000,4.55000000000000e+00,,2.2900000000,,,,0.370000,,1,1,"Microlensing",2022
"Kepler-195 c","Kepler-195",1.55000000,,34.09686300000,0.1970000000,469.00,11.2810,5329.00,0.867000,0.775000,1,2,"Transit",2014
"Kepler-880 c","Kepler-880",2.87000000,,11.80617370000,0.1216000000,1407.00,926.7200,6900.00,1.714000,2.599000,1,2,"Transit",2023
"Kepler-608 b","Kepler-608",3.64000000,,6.41251503700,0.0685000000,1069.00,270.1620,5820.00,1.000000,1.010000,1,1,"Transit",2016
"Kepler-1704 b","Kepler-1704",11.94877343,1.32216617312000e+03,988.88112000000,2.0270000000,253.80,0.3420,5746.00,1.132000,1.697000,1,1,"Transit",2021
"Kepler-561 c","Kepler-561",2.68000000,,5.35016198300,0.0594700000,989.00,183.1660,5646.00,0.960000,0.940000,1,2,"Transit",2016
"OGLE-2015-BLG-0051L b","OGLE-2015-BLG-0051L",14.00000000,2.30000000000000e+02,,0.7300000000,,,,0.100000,,1,1,"Microlensing",2016
"OGLE-2018-BLG-0740L b","OGLE-2018-BLG-0740L",12.90000000,1.50000000000000e+03,5480.00000000000,5.0000000000,,,5912.00,1.000000,,1,1,"Microlensing",2019
"OGLE-2017-BLG-1099L b","OGLE-2017-BLG-1099L",13.10000000,9.59841789140000e+02,,2.7300000000,,,,0.450000,,1,1,"Microlensing",2021
"KMT-2021-BLG-0748L b","KMT-2021-BLG-0748L",14.30000000,1.43022783150000e+02,,2.4300000000,,,,0.360000,,1,1,"Microlensing",2022
"TOI-2267 d","TOI-2267 B",1.77000000,,2.03446710000,0.0145000000,422.00,5.3000,3022.00,0.098900,0.130000,2,3,"Transit",2025
"Kepler-1719 b","Kepler-1719",3.95000623,,6.14955997500,0.0686800000,1287.00,686.9000,5687.00,1.080000,1.775000,1,1,"Transit",2021
"Kepler-1254 c","Kepler-1254",1.30000000,,3.60084276000,0.0422000000,927.00,132.3910,4985.00,0.780000,0.750000,1,3,"Transit",2016
"Kepler-639 b","Kepler-639",2.38000000,,10.21420496000,0.0935800000,957.00,295.8260,5896.00,1.140000,1.290000,1,1,"Transit",2016
"KMT-2016-BLG-0212L b","KMT-2016-BLG-0212L",12.20000000,5.70000000000000e+03,,2.2000000000,,,,0.480000,,1,1,"Microlensing",2018
"KMT-2019-BLG-1552L b","KMT-2019-BLG-1552L",13.00000000,1.28720504835000e+03,,2.6000000000,,,,0.790000,,1,1,"Microlensing",2022
"KMT-2024-BLG-0349L b","KMT-2024-BLG-0349L",12.40000000,3.76944490702000e+03,,6.4600000000,,,,0.680000,,1,1,"Microlensing",2026
"Kepler-208 d","Kepler-208",1.20000000,,11.13178600000,0.1030000000,999.00,176.2830,6092.00,1.082000,1.314000,1,4,"Transit",2014
"Kepler-171 b","Kepler-171",2.34000000,,4.16697200000,0.0500000000,1053.00,304.1780,5642.00,0.978000,0.839000,1,3,"Transit",2014
"Kepler-1525 b","Kepler-1525",0.91000000,,2.41660118300,0.0355700000,1343.00,715.1060,5748.00,1.070000,1.040000,1,1,"Transit",2016
"Kepler-1645 b","Kepler-1645",1.78000000,,16.17795610000,0.1285000000,754.00,138.5380,5812.00,1.020000,1.020000,1,1,"Transit",2016
"KMT-2018-BLG-1990L b","KMT-2018-BLG-1990L",12.90000000,1.11000000000000e+02,,0.7630000000,,,,0.094000,,1,1,"Microlensing",2019
"KMT-2018-BLG-0247L b","KMT-2018-BLG-0247L",13.40000000,6.70617938770000e+02,,2.4600000000,,,,0.290000,,1,1,"Microlensing",2022
"Kepler-30 d","Kepler-30",8.80000000,2.31000000000000e+01,143.34394000000,0.5000000000,308.00,1.9620,5498.00,0.990000,0.950000,1,3,"Transit",2012
"PSR B1257+12 d","PSR B1257+12",1.80000000,3.90000000000000e+00,98.21140000000,0.4600000000,,,,1.400000,,1,3,"Pulsar Timing",1992
"OGLE-2016-BLG-0263L b","OGLE-2016-BLG-0263L",13.00000000,1.30000000000000e+03,,5.4000000000,,,,0.130000,,1,1,"Microlensing",2017
"OGLE-2012-BLG-0026L c","OGLE-2012-BLG-0026L",13.90000000,2.70000000000000e+02,,4.8000000000,,,,1.060000,,1,2,"Microlensing",2012
"KMT-2018-BLG-2602L b","KMT-2018-BLG-2602L",13.70000000,3.65502668050000e+02,,3.8100000000,,,,0.660000,,1,1,"Microlensing",2022
"KMT-2016-BLG-1337L b","KMT-2016-BLG-1337L",11.40000000,8.89919539600000e+01,,3.9700000000,,,,0.540000,,2,1,"Microlensing",2026
"Kepler-220 d","Kepler-220",0.98000000,,28.12239700000,0.1630000000,401.00,8.2080,4632.00,0.729000,0.666000,1,4,"Transit",2014
"Kepler-1949 b","Kepler-1949",2.21964541,,2.20828008700,0.0352000000,1709.00,2016.2500,6028.00,1.194000,1.454000,1,1,"Transit",2021
"Kepler-695 b","Kepler-695",9.21000000,,3.04033042400,0.0374000000,1021.00,499.0640,5181.00,0.840000,0.800000,1,1,"Transit",2016
"Kepler-529 d","Kepler-529",2.79502603,,35.86619949000,0.2134000000,633.00,37.9200,6078.00,1.005000,1.189000,1,3,"Transit",2021
"OGLE-2005-BLG-390L b","OGLE-2005-BLG-390L",2.21000000,5.50000000000000e+00,3285.00000000000,2.6000000000,50.00,,,0.220000,,1,1,"Microlensing",2005
"Kepler-220 b","Kepler-220",0.81000000,,4.15980700000,0.0460000000,759.00,105.0010,4632.00,0.729000,0.666000,1,4,"Transit",2014
"Kepler-1993 b","Kepler-1993",4.15000000,,26.65657370000,0.1943000000,903.00,157.4500,5159.00,1.373000,3.062000,1,1,"Transit",2023
"Kepler-154 e","Kepler-154",1.50000000,,3.93276465000,0.0476600000,1140.00,480.4050,5769.00,0.980000,0.980000,1,5,"Transit",2016
"MOA-2009-BLG-387L b","MOA-2009-BLG-387L",13.20000000,8.30000000000000e+02,1980.00000000000,1.8000000000,,,,0.190000,,1,1,"Microlensing",2010
"OGLE-2018-BLG-1647L b","OGLE-2018-BLG-1647L",13.80000000,3.08293554790000e+02,,1.3600000000,,,,0.092000,,1,1,"Microlensing",2022
"Kepler-154 c","Kepler-154",2.95000000,,62.30327600000,0.3030000000,454.00,12.0710,5690.00,0.933000,1.001000,1,5,"Transit",2014
"Kepler-390 c","Kepler-390",0.79000000,,13.06002200000,0.1010000000,630.00,41.3510,5166.00,0.787000,0.776000,2,2,"Transit",2014
"Kepler-967 c","Kepler-967",3.65000000,,198.71125020000,0.6253000000,258.00,1.0500,5178.00,0.840000,0.800000,1,2,"Transit",2016
"Kepler-248 c","Kepler-248",4.07000000,,16.23949400000,0.1230000000,598.00,22.4590,5190.00,0.838000,0.831000,1,2,"Transit",2014
"Kepler-648 b","Kepler-648",3.22000000,,17.42117490000,0.1332400000,674.00,47.3360,5741.00,1.050000,0.980000,1,1,"Transit",2016
"OGLE-2017-BLG-0406L b","OGLE-2017-BLG-0406L",14.20000000,1.30000000000000e+02,,3.5000000000,,,,0.560000,,1,1,"Microlensing",2020
"OGLE-2018-BLG-1367L b","OGLE-2018-BLG-1367L",13.80000000,3.01936986650000e+02,,1.2100000000,,,,0.280000,,1,1,"Microlensing",2022
"OGLE-2018-BLG-0932L b","OGLE-2018-BLG-0932L",13.90000000,2.82867282230000e+02,,1.7500000000,,,,0.720000,,1,1,"Microlensing",2022
"OGLE-2017-BLG-0364L b","OGLE-2017-BLG-0364L",10.30000000,7.58000000000000e+01,,3.7900000000,,,,0.490000,,1,1,"Microlensing",2024
"Kepler-1814 c","Kepler-1814",1.76000000,,0.62628176600,0.0133000000,1711.00,2011.2700,4922.00,0.790000,0.823000,1,2,"Transit",2023
"Kepler-1588 b","Kepler-1588",0.76000000,,7.84931739000,0.0741900000,925.00,359.7900,5817.00,0.960000,0.990000,1,1,"Transit",2016
"Kepler-436 b","Kepler-436",2.73000000,,64.00205000000,0.3390000000,322.00,1.6900,4651.00,0.729000,0.697000,1,2,"Transit",2015
"KOI-3503 c","KOI-3503",1.21000000,1.03600000000000e+01,31.82800000000,0.1868800000,686.00,52.5000,6001.00,0.858000,1.255000,1,2,"Transit",2021
"Kepler-1491 c","Kepler-1491",2.44000000,,61.56976500000,0.3045000000,530.00,18.6600,5626.00,0.991000,1.389000,1,2,"Transit",2023
"Kepler-158 c","Kepler-158",1.90000000,,28.55138300000,0.1580000000,418.00,6.6770,4623.00,0.655000,0.624000,1,3,"Transit",2014
"MOA-2011-BLG-293L b","MOA-2011-BLG-293L",12.90000000,1.50000000000000e+03,3000.00000000000,1.1000000000,,,,0.860000,,1,1,"Microlensing",2012
"OGLE-2017-BLG-0173L b","OGLE-2017-BLG-0173L",1.62000000,3.26900000000000e+00,,3.9130000000,,,,0.396000,,1,1,"Microlensing",2018
"OGLE-2018-BLG-1269L b","OGLE-2018-BLG-1269L",14.10000000,2.10000000000000e+02,,4.5100000000,,,,1.110000,,1,1,"Microlensing",2020
"KMT-2021-BLG-0119L b","KMT-2021-BLG-0119L",12.80000000,1.75441280664000e+03,,2.9200000000,,,,0.560000,,1,1,"Microlensing",2022
"Kepler-968 c","Kepler-968",1.69000000,,5.70940491800,0.0520000000,644.00,58.1500,4598.00,0.760000,0.700000,1,3,"Transit",2016
"Kepler-28 b","Kepler-28",1.95900000,1.63000000000000e+00,5.91000000000,0.0568700000,585.00,62.5770,4499.30,0.684000,0.664000,1,2,"Transit",2011
"MOA-2008-BLG-379L b","MOA-2008-BLG-379L",13.00000000,1.30000000000000e+03,,2.7000000000,,,,0.560000,,1,1,"Microlensing",2013
"MOA-2022-BLG-091L b","MOA-2022-BLG-091L",13.00000000,1.14100398113000e+03,,3.4400000000,,,,0.750000,,1,1,"Microlensing",2025
"KMT-2023-BLG-2209L b","KMT-2023-BLG-2209L",13.90000000,2.54262725600000e+02,,3.5100000000,,,,0.730000,,1,1,"Microlensing",2025
"Kepler-1533 b","Kepler-1533",3.46000000,,308.54710000000,0.9341600000,330.00,4.7860,6431.00,1.310000,1.510000,1,1,"Transit",2016
"Kepler-558 b","Kepler-558",2.37000000,,29.00790538000,0.1759000000,498.00,15.2270,5242.00,0.850000,0.810000,1,1,"Transit",2016
"Kepler-177 c","Kepler-177",8.73000000,1.47000000000000e+01,49.40926000000,0.2565500000,497.00,25.4000,5732.00,0.921000,1.324000,1,2,"Transit",2013
"OGLE-2014-BLG-1722L b","OGLE-2014-BLG-1722L",8.59000000,5.53000000000000e+01,,1.5000000000,,,,0.400000,,1,2,"Microlensing",2018
"OGLE-2015-BLG-1609L b","OGLE-2015-BLG-1609L",10.40000000,7.62788176800000e+01,,,,,,0.170000,,1,1,"Microlensing",2025
"Kepler-690 b","Kepler-690",5.95000000,,7.74809437400,0.0810000000,964.00,225.7010,5913.00,1.110000,1.160000,1,1,"Transit",2016
"Kepler-188 c","Kepler-188",3.19000000,,5.99655300000,0.0660000000,1025.00,257.3480,6021.00,1.021000,1.141000,1,2,"Transit",2014
"Kepler-586 b","Kepler-586",2.79000000,,2.10472218400,0.0331000000,1365.00,705.0510,5575.00,0.940000,0.920000,1,1,"Transit",2016
"Kepler-245 d","Kepler-245",3.03000000,2.16000000000000e+01,36.27710800000,0.2020000000,445.00,9.4920,5100.00,0.856000,0.795000,1,4,"Transit",2014
"OGLE-2013-BLG-0341L B b","OGLE-2013-BLG-0341L B",1.16000000,1.66000000000000e+00,,0.7020000000,,,,0.112700,,2,1,"Microlensing",2014
"KMT-2018-BLG-1976L b","KMT-2018-BLG-1976L",13.30000000,7.05579063540000e+02,,3.5400000000,,,,0.650000,,1,1,"Microlensing",2021
"KMT-2017-BLG-0428L b","KMT-2017-BLG-0428L",2.23000000,5.59000000000000e+00,,1.8100000000,,,,0.340000,,1,1,"Microlensing",2023
"KMT-2019-BLG-1806L b","KMT-2019-BLG-1806L",2.00000000,4.67000000000000e+00,,3.0200000000,,,,0.740000,,1,1,"Microlensing",2023
"OGLE-2014-BLG-0124L b","OGLE-2014-BLG-0124L",14.10000000,2.06588464550000e+02,,3.4800000000,,,,0.900000,,1,1,"Microlensing",2015
"Kepler-1616 b","Kepler-1616",1.02000000,,6.76284377000,0.0731800000,1337.00,724.8610,6266.00,1.210000,1.340000,1,1,"Transit",2016
"Kepler-362 b","Kepler-362",0.88000000,,10.32718600000,0.0870000000,838.00,207.3360,5788.00,0.904000,0.722000,1,2,"Transit",2014
"Kepler-612 b","Kepler-612",2.84000000,,3.72215641300,0.0452000000,1046.00,997.0890,5693.00,0.980000,0.960000,1,1,"Transit",2016
"Kepler-81 c","Kepler-81",2.37000000,4.30000000000000e+00,12.04000000000,0.0834700000,502.00,15.6200,4385.00,0.640000,0.590000,1,3,"Transit",2012
"OGLE-2013-BLG-1761L b","OGLE-2013-BLG-1761L",13.20000000,8.60000000000000e+02,,1.8000000000,,,,0.330000,,1,1,"Microlensing",2017
"KMT-2016-BLG-1105L b","KMT-2016-BLG-1105L",1.33000000,2.32000000000000e+00,,2.4400000000,,,,0.410000,,1,1,"Microlensing",2023
"TOI-5573 b","TOI-5573",9.75000000,1.12000000000000e+02,8.79758977000,0.0712000000,528.00,12.9200,3790.00,0.619000,0.594000,1,1,"Transit",2025
"Kepler-1144 b","Kepler-1144",1.99000000,,17.14647302000,0.1291000000,811.00,62.0610,5753.00,0.980000,0.960000,1,1,"Transit",2016
"Kepler-172 e","Kepler-172",2.76000000,,35.11873600000,0.2110000000,550.00,23.4310,5526.00,1.081000,1.085000,1,4,"Transit",2014
"Kepler-694 b","Kepler-694",2.80000000,,6.36584161200,0.0659000000,914.00,206.4380,5700.00,0.970000,0.950000,1,1,"Transit",2016
"K2-108 b","K2-108",5.33000000,5.94000000000000e+01,4.73399900000,0.0581000000,1360.00,762.0000,5599.00,1.170000,1.760000,1,1,"Transit",2017
"TOI-201 d","TOI-201",1.39000000,5.80000000000000e+00,5.84889000000,0.0698000000,1237.00,389.6690,6423.00,1.320000,1.310000,1,3,"Transit",2026
"Kepler-373 b","Kepler-373",1.36000000,,5.53530900000,0.0600000000,1054.00,453.8720,5787.00,0.981000,0.845000,1,2,"Transit",2014
"Kepler-377 c","Kepler-377",2.06000000,,27.01497600000,0.1820000000,677.00,49.8550,5949.00,1.043000,1.224000,1,2,"Transit",2014
"Kepler-444 d","Kepler-444",0.53000000,2.00000000000000e-01,6.18939200000,0.0600000000,783.00,109.6380,5046.00,0.758000,0.752000,3,5,"Transit",2015
"Kepler-1649 b","Kepler-1649",1.01700000,,8.68909900000,0.0514000000,307.00,2.2080,3240.00,0.197700,0.231700,1,2,"Transit",2017
"Kepler-179 c","Kepler-179",2.00000000,,6.40013000000,0.0640000000,810.00,115.9830,5302.00,0.893000,0.759000,1,2,"Transit",2014
"K2-179 b","K2-179",2.51267885,,5.17219100000,,,,5015.00,0.824345,0.768067,1,1,"Transit",2018
"Kepler-219 d","Kepler-219",2.81000000,1.91000000000000e+01,47.90364500000,0.2720000000,598.00,20.0100,5786.00,1.164000,1.491000,1,3,"Transit",2014
"Kepler-50 b","Kepler-50",1.71000000,8.90000000000000e+00,7.81254000000,0.0770000000,1196.00,494.7050,6225.00,1.240000,1.580000,1,2,"Transit",2012
"Kepler-1787 b","Kepler-1787",2.31898181,,39.31370163000,0.2270000000,540.00,20.0400,6060.00,1.008000,0.925000,1,1,"Transit",2021
"Kepler-1542 b","Kepler-1542",0.76000000,,3.95116882000,0.0476500000,1160.00,518.4370,5564.00,0.940000,0.990000,1,4,"Transit",2016
"Kepler-1444 b","Kepler-1444",2.18000000,,33.42035034000,0.2090600000,581.00,25.9420,5810.00,1.030000,1.050000,1,1,"Transit",2016
"Kepler-1997 b","Kepler-1997",2.28000000,,26.75758660000,0.1815000000,660.00,44.8600,6215.00,1.111000,1.052000,1,1,"Transit",2023
"Kepler-241 b","Kepler-241",2.33000000,,12.71809200000,0.0940000000,562.00,23.6000,4699.00,0.671000,0.668000,1,2,"Transit",2014
"Kepler-1624 b","Kepler-1624",6.59000000,,3.29031400000,0.0327000000,540.00,6.0100,3768.00,0.541000,0.552000,1,1,"Transit",2016
"K2-168 b","K2-168",1.86000000,,15.85230000000,,766.35,,5502.70,0.877000,0.830000,1,2,"Transit",2018
"K2-119 b","K2-119",2.53000000,,7.72728300000,0.0698000000,666.00,54.9000,4740.00,0.760000,0.710000,1,1,"Transit",2017
"Kepler-730 c","Kepler-730",1.56926000,,2.85188338000,0.0399700000,1607.00,903.7700,5620.00,1.047000,1.411000,1,2,"Transit",2018
"TOI-5319 b","TOI-5319",2.83000000,,4.07853000000,0.0506000000,695.00,38.7885,3580.00,0.500000,0.485000,1,1,"Transit",2024
"HD 80883 b","HD 80883",12.80000000,1.74805623850000e+03,6383.78352000000,6.4620000000,88.66,0.0103,5177.91,0.880000,0.814842,1,1,"Radial Velocity",2022
"Kepler-1585 b","Kepler-1585",1.79000000,,3.58274630000,0.0445000000,1064.00,182.9410,5538.00,0.940000,0.910000,1,1,"Transit",2016
"Kepler-1961 b","Kepler-1961",1.61878080,,5.60471010200,0.0588000000,866.00,132.9800,5401.00,0.871000,0.777000,1,1,"Transit",2021
"Kepler-1446 b","Kepler-1446",0.82000000,,0.68996783200,0.0140500000,1539.00,1213.3330,4865.00,0.810000,0.750000,1,1,"Transit",2016
"Kepler-342 c","Kepler-342",1.96000000,,26.23413800000,0.1850000000,754.00,77.2900,6175.00,1.213000,1.472000,1,4,"Transit",2014
"K2-121 b","K2-121",7.16000000,5.10000000000000e+01,5.18573800000,0.0525000000,716.00,62.5000,4526.00,0.710000,0.675000,1,1,"Transit",2017
"Kepler-279 e","Kepler-279",4.13000000,5.60000000000000e+01,98.35310000000,0.4390000000,552.00,21.9600,6689.45,1.164000,1.430000,1,4,"Transit",2025
"KOI-3680 b","KOI-3680",11.09691000,6.13411900000000e+02,141.24167100000,0.5340000000,347.00,3.3000,5830.00,1.010000,0.960000,1,1,"Transit",2018
"Kepler-1638 b","Kepler-1638",1.87000000,,259.33683000000,0.7450000000,304.00,2.7600,5710.00,0.970000,0.950000,1,1,"Transit",2016
"K2-146 b","K2-146",2.05000000,5.77000000000000e+00,2.64460000000,0.0248000000,534.00,20.7000,3385.00,0.331000,0.330000,1,2,"Transit",2018
"Kepler-677 b","Kepler-677",5.38000000,,6.57531678000,0.0670000000,1015.00,683.2740,5723.00,1.000000,0.990000,1,1,"Transit",2016
"TOI-5344 b","TOI-5344",10.60369574,1.30945303684000e+02,3.79262200000,0.0404100000,689.00,38.0000,3747.00,0.612000,0.588000,1,1,"Transit",2023
"Kepler-1811 b","Kepler-1811",3.84829873,,76.42230225000,0.3462000000,455.00,10.1100,5561.00,0.946000,1.190000,1,1,"Transit",2021
"Kepler-481 b","Kepler-481",2.50000000,,10.06082567000,0.0892600000,899.00,183.8420,5802.00,1.010000,1.090000,1,1,"Transit",2016
"Kepler-375 c","Kepler-375",2.65000000,,19.98632600000,0.1410000000,720.00,33.1520,5826.00,0.891000,0.837000,1,2,"Transit",2014
"Kepler-113 c","Kepler-113",2.18000000,8.70000000000000e+00,8.92507000000,0.0779600000,628.00,45.5960,4725.00,0.750000,0.690000,1,2,"Transit",2014
"Kepler-9 b","Kepler-9",8.29000000,4.34000000000000e+01,19.23891000000,0.1430000000,661.00,48.2290,5774.00,1.022000,0.958000,1,3,"Transit",2010
"Kepler-1590 b","Kepler-1590",1.14000000,,7.61760804000,0.0711600000,1020.00,171.4780,6053.00,1.110000,1.160000,1,1,"Transit",2016
"Kepler-1514 b","Kepler-1514",12.41957200,1.67814240000000e+03,217.83184000000,0.7530000000,387.90,3.2300,6145.00,1.196000,1.289000,1,2,"Transit",2016
"Kepler-175 b","Kepler-175",2.56000000,,11.90351500000,0.1050000000,827.00,129.6390,6064.00,0.969000,1.010000,1,2,"Transit",2014
"K2-83 b","K2-83",1.24400000,,2.74697000000,0.0301400000,707.17,41.5000,3910.00,0.484000,0.424000,1,2,"Transit",2016
"Kepler-231 c","Kepler-231",1.93000000,2.41000000000000e+01,19.27156600000,0.1140000000,393.00,6.2670,3767.00,0.580000,0.490000,1,2,"Transit",2014
"Kepler-1683 b","Kepler-1683",1.87477762,,15.03370000000,0.1182000000,669.00,47.3200,5429.00,0.950000,0.900327,1,1,"Transit",2020
"Kepler-1653 b","Kepler-1653",2.17000000,,140.25240000000,0.4706000000,284.00,0.9800,4807.00,0.719000,0.693000,1,1,"Transit",2017
"Kepler-150 c","Kepler-150",3.69000000,,7.38199800000,0.0730000000,876.00,132.0910,5560.00,0.956000,0.939000,1,5,"Transit",2014
"Kepler-239 b","Kepler-239",2.33000000,,11.76305100000,0.0950000000,616.00,34.7460,4914.00,0.757000,0.763000,1,2,"Transit",2014
"Kepler-343 c","Kepler-343",2.02000000,,23.22182000000,0.1670000000,746.00,57.9320,5807.00,1.055000,1.433000,1,2,"Transit",2014
"TOI-5380 b","TOI-5380",3.48093238,,3.77229247873,,1479.00,796.3050,6400.78,1.343000,1.562100,1,1,"Transit",2026
"Kepler-1022 b","Kepler-1022",2.36000000,,10.99469878000,0.0805000000,512.00,19.2580,4445.00,0.710000,0.680000,1,1,"Transit",2016
"Kepler-354 b","Kepler-354",1.84000000,,5.47666000000,0.0540000000,741.00,64.8450,4648.00,0.652000,0.674000,1,3,"Transit",2014
"Kepler-1434 b","Kepler-1434",1.11000000,,8.05333618000,0.0917000000,1320.00,925.2890,6291.00,1.470000,2.040000,1,1,"Transit",2016
"Kepler-1593 b","Kepler-1593",3.17000000,,174.50983500000,0.5549400000,260.00,0.8890,4995.00,0.810000,0.770000,1,1,"Transit",2016
"Kepler-1453 b","Kepler-1453",2.67000000,,47.16116960000,0.2620000000,503.00,11.8890,5665.00,0.970000,0.940000,1,1,"Transit",2016
"Kepler-1989 b","Kepler-1989",4.62000000,,10.16102352800,0.0918000000,904.00,157.9700,6032.00,0.999000,1.060000,1,1,"Transit",2023
"K2-122 b","K2-122",1.16000000,,2.21930230000,0.0373000000,769.00,79.9000,4009.00,0.630000,0.590000,2,1,"Transit",2017
"Kepler-1046 b","Kepler-1046",1.71000000,,14.37508035000,0.1185800000,786.00,101.4000,5913.00,1.040000,1.040000,1,1,"Transit",2016
"Kepler-1907 c","Kepler-1907",1.15547044,,14.86390018000,0.1037100000,620.00,20.6000,5159.00,0.752000,0.800000,1,2,"Transit",2021
"Kepler-1594 b","Kepler-1594",1.06000000,,2.71603809000,0.0396000000,1360.00,672.4140,5946.00,1.060000,1.080000,1,1,"Transit",2016
"Kepler-80 b","Kepler-80",2.67000000,6.93000000000000e+00,7.05246000000,0.0648000000,547.00,54.3820,4540.00,0.730000,0.678000,1,6,"Transit",2012
"Kepler-438 b","Kepler-438",1.12000000,,35.23319000000,0.1660000000,288.00,1.4000,3748.00,0.544000,0.520000,1,1,"Transit",2015
"Kepler-1455 b","Kepler-1455",2.16000000,,49.27676400000,0.2149000000,298.00,1.5330,4075.00,0.620000,0.600000,1,1,"Transit",2016
"Kepler-1490 b","Kepler-1490",3.04000000,,92.43629730000,0.3729000000,348.00,3.7880,5515.00,0.900000,0.870000,1,1,"Transit",2016
"Kepler-700 b","Kepler-700",5.99000000,,80.87206390000,0.3577000000,452.00,12.0710,5692.00,0.980000,0.960000,1,1,"Transit",2016
"K2-345 b","K2-345",2.11000000,,10.36743700000,,437.00,,3779.00,0.560000,0.520000,1,1,"Transit",2021
"Kepler-1133 b","Kepler-1133",1.97000000,,11.55562343000,0.0983000000,703.00,55.7580,5569.00,0.930000,0.900000,1,1,"Transit",2016
"Kepler-1953 b","Kepler-1953",1.28574667,,6.24565982800,0.0607000000,731.00,67.6200,4858.00,0.786000,0.707000,1,1,"Transit",2021
"Kepler-53 b","Kepler-53",2.89000000,1.11000000000000e+02,18.64895250000,0.1361000000,701.00,60.9970,5858.00,0.980000,0.890000,1,3,"Transit",2012
"Kepler-1518 b","Kepler-1518",3.05000000,,5.11177904000,0.0593000000,1351.00,1079.4580,6846.00,1.540000,1.880000,1,2,"Transit",2016
"Kepler-251 b","Kepler-251",1.33000000,,4.79093600000,0.0530000000,990.00,203.1690,5526.00,0.891000,0.890000,1,4,"Transit",2014
"Kepler-370 c","Kepler-370",1.91000000,,19.02293000000,0.1400000000,647.00,54.1970,5852.00,0.982000,0.900000,1,2,"Transit",2014
"Kepler-1161 b","Kepler-1161",2.13000000,,10.71252541000,0.0784000000,485.00,26.2290,4253.00,0.590000,0.570000,1,1,"Transit",2016
"Kepler-1184 b","Kepler-1184",2.68000000,,53.59910440000,0.2863000000,529.00,18.0390,5983.00,1.050000,1.070000,1,1,"Transit",2016
"Kepler-1181 c","Kepler-1181",1.83000000,,8.93484887000,0.0928000000,1124.00,377.2500,6688.00,1.336000,1.347000,1,2,"Transit",2023
"Kepler-1599 b","Kepler-1599",1.62000000,,122.36355300000,0.4823000000,407.00,8.1960,5767.00,0.990000,0.990000,1,1,"Transit",2016
"Kepler-442 b","Kepler-442",1.34000000,,112.30530000000,0.4090000000,241.00,0.6600,4402.00,0.609000,0.598000,1,1,"Transit",2015
"Kepler-1185 b","Kepler-1185",1.33000000,,104.35189760000,0.4297000000,355.00,9.3100,5622.00,0.960000,0.870000,1,1,"Transit",2016
"K2-181 b","K2-181",2.69000000,,6.89410000000,0.0706000000,949.00,192.0000,5528.00,0.960000,1.060000,1,1,"Transit",2018
"Kepler-31 d","Kepler-31",3.90000000,2.16124400000000e+03,87.64510000000,0.4000000000,484.00,11.8000,6340.00,1.210000,1.220000,1,3,"Transit",2014
"Kepler-1070 b","Kepler-1070",1.73000000,,6.22161470000,0.0675300000,1101.00,380.1340,6261.00,1.210000,1.320000,1,1,"Transit",2016
"Kepler-1162 b","Kepler-1162",2.21000000,,32.56370690000,0.1900000000,490.00,12.2450,5390.00,0.890000,0.840000,1,2,"Transit",2016
"Kepler-1560 b","Kepler-1560",0.89000000,,3.03195744000,0.0417500000,1269.00,593.9190,5815.00,1.020000,1.020000,1,1,"Transit",2016
"Kepler-1702 b","Kepler-1702",1.60190793,,18.50120000000,0.1275000000,555.00,22.4000,5093.00,0.850000,0.725742,1,1,"Transit",2020
"Kepler-1621 b","Kepler-1621",2.16000000,,92.26371400000,0.4204000000,469.00,14.0550,6158.00,1.150000,1.240000,1,1,"Transit",2016
"Kepler-240 c","Kepler-240",2.20000000,1.02300000000000e+02,7.95352800000,0.0740000000,696.00,59.8380,4985.00,0.868000,0.739000,1,2,"Transit",2014
"Kepler-1972 c","Kepler-1972",0.86800000,2.11000000000000e+00,11.32950000000,0.1049300000,1215.00,198.4000,5818.00,1.120000,1.384000,1,2,"Transit",2022
"K2-278 b","K2-278",2.98000000,,3.33496600000,0.0488000000,1711.00,1051.5587,6747.00,1.400000,1.610000,1,1,"Transit",2018
"Kepler-42 d","Kepler-42",0.57000000,3.57785000000000e-01,1.86516900000,0.0154000000,450.00,12.5380,3068.00,0.130000,0.170000,1,3,"Transit",2011
"Kepler-1050 b","Kepler-1050",1.60000000,,15.37875460000,0.1235300000,1039.00,62.0250,6010.00,1.090000,1.130000,1,2,"Transit",2016
"Kepler-1001 b","Kepler-1001",3.15000000,,14.30511983000,0.1114700000,693.00,40.8530,5491.00,0.900000,0.880000,1,2,"Transit",2016
"Kepler-478 b","Kepler-478",2.71000000,,13.22175760000,0.1032000000,640.00,39.5600,5210.00,0.850000,0.800000,1,1,"Transit",2016
"Kepler-1164 b","Kepler-1164",1.12000000,,3.97599768000,0.0463500000,936.00,181.2050,5183.00,0.850000,0.790000,1,1,"Transit",2016
"Kepler-692 b","Kepler-692",3.11000000,,21.81293494000,0.1495000000,639.00,28.5040,5440.00,0.900000,0.860000,1,1,"Transit",2016
"Kepler-1464 c","Kepler-1464",1.00000000,,5.32786292000,0.0610100000,1023.00,968.5550,5828.00,1.020000,1.010000,1,2,"Transit",2016
"K2-268 c","K2-268",2.69000000,,9.32752700000,0.0819000000,696.00,55.4636,5106.00,0.840000,0.780000,1,5,"Transit",2018
"Kepler-594 b","Kepler-594",2.18000000,,13.64618192000,0.1089000000,678.00,59.3960,5485.00,0.910000,0.870000,1,1,"Transit",2016
"Kepler-23 c","Kepler-23",3.00500000,7.81000000000000e+00,10.74000000000,0.0950100000,1008.00,257.3900,5828.00,1.078000,1.548000,1,3,"Transit",2011
"Kepler-150 b","Kepler-150",1.25000000,,3.42805400000,0.0440000000,1131.00,367.2620,5560.00,0.956000,0.939000,1,5,"Transit",2014
"Kepler-199 b","Kepler-199",3.11000000,,23.63760400000,0.1580000000,595.00,31.6790,5644.00,0.960000,0.967000,1,2,"Transit",2014
"Kepler-1499 b","Kepler-1499",1.19000000,,44.20080000000,0.2322500000,409.00,7.3710,5097.00,0.820000,0.780000,1,1,"Transit",2016
"Kepler-1498 b","Kepler-1498",1.33000000,,48.05140500000,0.2528000000,564.00,9.8600,5256.00,0.860000,0.810000,1,1,"Transit",2016
"Kepler-611 b","Kepler-611",1.65000000,,2.43703330200,0.0351000000,1513.00,1825.3010,5761.00,1.010000,1.010000,1,1,"Transit",2016
"TOI-5502 b","TOI-5502",4.12873780,,11.62592988285,,870.00,95.1955,6088.71,1.244000,1.323750,1,1,"Transit",2026
"Kepler-1141 b","Kepler-1141",0.82000000,,2.34451194400,0.0349600000,1471.00,1146.9530,5791.00,1.010000,1.070000,1,1,"Transit",2016
"Kepler-1073 b","Kepler-1073",2.30000000,,8.67888593000,0.0805000000,905.00,128.5500,5792.00,1.000000,1.000000,1,3,"Transit",2016
"Kepler-1170 b","Kepler-1170",2.41000000,,9.98969327000,0.0880000000,705.00,69.5370,5069.00,0.800000,0.760000,1,1,"Transit",2016
"Kepler-157 d","Kepler-157",1.46000000,,7.02573474000,0.0706000000,969.00,244.0580,5866.00,1.020000,1.030000,1,3,"Transit",2016
"Kepler-549 c","Kepler-549",2.93000000,,117.04049800000,0.4533200000,349.00,2.5100,5360.00,0.880000,0.840000,1,3,"Transit",2016
"Kepler-688 b","Kepler-688",9.76000000,,3.89593684400,0.0460000000,1005.00,458.9120,5715.00,0.980000,0.960000,1,1,"Transit",2016
"Kepler-632 b","Kepler-632",2.21000000,,30.99660733000,0.1885000000,500.00,14.7200,5322.00,0.910000,0.840000,1,1,"Transit",2016
"Kepler-1502 b","Kepler-1502",3.18000000,,41.70836290000,0.2482000000,608.00,77.3240,6666.00,1.440000,1.720000,1,1,"Transit",2016
"Kepler-253 b","Kepler-253",1.63000000,,3.78398600000,0.0460000000,949.00,194.3460,5208.00,0.860000,0.786000,1,3,"Transit",2014
"Kepler-1119 b","Kepler-1119",1.92000000,,8.32651530000,0.0812000000,938.00,182.6900,6083.00,1.110000,1.170000,1,1,"Transit",2016
"Kepler-543 b","Kepler-543",2.50000000,,13.89961966000,0.1023000000,521.00,23.0810,4671.00,0.700000,0.670000,1,1,"Transit",2016
"Kepler-693 b","Kepler-693",10.18000000,,15.37563332000,0.1121000000,600.00,31.6410,4881.00,0.760000,0.720000,2,1,"Transit",2016
"Kepler-1710 b","Kepler-1710",3.19744103,,14.91110039000,0.1158300000,694.00,48.9000,5650.00,0.932000,0.899000,1,1,"Transit",2021
"Kepler-1928 b","Kepler-1928",1.99200000,,19.57783000000,0.1940000000,621.00,37.8000,5720.00,1.010000,0.920000,1,1,"Transit",2021
"Kepler-1999 b","Kepler-1999",3.29000000,,8.73967580000,0.0713000000,577.00,26.1700,4406.00,0.632000,0.628000,1,1,"Transit",2023
"KOI-7368 b","KOI-7368",2.22000000,,6.84303440000,0.0678000000,805.00,99.2400,5241.00,0.879000,0.874000,1,1,"Transit",2022
"K2-198 b","K2-198",4.18900000,,17.04286830000,,715.80,,5212.90,0.799000,0.757000,1,3,"Transit",2018
"Kepler-227 c","Kepler-227",3.04000000,,54.41869400000,0.2900000000,443.00,10.1860,5854.00,0.954000,1.091000,1,2,"Transit",2014
"Kepler-26 d","Kepler-26",1.07000000,,3.54391900000,0.0390000000,652.00,31.7900,4486.00,0.593000,0.571000,1,4,"Transit",2014
"KELT-17 b","KELT-17",17.09372500,4.16357300000000e+02,3.08017160000,0.0488100000,2087.00,3331.8707,7454.00,1.635000,1.645000,1,1,"Transit",2016
"IC 4651 9122 b","IC 4651 9122",12.70000000,,734.00000000000,2.0380000000,513.04,10.4109,4740.10,2.100000,10.267424,1,1,"Radial Velocity",2018
"GJ 229 b","GJ 229",3.97000000,,579.47495000000,1.0860000000,111.85,0.0237,3564.00,0.509000,0.460000,3,2,"Radial Velocity",2014
"GJ 180 c","GJ 180",2.41000000,,24.32900000000,0.1290000000,290.87,0.7812,3371.00,0.430000,0.413049,1,3,"Radial Velocity",2014
"HD 68988 c","HD 68988",12.20000000,4.77696095721000e+03,16000.00000000000,13.2000000000,87.50,0.0096,5883.41,1.171665,1.255733,1,2,"Radial Velocity",2021
"KIC 5479689 b","KIC 5479689",14.20000000,,1.70153100000,,,,5459.10,0.966000,0.894000,1,1,"Orbital Brightness Modulation",2021
"HD 93385 b","HD 93385",1.88000000,,7.34260000000,0.0756000000,1141.00,281.6970,5977.00,1.040000,1.184840,1,3,"Radial Velocity",2021
"Kepler-294 c","Kepler-294",2.71000000,,6.62640000000,0.0710000000,895.00,151.4910,5913.00,0.947000,0.976000,1,2,"Transit",2014
"TOI-4311 c","TOI-4311",2.47000000,1.35800000000000e+01,15.07042500000,0.1116000000,671.00,33.8000,5063.00,0.816000,0.844100,1,2,"Transit",2026
"WASP-118 b","WASP-118",16.14096000,1.63364620000000e+02,4.04604350000,0.0545300000,1729.00,6586.4700,6410.00,1.320000,1.696000,1,1,"Transit",2016
"TAP 26 b","TAP 26",13.50000000,,10.79000000000,0.0968000000,774.52,60.0135,4620.00,1.040000,1.170000,1,1,"Radial Velocity",2017
"HD 92788 c","HD 92788",13.00000000,,11611.29750000000,10.5000000000,91.27,0.0095,5744.00,1.150000,1.140000,1,2,"Radial Velocity",2019
"GJ 422 b","GJ 422",3.33000000,,20.12900000000,0.1110000000,292.68,0.8928,3323.00,0.350000,0.370328,1,1,"Radial Velocity",2014
"GJ 414 A c","GJ 414 A",8.40000000,,749.83000000000,1.4000000000,124.70,0.0607,4120.00,0.650000,0.680000,2,2,"Radial Velocity",2021
"TOI-3593 b","TOI-3593",11.02963701,5.65734564460000e+02,3.82128670000,0.0481000000,1170.00,308.0000,5550.00,1.015000,0.918000,1,1,"Transit",2025
"WASP-195 b","WASP-195",10.31226224,3.30541543280000e+01,5.05192800000,0.0630000000,1522.00,890.0000,6300.00,1.300000,1.578000,1,1,"Transit",2025
"TOI-4529 b","TOI-4529",1.77000000,4.90000000000000e+00,5.87957700000,,511.00,14.6089,3697.00,0.482000,0.480000,1,1,"Transit",2026
"HD 27631 b","HD 27631",13.50000000,4.95812314920000e+02,2198.14000000000,3.2420000000,147.61,0.0836,5737.00,0.944000,0.923000,1,1,"Radial Velocity",2012
"Wolf 503 b","Wolf 503",2.04300000,6.26000000000000e+00,6.00127000000,0.0570600000,790.00,69.6000,4716.00,0.688000,0.689000,1,1,"Transit",2018
"WASP-183 b","WASP-183",16.47723000,1.59550660000000e+02,4.11177710000,0.0463200000,1111.00,268.7176,5313.00,0.784000,0.871000,1,1,"Transit",2019
"Kepler-1747 b","Kepler-1747",4.26508000,,6.23031997700,0.0660000000,875.00,138.3300,5477.00,0.983000,0.865000,1,1,"Transit",2021
"Kepler-906 b","Kepler-906",2.11000000,,41.69799760000,0.2236300000,537.00,21.9870,6035.00,1.060000,1.020000,1,1,"Transit",2016
"TOI-4551 b","TOI-4551",11.85910158,4.73564326430000e+02,9.95581000000,0.0994000000,1655.00,1247.7400,4896.00,1.310000,3.550000,1,1,"Transit",2023
"HD 98649 b","HD 98649",12.50000000,3.08293554790000e+03,5384.00000000000,5.9700000000,114.22,0.0272,5759.00,0.970000,1.010000,1,1,"Radial Velocity",2012
"Kepler-780 b","Kepler-780",0.89000000,,0.67737516400,0.0150000000,2099.00,4572.5600,5769.00,1.010000,1.020000,1,1,"Transit",2016
"NGTS-16 b","NGTS-16",14.57167491,2.11991547469000e+02,4.84532000000,0.0523000000,1177.00,480.0000,5550.00,1.002000,1.213000,1,1,"Transit",2021
"TOI-1634 b","TOI-1634",1.75900000,4.90000000000000e+00,0.98934551000,0.0154400000,900.00,121.0000,3550.00,0.502000,0.450000,2,2,"Transit",2021
"Kepler-275 b","Kepler-275",2.34000000,,10.30068200000,0.0980000000,1015.00,266.3000,6165.00,1.189000,1.383000,1,3,"Transit",2014
"Kepler-121 c","Kepler-121",2.27000000,,41.00801100000,0.2160000000,425.00,7.2960,5311.00,0.859000,0.701000,1,2,"Transit",2014
"TOI-4342 c","TOI-4342",2.34900000,4.80000000000000e+00,10.68866200000,0.0804000000,514.00,11.6000,3866.00,0.587000,0.598000,1,2,"Transit",2023
"Kepler-168 b","Kepler-168",1.46000000,,4.42539100000,0.0560000000,1240.00,725.0640,6282.00,1.113000,1.107000,1,2,"Transit",2014
"Kepler-471 b","Kepler-471",14.96000000,,5.01423457500,0.0626000000,1308.00,1146.8780,6733.00,1.490000,1.800000,1,1,"Transit",2016
"HD 42012 b","HD 42012",13.50000000,,857.50000000000,1.6700000000,182.63,0.1927,5405.00,0.830000,0.820000,1,1,"Radial Velocity",2017
"Qatar-10 b","Qatar-10",17.29548700,2.33922880000000e+02,1.64532100000,0.0286000000,1955.00,1816.4800,6124.00,1.156000,1.254000,1,1,"Transit",2019
"GJ 720 A b","GJ 720 A",3.77000000,,19.46600000000,0.1190000000,401.00,4.2846,3837.00,0.570000,0.560000,2,1,"Radial Velocity",2021
"HD 137496 b","HD 137496",1.31000000,4.04000000000000e+00,1.62116000000,0.0273200000,2130.00,3114.3366,5799.00,1.040000,1.590000,1,2,"Transit",2021
"K2-389 b","K2-389",2.33000000,,8.58289000000,,932.00,179.0000,5773.00,0.990000,1.094000,1,2,"Transit",2022
"Kepler-17 b","Kepler-17",14.68000000,7.78650000000000e+02,1.48571080000,0.0259100000,1570.00,1481.7660,5781.00,1.040000,1.010340,1,1,"Transit",2011
"Kepler-176 b","Kepler-176",1.43000000,2.90537000000000e+02,5.43307400000,0.0580000000,841.00,123.8020,5232.00,0.860000,0.891000,1,4,"Transit",2014
"NN Ser d","NN Ser",13.30000000,7.24622000000000e+02,2880.00000000000,3.3900000000,,,57000.00,0.535000,,2,2,"Eclipse Timing Variations",2010
"HD 214823 b","HD 214823",12.10000000,5.91478665427000e+03,1854.84424000000,3.0800000000,243.90,0.4586,6215.00,1.115000,2.040000,2,1,"Radial Velocity",2016
"Kepler-761 b","Kepler-761",2.03000000,,10.12804789000,0.0874000000,767.00,95.4470,5706.00,0.950000,0.930000,1,1,"Transit",2016
"TOI-216.01","TOI-216",10.10000000,1.77983907920000e+02,34.52552800000,0.2069000000,497.00,10.1000,5026.00,0.770000,0.748000,1,2,"Transit",2019
"TOI-1259 A b","TOI-1259 A",11.60000000,1.41000000000000e+02,3.47797920000,0.0408000000,963.00,153.1389,4775.00,0.746000,0.715000,2,1,"Transit",2021
"Kepler-107 e","Kepler-107",2.90300000,1.41000000000000e+01,14.74914300000,0.1263800000,955.00,138.7000,5854.00,1.238000,1.447000,1,4,"Transit",2014
"Kepler-450 c","Kepler-450",2.62000000,1.25000000000000e+01,15.41313500000,0.1335100000,944.00,213.7310,6197.21,1.190000,1.641620,1,3,"Transit",2015
"TOI-4578 b","TOI-4578",2.26974262,,8.62392630369,,842.42,119.0248,5951.32,1.077000,0.878735,1,1,"Transit",2026
"HD 1605 b","HD 1605",13.80000000,,577.20000000000,1.4920000000,362.48,2.9004,4915.00,1.330000,3.490000,1,2,"Radial Velocity",2015
"HD 210193 b","HD 210193",14.30000000,,649.91800000000,1.4870000000,235.69,0.5142,5790.00,1.040000,1.059710,1,1,"Radial Velocity",2019
"HD 108236 c","HD 108236",2.07100000,,6.20344900000,0.0620000000,932.00,162.1675,5660.00,0.869000,0.877000,1,5,"Transit",2020
"K2-392 b","K2-392",1.85000000,,15.39872300000,,,,5726.00,0.841000,1.058000,1,1,"Transit",2022
"TOI-4145 A b","TOI-4145 A",13.30506009,1.36666215010000e+02,4.06644280000,0.0482300000,1074.00,223.0000,5281.00,0.905000,0.859000,2,1,"Transit",2023
"TOI-4379 b","TOI-4379",16.69017226,3.53743016991000e+02,3.25352000000,,1869.38,2886.0903,6020.00,1.372000,1.976000,1,1,"Transit",2024
"Kepler-1663 b","Kepler-1663",3.30395896,,17.60460000000,0.1072000000,362.00,4.0700,3844.00,0.610816,0.628590,1,1,"Transit",2020
"Kepler-273 c","Kepler-273",1.98000000,,8.01492700000,0.0730000000,865.00,74.8870,5626.00,0.756000,0.815000,1,2,"Transit",2014
"GJ 3138 c","GJ 3138",1.88000000,,5.97400000000,0.0570000000,530.85,13.9000,3717.00,0.681000,0.500000,1,3,"Radial Velocity",2017
"K2-291 b","K2-291",1.58900000,6.49000000000000e+00,2.22517700000,0.0326100000,1278.00,633.0000,5520.00,0.934000,0.899000,1,1,"Transit",2019
"HD 39855 b","HD 39855",2.85000000,,3.24980000000,0.0410000000,1145.89,287.2000,5576.00,0.870000,0.744665,1,1,"Radial Velocity",2019
"HIP 90988 b","HIP 90988",13.40000000,,455.73816000000,1.3600000000,400.77,4.1955,4883.00,1.613000,3.940000,1,1,"Radial Velocity",2021
"TOI-558 b","TOI-558",12.17295304,1.14736054927000e+03,14.57407100000,0.1291000000,1061.00,248.8554,6466.00,1.349000,1.496000,1,1,"Transit",2021
"GPX-1 b","GPX-1",16.47720163,6.26121961790000e+03,1.74457900000,0.0338000000,2300.00,4650.0000,7000.00,1.680000,1.560000,1,1,"Transit",2021
"TOI-3819 b","TOI-3819",13.13692538,3.52789531770000e+02,3.24431410000,0.0461100000,1633.00,1186.0000,5859.00,1.242000,1.538000,1,1,"Transit",2023
"Kepler-181 b","Kepler-181",1.27000000,,3.13787300000,0.0400000000,1041.00,255.5840,5333.00,0.810000,0.749000,1,2,"Transit",2014
"K2-38 c","K2-38",2.29000000,8.30000000000000e+00,10.56103000000,0.0951400000,916.00,117.0000,5731.00,1.030000,1.060000,1,2,"Transit",2016
"HD 224538 b","HD 224538",12.70000000,2.07573732611700e+03,1202.05199000000,2.3750000000,236.74,0.5230,6097.00,1.230000,1.540000,1,1,"Radial Velocity",2016
"GJ 273 b","GJ 273",1.51000000,,18.64980000000,0.0911010000,292.47,1.0600,3382.00,0.290000,0.293000,1,2,"Radial Velocity",2017
"K2-292 b","K2-292",2.63000000,2.45000000000000e+01,16.98410000000,0.1300000000,795.00,67.0000,5725.00,1.000000,1.090000,1,1,"Transit",2019
"GJ 4276 b","GJ 4276",4.22000000,,13.35200000000,0.0820000000,363.86,2.9298,3387.00,0.406000,0.407000,1,1,"Radial Velocity",2019
"HD 102843 b","HD 102843",13.10000000,,3090.94200000000,4.0740000000,127.34,0.0438,5436.00,0.950000,0.961488,1,1,"Radial Velocity",2019
"Kepler-271 b","Kepler-271",1.23000000,,10.43547805000,0.0878400000,759.00,75.9570,5555.00,0.900000,0.870000,1,3,"Transit",2014
"CFHTWIR-Oph 98 b","CFHTWIR-Oph 98 A",20.84870410,2.47906157460000e+03,8040000.00000000000,200.0000000000,1800.00,0.0000,2320.00,0.014700,0.245000,1,1,"Imaging",2020
"TOI-1431 b","TOI-1431",16.70138124,9.91624629840000e+02,2.65023700000,0.0460000000,2370.00,5300.0000,7690.00,1.900000,1.920000,1,1,"Transit",2021
"K2-395 c","K2-395",3.39500000,,8.49128200000,,,,5007.00,0.952000,0.783000,1,2,"Transit",2022
"TOI-4406 b","TOI-4406",11.20898070,9.53485221000000e+01,30.08364000000,0.2010000000,904.00,58.0054,6219.00,1.190000,1.290000,1,1,"Transit",2023
"Kepler-149 d","Kepler-149",3.96000000,,160.01803200000,0.5710000000,306.00,2.4460,5381.00,1.013000,0.953000,1,3,"Transit",2014
"TOI-4405 b","TOI-4405",2.55505441,,5.92143995316,,671.87,48.1559,4467.38,0.680000,0.687025,1,1,"Transit",2026
"TOI-5027 b","TOI-5027",10.76062147,6.42013382140000e+02,10.24368000000,0.0930000000,1056.00,190.9120,5909.00,1.020000,0.920000,1,1,"Transit",2025
"GJ 273 c","GJ 273",1.06000000,,4.72340000000,0.0364670000,462.26,6.6600,3382.00,0.290000,0.293000,1,2,"Radial Velocity",2017
"HD 20781 d","HD 20781",3.25000000,,29.15800000000,0.1647000000,570.19,18.0638,5256.00,0.700000,0.833609,2,5,"Radial Velocity",2019
"HD 110113 b","HD 110113",2.05000000,4.55000000000000e+00,2.54100000000,0.0350000000,1371.00,735.4900,5732.00,0.997000,0.968000,1,2,"Transit",2021
"HAT-P-63 b","HAT-P-63",12.54284940,1.95146641898000e+02,3.37772800000,0.0429400000,1237.00,387.4000,5400.00,0.925000,0.966100,1,1,"Transit",2021
"K2-398 b","K2-398",2.27400000,,6.39302500000,,,,5946.00,0.945000,1.239000,1,2,"Transit",2022
"TOI-3862 b","TOI-3862",5.53000000,5.37000000000000e+01,1.55745774000,0.0253900000,1539.00,358.8390,5300.00,0.900000,0.920000,1,1,"Transit",2026
"Kepler-284 c","Kepler-284",2.61000000,,37.51445600000,0.2130000000,478.00,9.0420,5615.00,0.766000,0.814000,1,2,"Transit",2014
"TOI-4662 b","TOI-4662",2.87998299,,4.70343764575,,741.00,50.1040,4520.41,0.703000,0.693750,1,1,"Transit",2026
"HD 7924 c","HD 7924",,1.76267634522200e+03,15.29900000000,0.1134000000,583.60,28.3500,5075.00,0.832000,0.782100,1,3,"Radial Velocity",2015
"NGC 2682 YBP 401 b","NGC 2682 YBP 401",14.30000000,,4.08700000000,,,,6165.00,1.140000,1.215821,1,1,"Radial Velocity",2016
"WASP-142 b","WASP-142",17.14977000,2.66977200000000e+02,2.05286800000,0.0347000000,2000.00,3140.9238,6010.00,1.330000,1.640000,1,1,"Transit",2016
"WASP-171 b","WASP-171",10.98482000,3.44527720000000e+02,3.81862440000,0.0504000000,1642.00,1200.2400,5965.00,1.171000,1.637000,1,1,"Transit",2019
"TOI-1789 b","TOI-1789",16.14093221,2.22479884900000e+02,3.20866400000,0.0488200000,1927.00,2300.0000,5991.00,1.507000,2.168000,1,1,"Transit",2021
"HD 35843 c","HD 35843",2.54000000,1.13200000000000e+01,46.96220000000,0.2500000000,479.00,11.3814,5666.00,0.940000,0.897000,1,2,"Transit",2025
"TOI-4666 b","TOI-4666",12.53164042,1.55418091023000e+02,2.90891650000,0.0340000000,695.00,55.6000,3793.00,0.576000,0.585000,1,1,"Transit",2025
"BD+20 594 b","BD+20 594",2.57807000,2.22481000000000e+01,41.68550000000,0.2410000000,546.00,15.1513,5766.00,1.670000,1.080000,1,1,"Transit",2016
"Kepler-19 d","Kepler-19",5.06000000,2.25000000000000e+01,62.95000000000,,,,5544.00,0.936000,0.859000,1,3,"Radial Velocity",2017
"GJ 143 b","GJ 143",2.61000000,2.27000000000000e+01,35.61253000000,0.1915000000,422.00,7.0423,4640.00,0.730000,0.695000,1,2,"Transit",2019
"WASP-182 b","WASP-182",9.52765000,4.70388400000000e+01,3.37698480000,0.0451000000,1479.00,756.2610,5638.00,1.076000,1.340000,1,1,"Transit",2019
"HD 107148 c","HD 107148",4.70000000,,18.32670000000,0.1407000000,799.68,66.7145,5752.92,1.105215,1.169193,2,2,"Radial Velocity",2021
"Kepler-833 b","Kepler-833",2.02000000,,18.75469980000,0.1139000000,382.00,8.3130,4339.00,0.640000,0.620000,1,1,"Transit",2016
"Kepler-94 b","Kepler-94",3.51000000,1.08400000000000e+01,2.50806000000,0.0337700000,997.00,216.0940,4781.00,0.810000,0.760000,1,2,"Transit",2014
"TOI-4463 A b","TOI-4463 A",13.26022417,2.52355755158000e+02,2.88071980000,0.0403600000,1395.00,633.0000,5640.00,1.056000,1.062000,2,1,"Transit",2023
"HATS-9 b","HATS-9",13.85000000,2.66023710000000e+02,1.91529100000,0.0312000000,1746.00,2292.0839,5599.00,1.100000,1.560000,1,1,"Transit",2015
"TYC 0434-04538-1 b","TYC 0434-04538-1",12.70000000,,193.20000000000,0.6600000000,877.80,107.3772,4679.00,1.040000,9.990000,1,1,"Radial Velocity",2021
"Kepler-839 b","Kepler-839",2.57000000,,37.81445140000,0.2316000000,626.00,46.3030,6058.00,1.220000,1.310000,1,1,"Transit",2016
"HD 27969 b","HD 27969",12.90000000,,654.50000000000,1.5520000000,261.00,0.7600,5966.00,1.160000,1.270000,1,1,"Radial Velocity",2021
"TOI-3912 b","TOI-3912",14.28024141,1.29038333242000e+02,3.49362640000,0.0463000000,1512.00,872.2000,5725.00,1.088000,1.392000,1,1,"Transit",2023
"Kepler-294 b","Kepler-294",1.77000000,,3.70121200000,0.0480000000,1087.00,329.8010,5913.00,0.947000,0.976000,1,2,"Transit",2014
"TOI-4487 A b","TOI-4487 A",14.60530185,3.97285508750000e+02,3.95407090000,0.0544800000,1639.00,1203.0000,6206.00,1.378000,1.634000,2,1,"Transit",2025
"K2-251 b","K2-251",2.35000000,,9.30075000000,0.0694000000,437.00,9.4444,3717.00,0.520000,0.490000,1,1,"Transit",2018
"GJ 3512 b","GJ 3512",14.30000000,,203.10900000000,0.3376000000,97.19,0.0138,3141.00,0.123000,0.139000,1,2,"Radial Velocity",2019
"HD 145675 c","14 Her",12.60000000,2.51084441530000e+03,15732.45889000000,20.0000000000,55.51,0.0018,5338.00,0.970000,0.930000,1,2,"Radial Velocity",2021
"HD 95544 b","HD 95544",12.80000000,1.91364483854700e+03,2041.54152000000,3.1660000000,156.50,0.1000,5722.00,1.010000,1.088000,1,1,"Radial Velocity",2021
"Kepler-309 b","Kepler-309",1.56000000,,5.92365300000,0.0590000000,531.00,99.4930,4713.00,0.816000,0.721000,1,2,"Transit",2014
"WASP-74 b","WASP-74",15.24424000,2.28837600000000e+02,2.13775000000,0.0344300000,1865.00,531.1590,5990.00,0.980000,1.420000,1,1,"Transit",2015
"Qatar-7 b","Qatar-7",19.05530000,5.97520400000000e+02,2.03204600000,0.0352000000,2053.00,2886.2922,6387.00,1.409000,1.564000,1,1,"Transit",2019
"Kepler-270 b","Kepler-270",2.01000000,,11.47609400000,0.1070000000,984.00,178.3620,6067.00,1.170000,1.461000,1,2,"Transit",2014
"TOI-628 b","TOI-628",11.88154000,2.01186390000000e+03,3.40956750000,0.0486000000,1586.00,1052.9000,6250.00,1.311000,1.345000,1,1,"Transit",2021
"HD 168009 b","HD 168009",3.05000000,,15.14790000000,0.1192000000,887.57,99.3735,5778.33,0.986073,1.209505,1,1,"Radial Velocity",2021
"HD 164922 e","HD 164922",3.23000000,,41.76300000000,0.2292000000,543.73,13.3822,5393.43,0.921146,1.001813,1,4,"Radial Velocity",2021
"HD 115954 b","HD 115954",12.60000000,2.68565003915000e+03,3700.00000000000,5.0000000000,144.90,0.0640,5957.00,1.180000,1.213000,1,1,"Radial Velocity",2021
"TOI-1278 b","TOI-1278",12.21778896,5.87982552950000e+03,14.47567000000,0.0950000000,407.87,6.5402,3799.00,0.540000,0.573000,1,1,"Transit",2021
"LHS 1678 b","LHS 1678",0.68500000,3.50000000000000e-01,0.86023250000,0.0123900000,830.44,94.3000,3490.00,0.345000,0.329000,2,3,"Transit",2021
"TOI-3980 b","TOI-3980",14.45958510,1.87518760130000e+02,3.60892540000,0.0494000000,1621.00,1153.0000,5840.00,1.240000,1.626000,1,1,"Transit",2025
"Kepler-903 b","Kepler-903",2.01000000,,10.35077210000,0.0908100000,842.00,274.8450,5682.00,0.980000,0.970000,1,2,"Transit",2016
"Kepler-84 c","Kepler-84",2.36000000,2.02000000000000e+01,12.88300000000,0.1072000000,865.00,132.2300,6039.00,1.000000,1.430000,1,5,"Transit",2012
"TOI-4507 b","TOI-4507",8.20000000,2.00000000000000e+01,104.61611000000,0.4560000000,464.80,23.5778,6260.00,1.110000,1.040000,1,1,"Transit",2025
"TOI-5160 b","TOI-5160",2.39729851,,4.28077325600,,1016.00,177.5370,5622.14,1.003000,1.033150,1,1,"Transit",2026
"EPIC 211822797 b","EPIC 211822797",1.92000000,,21.17019630000,0.1195000000,431.00,3.5000,4057.00,0.620000,0.580000,1,1,"Transit",2016
"K2-254 c","K2-254",2.19000000,,12.11839000000,0.0923000000,551.00,17.6668,4629.00,0.710000,0.670000,1,2,"Transit",2018
"GJ 160.2 b","GJ 160.2",3.17000000,,5.23540000000,0.0530000000,736.99,56.9598,4347.00,0.690000,0.655173,1,1,"Radial Velocity",2014
"HD 39194 d","HD 39194",2.12000000,,33.87400000000,0.1949000000,503.31,10.2669,5205.00,0.860000,0.783742,1,3,"Radial Velocity",2021
"Kepler-304 b","Kepler-304",2.86000000,,3.29570900000,0.0390000000,875.00,139.1460,4731.00,0.737000,0.687000,1,4,"Transit",2014
"Kepler-1756 b","Kepler-1756",1.47199944,,2.35575008400,0.0319000000,1093.00,338.4000,4915.00,0.781000,0.812000,1,1,"Transit",2021
"EPIC 206317286 c","EPIC 206317286",2.09400000,,17.51547200000,,,,4752.00,0.832000,0.758000,1,2,"Transit",2022
"Kepler-195 b","Kepler-195",2.03000000,,8.30787200000,0.0770000000,751.00,74.1480,5329.00,0.867000,0.775000,1,2,"Transit",2014
"K2-28 b","K2-28",2.32000000,,2.26045500000,0.0214000000,568.00,30.1000,3214.00,0.257000,0.288000,1,1,"Transit",2016
"Kepler-1724 b","Kepler-1724",2.83677238,,6.45442009000,0.0683000000,999.00,234.9800,6092.00,1.016000,0.943000,1,1,"Transit",2021
"HAT-P-7 b","HAT-P-7",16.92559000,5.84807200000000e+02,2.20474000000,0.0380900000,2733.00,4353.4080,6389.00,1.560000,2.000000,3,1,"Transit",2008
"Kepler-551 b","Kepler-551",2.73000000,,12.37646610000,0.0893000000,483.00,14.3860,4286.00,0.650000,0.630000,1,1,"Transit",2016
"K2-44 b","K2-44",2.43300000,,5.65700000000,0.0600000000,1211.00,646.0000,5912.00,1.150000,1.580000,1,1,"Transit",2016
"K2-27 b","K2-27",4.74000000,3.02000000000000e+01,6.77134700000,0.0670200000,836.00,116.0000,5246.00,0.880000,0.876000,3,1,"Transit",2016
"K2-378 b","K2-378",2.88000000,,2.06043800000,,,,4823.00,0.923000,0.732000,1,1,"Transit",2022
"K2-42 b","K2-42",2.15000000,,6.68796000000,0.0617000000,718.09,44.1000,4613.00,0.702000,0.643000,1,1,"Transit",2016
"K2-193 b","K2-193",3.95000000,,14.78688900000,0.1184000000,739.00,59.9210,5817.00,1.010000,0.980000,1,1,"Transit",2018
"Kepler-452 b","Kepler-452",1.63000000,,384.84300000000,1.0460000000,265.00,1.1000,5757.00,1.037000,1.110000,1,1,"Transit",2015
"Kepler-220 c","Kepler-220",1.57000000,,9.03419900000,0.0760000000,586.00,37.3210,4632.00,0.729000,0.666000,1,4,"Transit",2014
"Kepler-228 d","Kepler-228",4.04000000,,11.09428600000,0.1010000000,835.00,122.7780,6043.00,1.006000,1.014000,1,3,"Transit",2014
"Kepler-565 b","Kepler-565",3.64000000,,4.24374722600,0.0501000000,1063.00,301.4600,5735.00,0.980000,0.950000,1,1,"Transit",2016
"K2-35 b","K2-35",1.32000000,,2.39996400000,0.0310000000,979.00,211.0000,4402.71,0.701968,0.619575,1,2,"Transit",2016
"Kepler-1720 b","Kepler-1720",3.21585295,,12.70639992000,0.1043000000,697.00,55.8600,5573.00,0.939000,0.839000,1,1,"Transit",2021
"K2-368 b","K2-368",1.33200000,,5.02559800000,,,,4663.00,0.746000,0.663000,1,3,"Transit",2022
